Mean data for UKR  Province= 22: Ternopil',  from 1982 to 2020, weekly<br><tt><pre>1982, 1, 0.045,256.19, 38.16, 59.38, 48.77,
1982, 2, 0.047,258.77, 42.75, 49.09, 45.92,
1982, 3, 0.045,260.25, 43.44, 43.56, 43.50,
1982, 4, 0.040,261.37, 37.43, 40.81, 39.12,
1982, 5, 0.037,262.61, 30.04, 41.17, 35.60,
1982, 6, 0.035,263.47, 24.65, 42.49, 33.57,
1982, 7, 0.035,264.14, 22.80, 43.61, 33.20,
1982, 8, 0.037,265.79, 22.50, 42.95, 32.73,
1982, 9, 0.038,267.78, 21.73, 43.87, 32.80,
1982,10, 0.041,270.26, 20.93, 43.98, 32.46,
1982,11, 0.049,273.33, 21.53, 40.51, 31.02,
1982,12, 0.063,276.55, 22.84, 39.21, 31.03,
1982,13, 0.077,279.11, 21.73, 40.66, 31.20,
1982,14, 0.093,281.10, 18.76, 44.05, 31.41,
1982,15, 0.103,282.32, 11.12, 54.52, 32.82,
1982,16, 0.123,284.04,  6.16, 65.17, 35.66,
1982,17, 0.152,286.30,  4.88, 69.61, 37.25,
1982,18, 0.187,288.69,  5.75, 66.35, 36.05,
1982,19, 0.232,291.00,  8.51, 59.10, 33.80,
1982,20, 0.274,292.49, 11.15, 55.97, 33.56,
1982,21, 0.314,293.12, 14.15, 58.36, 36.25,
1982,22, 0.341,293.21, 14.80, 62.46, 38.63,
1982,23, 0.353,292.78, 13.56, 69.03, 41.30,
1982,24, 0.357,292.54, 11.42, 72.89, 42.16,
1982,25, 0.368,292.46, 12.87, 74.98, 43.92,
1982,26, 0.378,292.65, 14.86, 74.34, 44.60,
1982,27, 0.387,293.16, 19.00, 70.19, 44.60,
1982,28, 0.390,293.71, 24.17, 65.46, 44.81,
1982,29, 0.397,294.38, 35.17, 59.12, 47.15,
1982,30, 0.399,294.98, 43.68, 52.03, 47.86,
1982,31, 0.390,295.38, 43.73, 46.66, 45.20,
1982,32, 0.381,295.58, 43.23, 42.69, 42.96,
1982,33, 0.374,295.57, 43.90, 39.04, 41.47,
1982,34, 0.367,295.56, 45.74, 35.10, 40.42,
1982,35, 0.355,295.24, 47.72, 32.23, 39.98,
1982,36, 0.337,294.65, 49.20, 26.49, 37.84,
1982,37, 0.314,293.71, 48.10, 22.36, 35.23,
1982,38, 0.293,292.29, 45.56, 21.52, 33.54,
1982,39, 0.270,290.55, 41.28, 22.73, 32.01,
1982,40, 0.246,288.61, 36.88, 23.83, 30.35,
1982,41, 0.223,286.91, 36.01, 17.90, 26.95,
1982,42, 0.205,285.23, 39.53, 16.31, 27.92,
1982,43, 0.183,283.46, 42.48, 15.02, 28.75,
1982,44, 0.160,281.42, 43.83, 13.68, 28.75,
1982,45, 0.135,279.17, 42.66, 13.58, 28.12,
1982,46, 0.113,277.21, 41.37, 14.07, 27.72,
1982,47, 0.096,275.18, 42.50, 15.66, 29.08,
1982,48, 0.083,272.89, 43.14, 19.05, 31.09,
1982,49, 0.073,270.76, 42.32, 21.89, 32.11,
1982,50, 0.064,268.64, 40.27, 23.58, 31.92,
1982,51, 0.058,266.02, 42.01, 27.57, 34.79,
1982,52, 0.053,264.14, 41.76, 30.98, 36.37,
1983, 1, 0.049,263.40, 41.79, 31.39, 36.59,
1983, 2, 0.050,264.48, 45.57, 26.93, 36.25,
1983, 3, 0.053,266.35, 52.39, 20.21, 36.30,
1983, 4, 0.057,268.01, 55.18, 16.89, 36.04,
1983, 5, 0.058,268.44, 48.91, 21.90, 35.40,
1983, 6, 0.056,268.89, 40.92, 25.56, 33.24,
1983, 7, 0.057,270.51, 38.61, 24.26, 31.44,
1983, 8, 0.059,271.53, 36.60, 25.95, 31.27,
1983, 9, 0.062,271.98, 35.77, 31.21, 33.49,
1983,10, 0.069,273.26, 36.48, 34.82, 35.65,
1983,11, 0.077,274.18, 35.89, 38.18, 37.04,
1983,12, 0.092,275.32, 36.80, 44.33, 40.57,
1983,13, 0.112,276.67, 38.01, 50.46, 44.24,
1983,14, 0.136,278.75, 38.30, 54.78, 46.54,
1983,15, 0.171,282.38, 41.24, 53.34, 47.29,
1983,16, 0.212,285.33, 45.19, 55.11, 50.15,
1983,17, 0.258,287.92, 50.07, 55.79, 52.93,
1983,18, 0.307,289.92, 56.49, 54.85, 55.67,
1983,19, 0.353,291.43, 60.81, 54.53, 57.67,
1983,20, 0.388,293.19, 62.77, 48.86, 55.81,
1983,21, 0.410,293.63, 61.14, 52.91, 57.03,
1983,22, 0.424,293.83, 58.44, 55.98, 57.21,
1983,23, 0.430,293.97, 55.67, 56.96, 56.31,
1983,24, 0.418,293.15, 45.30, 66.44, 55.87,
1983,25, 0.413,293.26, 38.51, 65.77, 52.14,
1983,26, 0.409,293.77, 33.73, 60.83, 47.28,
1983,27, 0.399,293.59, 26.63, 64.71, 45.67,
1983,28, 0.381,293.17, 18.31, 72.26, 45.29,
1983,29, 0.365,292.63, 15.79, 80.68, 48.23,
1983,30, 0.355,292.43, 17.77, 83.29, 50.53,
1983,31, 0.361,292.71, 26.54, 79.84, 53.19,
1983,32, 0.366,293.12, 34.42, 72.92, 53.67,
1983,33, 0.371,293.77, 42.66, 60.99, 51.83,
1983,34, 0.375,294.16, 51.23, 51.80, 51.52,
1983,35, 0.376,294.52, 60.46, 40.09, 50.27,
1983,36, 0.366,293.93, 65.08, 33.32, 49.20,
1983,37, 0.344,292.64, 63.88, 31.48, 47.68,
1983,38, 0.326,291.65, 62.30, 27.20, 44.75,
1983,39, 0.307,290.25, 60.24, 25.55, 42.89,
1983,40, 0.276,288.12, 53.34, 28.92, 41.13,
1983,41, 0.239,285.74, 45.09, 30.59, 37.84,
1983,42, 0.201,283.36, 37.47, 34.16, 35.82,
1983,43, 0.164,281.20, 31.93, 32.97, 32.45,
1983,44, 0.134,278.33, 28.57, 34.53, 31.55,
1983,45, 0.109,275.12, 25.60, 37.50, 31.55,
1983,46, 0.087,271.88, 23.88, 40.75, 32.31,
1983,47, 0.071,269.13, 24.06, 42.32, 33.19,
1983,48, 0.059,267.58, 24.68, 40.93, 32.80,
1983,49, 0.049,266.11, 22.86, 40.81, 31.84,
1983,50, 0.042,264.84, 20.53, 39.23, 29.88,
1983,51, 0.038,264.43, 22.63, 33.99, 28.31,
1983,52, 0.039,264.17, 27.82, 30.59, 29.20,
1984, 1, 0.041,263.38, 33.19, 31.14, 32.17,
1984, 2, 0.040,261.79, 34.63, 37.01, 35.82,
1984, 3, 0.038,260.25, 35.18, 43.26, 39.22,
1984, 4, 0.035,259.31, 31.02, 48.28, 39.65,
1984, 5, 0.031,257.87, 24.58, 57.35, 40.96,
1984, 6, 0.029,256.18, 20.02, 66.17, 43.09,
1984, 7, 0.028,255.02, 18.12, 72.59, 45.36,
1984, 8, 0.027,254.88, 16.97, 77.21, 47.09,
1984, 9, 0.028,255.94, 16.44, 82.13, 49.29,
1984,10, 0.031,257.66, 16.07, 85.82, 50.94,
1984,11, 0.039,261.21, 16.72, 84.00, 50.36,
1984,12, 0.051,266.56, 17.30, 77.16, 47.23,
1984,13, 0.068,271.92, 17.25, 70.07, 43.66,
1984,14, 0.092,276.70, 18.20, 65.50, 41.85,
1984,15, 0.120,280.81, 18.52, 63.76, 41.14,
1984,16, 0.153,284.93, 18.98, 59.00, 38.99,
1984,17, 0.185,288.14, 18.66, 54.61, 36.64,
1984,18, 0.223,290.15, 20.67, 53.28, 36.98,
1984,19, 0.262,291.04, 21.30, 58.44, 39.87,
1984,20, 0.296,291.20, 21.14, 68.32, 44.73,
1984,21, 0.330,291.43, 22.35, 75.20, 48.78,
1984,22, 0.362,291.24, 26.05, 82.12, 54.09,
1984,23, 0.378,290.64, 27.89, 90.32, 59.10,
1984,24, 0.396,290.71, 34.01, 91.97, 62.99,
1984,25, 0.406,290.95, 35.95, 91.38, 63.67,
1984,26, 0.409,290.95, 34.97, 93.44, 64.20,
1984,27, 0.413,291.17, 36.81, 93.68, 65.25,
1984,28, 0.418,291.66, 44.19, 90.93, 67.56,
1984,29, 0.424,292.34, 53.47, 85.24, 69.36,
1984,30, 0.419,292.74, 56.83, 80.74, 68.79,
1984,31, 0.404,292.73, 53.28, 80.27, 66.78,
1984,32, 0.392,292.66, 50.62, 78.78, 64.70,
1984,33, 0.377,292.13, 46.28, 80.93, 63.60,
1984,34, 0.365,291.91, 44.80, 79.13, 61.97,
1984,35, 0.342,291.24, 39.87, 76.91, 58.39,
1984,36, 0.313,290.21, 36.04, 70.25, 53.15,
1984,37, 0.288,289.27, 35.44, 60.53, 47.99,
1984,38, 0.261,287.97, 30.34, 59.79, 45.06,
1984,39, 0.233,286.31, 23.07, 63.17, 43.12,
1984,40, 0.211,284.63, 18.85, 65.69, 42.27,
1984,41, 0.194,282.56, 20.32, 65.09, 42.70,
1984,42, 0.175,280.96, 23.47, 56.93, 40.20,
1984,43, 0.149,278.79, 23.51, 51.83, 37.67,
1984,44, 0.120,275.69, 20.17, 51.94, 36.06,
1984,45, 0.099,271.05, 19.28, 61.13, 40.20,
1984,46, 0.084,267.14, 21.56, 63.98, 42.77,
1984,47, 0.075,264.76, 26.93, 61.27, 44.10,
1984,48, 0.072,263.57, 34.50, 57.23, 45.87,
1984,49, 0.069,264.48, 38.49, 47.35, 42.92,
1984,50,-1.000, -1.00, -1.00, -1.00, -1.00,
1984,51,-1.000, -1.00, -1.00, -1.00, -1.00,
1984,52,-1.000, -1.00, -1.00, -1.00, -1.00,
1985, 1,-1.000, -1.00, -1.00, -1.00, -1.00,
1985, 2,-1.000, -1.00, -1.00, -1.00, -1.00,
1985, 3,-1.000, -1.00, -1.00, -1.00, -1.00,
1985, 4,-1.000, -1.00, -1.00, -1.00, -1.00,
1985, 5,-1.000, -1.00, -1.00, -1.00, -1.00,
1985, 6,-1.000, -1.00, -1.00, -1.00, -1.00,
1985, 7,-1.000, -1.00, -1.00, -1.00, -1.00,
1985, 8,-1.000, -1.00, -1.00, -1.00, -1.00,
1985, 9, 0.037,261.16, 20.22, 65.52, 42.87,
1985,10, 0.037,259.83, 18.51, 78.39, 48.45,
1985,11, 0.043,262.93, 18.70, 77.48, 48.09,
1985,12, 0.056,267.31, 19.61, 73.50, 46.56,
1985,13, 0.076,273.57, 21.44, 62.91, 42.17,
1985,14, 0.104,279.79, 24.11, 49.89, 37.00,
1985,15, 0.139,285.16, 27.02, 36.12, 31.57,
1985,16, 0.179,288.91, 30.48, 28.37, 29.43,
1985,17, 0.217,291.60, 32.44, 24.59, 28.51,
1985,18, 0.249,293.39, 31.61, 23.59, 27.60,
1985,19, 0.287,294.67, 32.01, 24.13, 28.07,
1985,20, 0.321,295.36, 32.40, 27.92, 30.16,
1985,21, 0.349,294.80, 31.05, 41.38, 36.22,
1985,22, 0.371,294.42, 30.58, 50.28, 40.43,
1985,23, 0.383,293.74, 30.03, 59.39, 44.71,
1985,24, 0.386,292.38, 27.98, 74.72, 51.35,
1985,25, 0.393,291.97, 27.90, 80.59, 54.25,
1985,26, 0.401,292.25, 29.00, 79.15, 54.08,
1985,27, 0.407,292.66, 32.13, 76.52, 54.32,
1985,28, 0.408,293.15, 36.53, 72.91, 54.72,
1985,29, 0.411,293.86, 44.59, 66.13, 55.36,
1985,30, 0.413,294.68, 52.61, 56.12, 54.37,
1985,31, 0.408,295.50, 55.21, 45.14, 50.17,
1985,32, 0.406,296.11, 59.19, 36.16, 47.68,
1985,33, 0.395,296.22, 57.90, 31.22, 44.56,
1985,34, 0.379,296.11, 53.27, 28.70, 40.99,
1985,35, 0.354,295.33, 46.72, 31.18, 38.95,
1985,36, 0.329,293.96, 44.69, 32.99, 38.84,
1985,37, 0.307,292.47, 44.81, 32.87, 38.84,
1985,38, 0.286,291.15, 41.96, 31.57, 36.77,
1985,39, 0.260,289.40, 36.34, 33.75, 35.04,
1985,40, 0.227,287.12, 26.61, 39.86, 33.24,
1985,41, 0.187,284.04, 16.39, 49.35, 32.87,
1985,42, 0.153,280.99, 11.10, 57.11, 34.10,
1985,43, 0.124,278.18,  9.91, 57.33, 33.62,
1985,44, 0.101,275.09,  8.56, 56.34, 32.45,
1985,45, 0.081,271.55,  7.44, 58.55, 33.00,
1985,46, 0.059,266.62,  4.92, 66.89, 35.90,
1985,47, 0.043,262.93,  3.22, 69.24, 36.23,
1985,48, 0.031,259.80,  2.98, 72.58, 37.78,
1985,49, 0.027,257.56,  3.26, 74.98, 39.12,
1985,50, 0.026,255.26,  5.70, 77.56, 41.63,
1985,51, 0.025,254.15, 10.06, 75.22, 42.64,
1985,52, 0.025,253.41, 13.17, 72.68, 42.92,
1986, 1, 0.025,252.41, 15.36, 73.71, 44.53,
1986, 2, 0.026,252.25, 19.58, 73.72, 46.65,
1986, 3, 0.027,252.44, 23.39, 72.69, 48.04,
1986, 4, 0.027,253.12, 23.53, 70.39, 46.96,
1986, 5, 0.027,253.23, 20.89, 72.49, 46.69,
1986, 6, 0.025,253.89, 17.71, 73.16, 45.44,
1986, 7, 0.023,255.31, 14.98, 71.51, 43.25,
1986, 8, 0.022,257.78, 13.63, 68.23, 40.93,
1986, 9, 0.023,260.71, 13.72, 67.12, 40.42,
1986,10, 0.029,264.41, 14.69, 63.98, 39.34,
1986,11, 0.041,268.41, 17.37, 58.79, 38.08,
1986,12, 0.057,273.87, 20.02, 50.03, 35.02,
1986,13, 0.076,279.19, 21.38, 41.00, 31.19,
1986,14, 0.106,283.39, 24.89, 33.15, 29.02,
1986,15, 0.144,287.54, 29.13, 22.38, 25.75,
1986,16, 0.185,290.35, 33.31, 18.19, 25.75,
1986,17, 0.239,292.64, 42.09, 16.06, 29.08,
1986,18, 0.296,294.64, 51.75, 12.58, 32.16,
1986,19, 0.340,295.93, 54.90, 12.59, 33.75,
1986,20, 0.373,297.01, 56.11, 12.35, 34.23,
1986,21, 0.398,297.51, 55.16, 14.60, 34.88,
1986,22, 0.417,297.56, 54.94, 18.85, 36.90,
1986,23, 0.432,297.79, 56.82, 18.51, 37.66,
1986,24, 0.436,297.56, 56.37, 19.17, 37.77,
1986,25, 0.434,297.23, 51.71, 20.26, 35.99,
1986,26, 0.424,296.79, 43.38, 24.26, 33.82,
1986,27, 0.414,296.39, 36.37, 29.54, 32.96,
1986,28, 0.400,296.15, 30.39, 33.91, 32.15,
1986,29, 0.383,295.98, 25.19, 38.44, 31.81,
1986,30, 0.371,295.93, 26.22, 40.35, 33.28,
1986,31, 0.366,295.90, 28.86, 40.70, 34.78,
1986,32, 0.360,295.22, 29.77, 48.14, 38.96,
1986,33, 0.353,294.78, 31.04, 49.67, 40.36,
1986,34, 0.345,294.08, 32.24, 53.89, 43.07,
1986,35, 0.335,293.30, 35.78, 54.43, 45.10,
1986,36, 0.327,292.46, 43.81, 48.15, 45.98,
1986,37, 0.314,291.23, 48.38, 43.56, 45.97,
1986,38, 0.299,290.02, 48.56, 41.48, 45.02,
1986,39, 0.282,288.74, 47.34, 40.03, 43.69,
1986,40, 0.261,287.23, 44.73, 38.66, 41.69,
1986,41, 0.231,285.50, 40.02, 33.49, 36.75,
1986,42, 0.200,283.86, 36.26, 29.66, 32.96,
1986,43, 0.165,281.42, 31.96, 31.21, 31.58,
1986,44, 0.128,278.73, 24.31, 31.69, 28.00,
1986,45, 0.098,276.82, 18.24, 27.30, 22.77,
1986,46, 0.075,274.82, 15.43, 25.84, 20.63,
1986,47, 0.060,272.37, 16.13, 27.93, 22.03,
1986,48, 0.051,269.33, 18.48, 33.67, 26.08,
1986,49, 0.046,265.06, 19.88, 44.90, 32.39,
1986,50, 0.043,260.88, 21.23, 55.14, 38.19,
1986,51, 0.040,257.99, 24.33, 60.10, 42.21,
1986,52, 0.038,255.24, 26.31, 65.86, 46.08,
1987, 1, 0.035,253.07, 26.75, 71.51, 49.13,
1987, 2, 0.033,252.06, 26.96, 74.78, 50.87,
1987, 3, 0.033,252.04, 29.98, 74.68, 52.33,
1987, 4, 0.031,251.92, 27.35, 74.99, 51.17,
1987, 5, 0.027,252.26, 21.33, 75.82, 48.58,
1987, 6, 0.026,253.12, 18.34, 75.51, 46.92,
1987, 7, 0.026,254.48, 16.84, 73.88, 45.36,
1987, 8, 0.027,256.22, 16.75, 72.88, 44.81,
1987, 9, 0.029,257.49, 17.13, 77.45, 47.29,
1987,10, 0.031,259.03, 15.96, 81.85, 48.91,
1987,11, 0.034,261.17, 14.03, 84.39, 49.21,
1987,12, 0.042,264.53, 12.96, 84.27, 48.62,
1987,13, 0.053,267.65, 10.61, 86.19, 48.40,
1987,14, 0.071,271.60,  8.66, 88.23, 48.45,
1987,15, 0.092,275.91,  6.09, 90.85, 48.47,
1987,16, 0.124,280.18,  6.34, 92.10, 49.22,
1987,17, 0.162,284.35,  9.02, 85.72, 47.37,
1987,18, 0.196,287.21,  9.42, 79.29, 44.35,
1987,19, 0.235,288.76, 10.12, 79.98, 45.05,
1987,20, 0.275,290.42, 11.60, 75.90, 43.75,
1987,21, 0.316,291.74, 14.96, 72.10, 43.53,
1987,22, 0.359,292.54, 24.19, 69.07, 46.63,
1987,23, 0.404,293.47, 41.21, 62.13, 51.67,
1987,24, 0.441,294.42, 58.82, 52.71, 55.76,
1987,25, 0.469,295.17, 73.04, 43.48, 58.26,
1987,26, 0.478,295.36, 78.08, 41.13, 59.61,
1987,27, 0.478,295.92, 79.52, 35.09, 57.31,
1987,28, 0.470,296.05, 78.26, 35.07, 56.67,
1987,29, 0.454,295.99, 73.29, 38.22, 55.75,
1987,30, 0.437,295.84, 68.19, 41.34, 54.76,
1987,31, 0.420,294.95, 62.77, 52.67, 57.72,
1987,32, 0.408,294.08, 60.34, 62.04, 61.19,
1987,33, 0.402,293.26, 62.01, 68.26, 65.13,
1987,34, 0.397,292.68, 65.34, 70.90, 68.12,
1987,35, 0.385,291.89, 66.13, 70.36, 68.25,
1987,36, 0.375,291.01, 70.35, 62.54, 66.45,
1987,37, 0.360,289.86, 71.74, 55.29, 63.51,
1987,38, 0.334,288.03, 66.23, 59.10, 62.67,
1987,39, 0.299,285.93, 56.07, 66.89, 61.48,
1987,40, 0.262,284.09, 45.59, 71.82, 58.70,
1987,41, 0.228,281.86, 38.92, 73.01, 55.97,
1987,42, 0.192,279.52, 32.12, 70.71, 51.42,
1987,43, 0.155,276.47, 26.82, 70.38, 48.60,
1987,44, 0.124,272.91, 22.31, 70.54, 46.43,
1987,45, 0.092,268.89, 14.90, 73.61, 44.25,
1987,46, 0.072,265.97, 13.84, 70.05, 41.95,
1987,47, 0.059,264.37, 15.95, 63.15, 39.55,
1987,48, 0.048,263.52, 16.64, 57.58, 37.11,
1987,49, 0.044,262.79, 18.42, 54.27, 36.34,
1987,50, 0.042,261.99, 21.24, 50.93, 36.08,
1987,51, 0.041,260.95, 25.91, 48.08, 37.00,
1987,52, 0.042,260.23, 31.67, 45.86, 38.77,
1988, 1, 0.045,260.02, 37.80, 43.91, 40.86,
1988, 2, 0.045,259.61, 41.21, 45.20, 43.20,
1988, 3, 0.046,259.89, 44.42, 44.48, 44.45,
1988, 4, 0.046,259.35, 43.75, 47.90, 45.82,
1988, 5, 0.046,258.75, 38.40, 53.97, 46.19,
1988, 6, 0.045,257.75, 32.79, 60.73, 46.76,
1988, 7, 0.045,256.68, 29.91, 67.03, 48.47,
1988, 8, 0.046,256.39, 28.67, 72.02, 50.35,
1988, 9, 0.049,257.06, 28.39, 77.00, 52.69,
1988,10, 0.052,258.86, 27.31, 79.39, 53.35,
1988,11, 0.059,262.08, 26.81, 78.32, 52.57,
1988,12, 0.070,266.66, 26.42, 74.64, 50.53,
1988,13, 0.085,271.75, 25.59, 69.27, 47.43,
1988,14, 0.110,276.85, 26.65, 63.74, 45.19,
1988,15, 0.139,280.28, 26.82, 65.87, 46.35,
1988,16, 0.172,283.28, 27.44, 70.03, 48.73,
1988,17, 0.205,285.43, 27.05, 76.30, 51.68,
1988,18, 0.235,287.32, 25.76, 77.68, 51.72,
1988,19, 0.266,288.87, 23.39, 77.89, 50.64,
1988,20, 0.298,290.11, 22.47, 78.02, 50.25,
1988,21, 0.327,291.05, 21.34, 78.35, 49.85,
1988,22, 0.349,291.34, 20.21, 80.53, 50.37,
1988,23, 0.369,291.68, 23.34, 79.81, 51.58,
1988,24, 0.391,292.46, 30.71, 73.75, 52.23,
1988,25, 0.405,292.91, 34.88, 69.91, 52.40,
1988,26, 0.417,293.45, 39.45, 64.94, 52.20,
1988,27, 0.430,294.08, 47.38, 58.80, 53.09,
1988,28, 0.438,294.62, 56.29, 53.69, 54.99,
1988,29, 0.439,294.93, 62.70, 52.02, 57.36,
1988,30, 0.431,294.87, 63.71, 53.79, 58.75,
1988,31, 0.418,294.49, 61.33, 58.30, 59.81,
1988,32, 0.410,294.51, 61.59, 56.40, 58.99,
1988,33, 0.398,294.32, 59.59, 54.72, 57.16,
1988,34, 0.378,293.26, 53.13, 63.32, 58.22,
1988,35, 0.356,291.97, 48.55, 68.92, 58.73,
1988,36, 0.334,290.63, 47.55, 65.76, 56.65,
1988,37, 0.312,289.52, 47.68, 58.23, 52.95,
1988,38, 0.290,288.27, 44.03, 57.27, 50.65,
1988,39, 0.276,287.24, 44.41, 54.25, 49.33,
1988,40, 0.268,286.37, 48.73, 47.28, 48.01,
1988,41, 0.265,283.84, 59.11, 51.23, 55.17,
1988,42, 0.244,281.61, 61.49, 50.88, 56.18,
1988,43, 0.217,278.60, 61.35, 53.69, 57.52,
1988,44, 0.183,275.59, 57.72, 52.92, 55.32,
1988,45, 0.147,272.76, 50.20, 51.27, 50.74,
1988,46, 0.115,270.06, 42.87, 49.58, 46.23,
1988,47, 0.089,267.04, 37.60, 51.18, 44.39,
1988,48, 0.074,264.71, 36.57, 52.35, 44.46,
1988,49, 0.063,262.92, 34.87, 53.33, 44.10,
1988,50, 0.051,262.37, 29.41, 48.98, 39.20,
1988,51, 0.050,263.35, 34.53, 38.55, 36.54,
1988,52, 0.052,265.02, 41.18, 27.94, 34.56,
1989, 1, 0.051,267.00, 43.20, 17.83, 30.52,
1989, 2, 0.054,268.97, 49.15, 10.09, 29.62,
1989, 3, 0.058,271.05, 56.54,  3.99, 30.27,
1989, 4, 0.063,272.98, 59.06,  1.48, 30.27,
1989, 5, 0.070,274.57, 57.76,  2.41, 30.09,
1989, 6, 0.076,275.65, 55.22,  4.06, 29.64,
1989, 7, 0.081,276.94, 54.10,  3.99, 29.05,
1989, 8, 0.088,278.43, 54.29,  4.36, 29.33,
1989, 9, 0.098,280.00, 55.91,  5.35, 30.63,
1989,10, 0.108,281.03, 56.94,  8.68, 32.81,
1989,11, 0.125,282.57, 59.75,  8.17, 33.96,
1989,12, 0.154,284.82, 66.58,  8.89, 37.73,
1989,13, 0.183,286.48, 70.57, 11.13, 40.85,
1989,14, 0.209,287.69, 71.31, 11.63, 41.47,
1989,15, 0.236,288.68, 70.37, 14.77, 42.57,
1989,16, 0.263,289.42, 67.74, 24.91, 46.32,
1989,17, 0.289,289.72, 63.82, 41.05, 52.43,
1989,18, 0.326,290.36, 64.25, 51.29, 57.77,
1989,19, 0.368,291.36, 67.16, 55.50, 61.33,
1989,20, 0.398,291.87, 67.71, 61.97, 64.84,
1989,21, 0.416,292.31, 64.03, 66.39, 65.21,
1989,22, 0.419,292.21, 55.78, 72.49, 64.13,
1989,23, 0.410,291.60, 45.15, 80.79, 62.97,
1989,24, 0.411,291.92, 42.02, 79.23, 60.63,
1989,25, 0.417,292.68, 41.66, 72.22, 56.94,
1989,26, 0.434,293.88, 49.85, 59.39, 54.62,
1989,27, 0.437,294.49, 51.73, 53.37, 52.55,
1989,28, 0.419,294.24, 43.46, 58.50, 50.98,
1989,29, 0.388,293.70, 29.43, 67.83, 48.63,
1989,30, 0.359,293.11, 19.54, 75.54, 47.54,
1989,31, 0.345,293.06, 16.74, 75.51, 46.13,
1989,32, 0.336,293.30, 15.67, 70.48, 43.07,
1989,33, 0.322,292.61, 12.36, 74.79, 43.57,
1989,34, 0.316,291.88, 14.44, 79.07, 46.75,
1989,35, 0.311,291.01, 21.57, 79.25, 50.41,
1989,36, 0.305,290.50, 31.75, 67.03, 49.39,
1989,37, 0.292,289.99, 37.25, 54.18, 45.72,
1989,38, 0.275,288.67, 36.84, 53.62, 45.23,
1989,39, 0.267,287.77, 40.20, 48.94, 44.57,
1989,40, 0.253,286.59, 40.83, 44.62, 42.73,
1989,41, 0.228,284.56, 38.98, 42.89, 40.93,
1989,42, 0.208,282.75, 41.40, 39.32, 40.36,
1989,43, 0.194,281.30, 48.86, 31.67, 40.27,
1989,44, 0.178,279.88, 54.82, 23.65, 39.24,
1989,45, 0.152,277.55, 53.44, 22.84, 38.14,
1989,46, 0.121,274.15, 46.94, 29.11, 38.02,
1989,47, 0.097,271.26, 43.63, 32.71, 38.17,
1989,48, 0.081,269.32, 42.53, 33.56, 38.04,
1989,49, 0.074,268.27, 44.70, 31.87, 38.28,
1989,50, 0.069,266.97, 45.82, 30.42, 38.12,
1989,51, 0.066,266.67, 50.28, 24.98, 37.63,
1989,52, 0.075,268.51, 64.09, 13.92, 39.01,
1990, 1, 0.080,269.90, 74.68,  6.19, 40.43,
1990, 2, 0.083,270.74, 80.89,  2.73, 41.81,
1990, 3, 0.086,271.21, 87.26,  1.74, 44.50,
1990, 4, 0.095,272.44, 92.33,  0.78, 46.56,
1990, 5, 0.110,274.82, 92.91,  0.14, 46.53,
1990, 6, 0.122,276.67, 90.05,  0.08, 45.06,
1990, 7, 0.132,278.00, 88.66,  0.11, 44.38,
1990, 8, 0.143,279.60, 88.44,  0.11, 44.27,
1990, 9, 0.153,281.37, 87.78,  0.17, 43.98,
1990,10, 0.168,283.45, 89.16,  0.27, 44.72,
1990,11, 0.186,284.48, 90.53,  1.05, 45.79,
1990,12, 0.208,287.07, 92.30,  0.46, 46.38,
1990,13, 0.229,289.21, 92.10,  0.36, 46.23,
1990,14, 0.250,289.92, 89.66,  1.21, 45.43,
1990,15, 0.272,290.01, 86.04,  7.09, 46.56,
1990,16, 0.299,289.84, 83.06, 22.18, 52.62,
1990,17, 0.337,290.32, 84.22, 36.18, 60.20,
1990,18, 0.380,291.37, 87.09, 42.41, 64.75,
1990,19, 0.412,292.27, 86.31, 47.01, 66.66,
1990,20, 0.433,292.77, 83.61, 53.14, 68.37,
1990,21, 0.442,292.87, 77.14, 60.78, 68.96,
1990,22, 0.442,292.91, 68.44, 65.50, 66.97,
1990,23, 0.444,293.25, 64.08, 64.37, 64.23,
1990,24, 0.448,293.82, 63.22, 59.07, 61.14,
1990,25, 0.451,294.88, 62.11, 46.83, 54.47,
1990,26, 0.448,295.46, 58.69, 39.83, 49.26,
1990,27, 0.443,295.68, 56.20, 37.99, 47.09,
1990,28, 0.438,295.86, 56.31, 37.19, 46.75,
1990,29, 0.426,296.05, 54.35, 36.95, 45.65,
1990,30, 0.413,296.28, 52.75, 35.22, 43.99,
1990,31, 0.403,296.58, 52.17, 31.26, 41.71,
1990,32, 0.393,296.90, 51.11, 26.51, 38.81,
1990,33, 0.380,296.53, 48.36, 27.46, 37.91,
1990,34, 0.357,295.22, 39.99, 39.47, 39.73,
1990,35, 0.327,293.55, 31.27, 51.23, 41.25,
1990,36, 0.294,291.41, 26.14, 57.91, 42.03,
1990,37, 0.270,289.91, 26.13, 54.66, 40.39,
1990,38, 0.254,288.99, 26.79, 50.81, 38.80,
1990,39, 0.246,288.36, 29.31, 43.64, 36.48,
1990,40, 0.237,287.23, 31.95, 38.29, 35.12,
1990,41, 0.224,286.05, 36.51, 27.13, 31.82,
1990,42, 0.201,284.89, 37.27, 19.56, 28.41,
1990,43, 0.171,282.37, 35.57, 23.63, 29.60,
1990,44, 0.144,279.98, 34.00, 23.19, 28.59,
1990,45, 0.119,278.10, 31.30, 19.64, 25.47,
1990,46, 0.098,275.95, 30.61, 20.09, 25.35,
1990,47, 0.081,273.58, 30.73, 22.51, 26.62,
1990,48, 0.066,271.64, 29.77, 24.11, 26.94,
1990,49, 0.053,269.45, 25.06, 27.17, 26.12,
1990,50, 0.046,268.06, 23.17, 26.02, 24.60,
1990,51, 0.044,266.90, 27.65, 24.21, 25.93,
1990,52, 0.045,266.21, 33.21, 23.16, 28.18,
1991, 1, 0.049,265.58, 40.99, 23.00, 32.00,
1991, 2, 0.051,264.75, 45.95, 25.88, 35.91,
1991, 3, 0.051,263.81, 48.88, 29.94, 39.41,
1991, 4, 0.047,261.41, 43.33, 40.90, 42.12,
1991, 5, 0.043,260.20, 34.93, 49.57, 42.25,
1991, 6, 0.040,260.66, 28.78, 51.83, 40.31,
1991, 7, 0.039,261.91, 25.54, 51.05, 38.30,
1991, 8, 0.039,264.30, 24.49, 48.09, 36.29,
1991, 9, 0.040,266.68, 23.42, 47.85, 35.63,
1991,10, 0.042,269.49, 21.69, 46.88, 34.29,
1991,11, 0.049,273.14, 21.88, 41.46, 31.67,
1991,12, 0.064,276.80, 23.41, 38.62, 31.01,
1991,13, 0.075,279.48, 20.73, 39.43, 30.08,
1991,14, 0.089,281.49, 17.07, 42.25, 29.66,
1991,15, 0.112,282.90, 14.99, 51.20, 33.10,
1991,16, 0.139,284.25, 13.03, 64.18, 38.60,
1991,17, 0.170,284.91, 12.35, 81.26, 46.81,
1991,18, 0.207,286.00, 13.88, 89.51, 51.70,
1991,19, 0.249,287.39, 15.98, 91.98, 53.98,
1991,20, 0.294,288.71, 20.16, 91.72, 55.94,
1991,21, 0.339,290.03, 26.24, 88.64, 57.44,
1991,22, 0.381,291.03, 35.96, 84.17, 60.07,
1991,23, 0.413,292.17, 46.53, 75.23, 60.88,
1991,24, 0.436,293.68, 56.29, 60.49, 58.39,
1991,25, 0.455,294.80, 64.46, 47.81, 56.13,
1991,26, 0.462,295.22, 67.85, 43.00, 55.43,
1991,27, 0.456,294.91, 64.82, 47.96, 56.39,
1991,28, 0.446,294.72, 62.25, 52.20, 57.22,
1991,29, 0.434,294.60, 59.65, 56.10, 57.87,
1991,30, 0.426,294.69, 61.31, 55.94, 58.62,
1991,31, 0.414,294.52, 59.58, 57.81, 58.69,
1991,32, 0.406,294.29, 59.49, 58.86, 59.17,
1991,33, 0.401,293.97, 61.28, 58.77, 60.02,
1991,34, 0.401,293.78, 67.38, 56.80, 62.09,
1991,35, 0.395,293.32, 71.55, 53.75, 62.65,
1991,36, 0.383,292.35, 74.76, 48.88, 61.82,
1991,37, 0.373,291.37, 78.95, 42.41, 60.68,
1991,38, 0.369,290.70, 83.73, 35.57, 59.65,
1991,39, 0.356,289.71, 84.97, 30.50, 57.73,
1991,40, 0.329,287.73, 81.68, 32.82, 57.25,
1991,41, 0.297,285.47, 77.28, 33.33, 55.30,
1991,42, 0.261,283.03, 70.86, 37.53, 54.19,
1991,43, 0.225,279.94, 66.36, 43.30, 54.83,
1991,44, 0.188,277.38, 60.55, 41.17, 50.86,
1991,45, 0.156,274.94, 55.74, 38.79, 47.27,
1991,46, 0.129,273.21, 52.43, 34.20, 43.31,
1991,47, 0.102,271.18, 47.38, 33.34, 40.36,
1991,48, 0.082,269.16, 42.75, 34.53, 38.64,
1991,49, 0.066,267.11, 37.37, 36.83, 37.10,
1991,50, 0.058,265.13, 35.50, 37.95, 36.72,
1991,51, 0.053,263.41, 37.37, 37.94, 37.65,
1991,52, 0.047,262.11, 36.46, 38.54, 37.50,
1992, 1, 0.043,261.18, 35.32, 39.55, 37.43,
1992, 2, 0.039,260.95, 34.23, 40.21, 37.22,
1992, 3, 0.039,261.19, 36.61, 39.68, 38.15,
1992, 4, 0.040,261.57, 36.97, 39.99, 38.48,
1992, 5, 0.040,262.02, 33.04, 43.07, 38.06,
1992, 6, 0.042,262.96, 30.71, 44.09, 37.40,
1992, 7, 0.046,264.72, 30.44, 41.82, 36.13,
1992, 8, 0.052,267.04, 32.56, 39.28, 35.92,
1992, 9, 0.062,270.40, 35.82, 35.76, 35.79,
1992,10, 0.069,273.69, 36.28, 32.90, 34.59,
1992,11, 0.080,276.64, 37.46, 28.98, 33.22,
1992,12, 0.093,278.59, 37.48, 32.00, 34.74,
1992,13, 0.108,280.45, 36.19, 35.61, 35.90,
1992,14, 0.130,282.77, 35.92, 35.99, 35.95,
1992,15, 0.153,284.30, 33.24, 42.01, 37.63,
1992,16, 0.185,286.17, 33.30, 49.46, 41.38,
1992,17, 0.222,288.09, 34.67, 54.96, 44.82,
1992,18, 0.257,289.63, 35.02, 57.75, 46.39,
1992,19, 0.291,290.97, 33.87, 59.01, 46.44,
1992,20, 0.317,291.51, 30.45, 65.10, 47.78,
1992,21, 0.340,292.04, 26.79, 68.91, 47.85,
1992,22, 0.358,292.36, 23.49, 70.79, 47.14,
1992,23, 0.368,292.58, 21.91, 71.12, 46.51,
1992,24, 0.388,293.25, 28.61, 65.28, 46.95,
1992,25, 0.406,293.83, 34.93, 59.28, 47.10,
1992,26, 0.418,294.43, 39.19, 52.83, 46.01,
1992,27, 0.423,295.03, 42.54, 46.47, 44.51,
1992,28, 0.423,295.40, 46.67, 43.35, 45.01,
1992,29, 0.426,296.03, 54.61, 37.12, 45.86,
1992,30, 0.420,296.45, 57.35, 32.86, 45.11,
1992,31, 0.408,296.68, 55.91, 29.77, 42.84,
1992,32, 0.402,296.71, 57.31, 28.42, 42.87,
1992,33, 0.395,296.45, 57.91, 27.99, 42.95,
1992,34, 0.380,295.80, 54.65, 32.08, 43.36,
1992,35, 0.359,294.55, 50.59, 39.65, 45.12,
1992,36, 0.332,292.65, 46.96, 45.87, 46.41,
1992,37, 0.310,290.65, 46.48, 48.38, 47.43,
1992,38, 0.285,288.91, 41.90, 51.26, 46.58,
1992,39, 0.257,287.05, 35.07, 56.12, 45.60,
1992,40, 0.230,285.00, 28.69, 62.37, 45.53,
1992,41, 0.204,282.90, 25.93, 61.90, 43.91,
1992,42, 0.172,279.89, 21.75, 67.55, 44.65,
1992,43, 0.140,276.95, 19.22, 67.07, 43.15,
1992,44, 0.115,275.24, 17.45, 55.42, 36.43,
1992,45, 0.100,273.32, 20.02, 48.08, 34.05,
1992,46, 0.085,270.97, 22.85, 45.19, 34.02,
1992,47, 0.074,269.03, 26.68, 42.62, 34.65,
1992,48, 0.068,267.46, 31.91, 41.33, 36.62,
1992,49, 0.060,265.41, 32.24, 43.57, 37.90,
1992,50, 0.054,263.60, 32.65, 44.24, 38.45,
1992,51, 0.051,263.29, 36.04, 38.58, 37.31,
1992,52, 0.050,263.50, 39.52, 33.24, 36.38,
1993, 1, 0.051,263.98, 44.06, 28.82, 36.44,
1993, 2, 0.052,264.81, 47.99, 25.44, 36.71,
1993, 3, 0.053,266.38, 51.62, 19.96, 35.79,
1993, 4, 0.055,267.48, 52.06, 18.56, 35.31,
1993, 5, 0.056,268.48, 46.98, 21.37, 34.18,
1993, 6, 0.056,267.84, 40.99, 28.52, 34.75,
1993, 7, 0.052,266.46, 34.98, 36.36, 35.67,
1993, 8, 0.048,265.75, 29.65, 43.03, 36.34,
1993, 9, 0.046,265.78, 26.52, 50.38, 38.45,
1993,10, 0.048,266.54, 25.00, 56.55, 40.77,
1993,11, 0.054,268.10, 24.00, 59.46, 41.73,
1993,12, 0.065,270.56, 24.06, 61.74, 42.90,
1993,13, 0.080,273.06, 22.87, 64.93, 43.90,
1993,14, 0.101,275.89, 22.64, 68.29, 45.47,
1993,15, 0.135,279.72, 25.07, 68.75, 46.91,
1993,16, 0.184,285.02, 32.81, 58.14, 45.48,
1993,17, 0.228,289.06, 37.20, 46.79, 41.99,
1993,18, 0.270,291.81, 40.63, 38.23, 39.43,
1993,19, 0.309,293.05, 41.71, 39.62, 40.66,
1993,20, 0.339,293.18, 40.52, 49.19, 44.85,
1993,21, 0.365,293.46, 39.23, 54.85, 47.04,
1993,22, 0.384,293.52, 37.48, 59.37, 48.43,
1993,23, 0.400,293.58, 39.18, 61.08, 50.13,
1993,24, 0.411,293.32, 41.58, 64.53, 53.06,
1993,25, 0.415,293.06, 40.76, 67.60, 54.18,
1993,26, 0.411,292.95, 36.38, 69.37, 52.87,
1993,27, 0.407,292.91, 33.20, 71.57, 52.38,
1993,28, 0.401,292.78, 33.34, 75.15, 54.24,
1993,29, 0.400,293.08, 38.44, 74.21, 56.32,
1993,30, 0.395,293.29, 42.28, 72.72, 57.50,
1993,31, 0.393,293.17, 46.03, 74.03, 60.03,
1993,32, 0.385,292.70, 46.79, 77.68, 62.23,
1993,33, 0.372,292.10, 43.84, 80.58, 62.21,
1993,34, 0.360,291.57, 42.10, 82.23, 62.16,
1993,35, 0.344,290.80, 41.57, 81.00, 61.28,
1993,36, 0.326,289.77, 43.55, 74.29, 58.92,
1993,37, 0.313,289.32, 47.72, 60.31, 54.02,
1993,38, 0.292,288.38, 45.18, 56.32, 50.75,
1993,39, 0.263,287.20, 37.63, 54.78, 46.21,
1993,40, 0.231,285.39, 28.83, 57.92, 43.37,
1993,41, 0.200,283.09, 23.02, 59.24, 41.13,
1993,42, 0.174,280.54, 22.34, 61.06, 41.70,
1993,43, 0.148,277.87, 22.99, 59.62, 41.31,
1993,44, 0.129,275.20, 25.60, 55.81, 40.70,
1993,45, 0.112,273.26, 27.51, 48.54, 38.03,
1993,46, 0.097,271.51, 30.66, 42.58, 36.62,
1993,47, 0.084,270.49, 32.98, 36.29, 34.63,
1993,48, 0.074,269.73, 35.03, 32.04, 33.54,
1993,49, 0.068,269.18, 36.01, 28.30, 32.15,
1993,50, 0.068,269.37, 40.24, 20.75, 30.50,
1993,51, 0.066,268.98, 44.89, 15.80, 30.35,
1993,52, 0.064,268.19, 47.62, 15.19, 31.40,
1994, 1, 0.053,266.92, 46.29, 17.55, 31.92,
1994, 2, 0.055,264.72, 51.39, 25.80, 38.60,
1994, 3, 0.084,262.68, 83.48, 34.18, 58.83,
1994, 4, 0.081,261.09, 79.22, 42.16, 60.69,
1994, 5, 0.079,259.84, 68.00, 50.98, 59.49,
1994, 6, 0.076,260.07, 56.90, 53.96, 55.43,
1994, 7, 0.075,261.03, 50.86, 53.96, 52.41,
1994, 8, 0.079,263.53, 48.97, 50.65, 49.81,
1994, 9, 0.088,267.33, 50.84, 45.88, 48.36,
1994,10, 0.099,272.07, 52.24, 38.44, 45.34,
1994,11, 0.112,276.27, 53.46, 30.54, 42.00,
1994,12, 0.127,279.54, 53.52, 28.63, 41.08,
1994,13, 0.145,282.37, 53.25, 27.97, 40.61,
1994,14, 0.171,284.82, 54.33, 26.08, 40.20,
1994,15, 0.200,286.43, 54.53, 29.26, 41.89,
1994,16, 0.235,287.76, 55.09, 37.91, 46.50,
1994,17, 0.268,288.58, 54.70, 51.09, 52.89,
1994,18, 0.307,288.99, 56.32, 64.08, 60.20,
1994,19, 0.346,289.60, 57.65, 72.24, 64.94,
1994,20, 0.384,289.96, 60.96, 79.92, 70.44,
1994,21, 0.417,290.46, 64.26, 83.39, 73.83,
1994,22, 0.448,291.31, 71.16, 80.44, 75.80,
1994,23, 0.476,292.16, 80.43, 74.98, 77.71,
1994,24, 0.496,293.19, 88.12, 65.97, 77.05,
1994,25, 0.507,294.40, 91.68, 52.50, 72.09,
1994,26, 0.507,295.81, 91.82, 35.65, 63.73,
1994,27, 0.497,296.96, 89.20, 22.27, 55.73,
1994,28, 0.470,297.67, 77.79, 15.26, 46.53,
1994,29, 0.441,298.26, 63.93, 11.32, 37.62,
1994,30, 0.409,298.45, 50.39, 11.03, 30.71,
1994,31, 0.378,298.10, 36.24, 14.41, 25.33,
1994,32, 0.348,297.26, 23.67, 22.94, 23.31,
1994,33, 0.322,296.11, 15.67, 33.06, 24.36,
1994,34, 0.304,295.04, 12.58, 42.02, 27.30,
1994,35, 0.291,294.12, 14.39, 44.95, 29.67,
1994,36, 0.297,294.14, 27.98, 32.51, 30.25,
1994,37,-1.000, -1.00, -1.00, -1.00, -1.00,
1994,38,-1.000, -1.00, -1.00, -1.00, -1.00,
1994,39,-1.000, -1.00, -1.00, -1.00, -1.00,
1994,40,-1.000, -1.00, -1.00, -1.00, -1.00,
1994,41,-1.000, -1.00, -1.00, -1.00, -1.00,
1994,42,-1.000, -1.00, -1.00, -1.00, -1.00,
1994,43,-1.000, -1.00, -1.00, -1.00, -1.00,
1994,44,-1.000, -1.00, -1.00, -1.00, -1.00,
1994,45,-1.000, -1.00, -1.00, -1.00, -1.00,
1994,46,-1.000, -1.00, -1.00, -1.00, -1.00,
1994,47,-1.000, -1.00, -1.00, -1.00, -1.00,
1994,48,-1.000, -1.00, -1.00, -1.00, -1.00,
1994,49,-1.000, -1.00, -1.00, -1.00, -1.00,
1994,50,-1.000, -1.00, -1.00, -1.00, -1.00,
1994,51,-1.000, -1.00, -1.00, -1.00, -1.00,
1994,52,-1.000, -1.00, -1.00, -1.00, -1.00,
1995, 1,-1.000, -1.00, -1.00, -1.00, -1.00,
1995, 2,-1.000, -1.00, -1.00, -1.00, -1.00,
1995, 3,-1.000, -1.00, -1.00, -1.00, -1.00,
1995, 4,-1.000, -1.00, -1.00, -1.00, -1.00,
1995, 5,-1.000, -1.00, -1.00, -1.00, -1.00,
1995, 6,-1.000, -1.00, -1.00, -1.00, -1.00,
1995, 7, 0.104,273.98, 69.00, 12.91, 40.96,
1995, 8, 0.111,275.98, 68.51, 11.45, 39.98,
1995, 9, 0.118,277.27, 67.58, 13.36, 40.47,
1995,10, 0.125,278.13, 65.97, 17.92, 41.94,
1995,11, 0.133,278.85, 63.70, 21.15, 42.43,
1995,12, 0.142,279.15, 60.95, 30.33, 45.64,
1995,13, 0.157,280.25, 58.77, 37.06, 47.92,
1995,14, 0.177,282.01, 57.04, 40.72, 48.88,
1995,15, 0.202,283.84, 55.12, 46.35, 50.74,
1995,16, 0.235,286.50, 55.07, 48.17, 51.62,
1995,17, 0.269,288.30, 54.49, 53.90, 54.20,
1995,18, 0.306,290.14, 55.38, 53.97, 54.67,
1995,19, 0.348,291.87, 58.52, 51.18, 54.85,
1995,20, 0.389,293.26, 63.32, 48.48, 55.90,
1995,21, 0.422,294.50, 66.61, 44.47, 55.54,
1995,22, 0.445,295.68, 69.25, 37.59, 53.42,
1995,23, 0.457,296.12, 70.55, 35.10, 52.83,
1995,24, 0.462,296.11, 70.63, 34.29, 52.46,
1995,25, 0.466,296.17, 70.41, 32.05, 51.23,
1995,26, 0.468,296.66, 70.92, 25.50, 48.21,
1995,27, 0.464,297.25, 69.54, 18.40, 43.97,
1995,28, 0.456,297.55, 68.66, 15.68, 42.17,
1995,29, 0.447,297.84, 67.59, 14.05, 40.82,
1995,30, 0.430,298.07, 63.16, 12.80, 37.98,
1995,31, 0.410,297.74, 56.12, 16.85, 36.48,
1995,32, 0.392,297.41, 50.51, 20.37, 35.44,
1995,33, 0.376,296.76, 45.57, 24.69, 35.13,
1995,34, 0.363,295.85, 43.25, 32.01, 37.63,
1995,35, 0.346,294.46, 42.10, 41.19, 41.65,
1995,36, 0.337,292.74, 48.47, 45.40, 46.94,
1995,37, 0.325,290.93, 53.59, 46.36, 49.97,
1995,38, 0.313,289.27, 55.45, 48.31, 51.88,
1995,39, 0.301,287.83, 56.71, 48.58, 52.65,
1995,40, 0.284,286.60, 56.81, 44.98, 50.90,
1995,41, 0.257,284.74, 54.51, 41.60, 48.06,
1995,42, 0.221,281.78, 48.09, 49.43, 48.76,
1995,43, 0.172,277.47, 35.79, 62.50, 49.15,
1995,44, 0.122,272.17, 20.66, 74.40, 47.53,
1995,45, 0.088,268.78, 11.58, 73.48, 42.53,
1995,46, 0.065,265.95,  8.24, 69.81, 39.03,
1995,47, 0.051,264.31,  8.79, 63.32, 36.05,
1995,48, 0.038,262.98,  7.57, 59.76, 33.67,
1995,49, 0.032,260.91,  6.83, 61.83, 34.33,
1995,50, 0.024,257.45,  3.44, 69.20, 36.32,
1995,51, 0.016,253.55,  0.74, 77.60, 39.17,
1995,52, 0.012,251.07,  0.18, 81.29, 40.73,
1996, 1, 0.010,250.24,  0.07, 81.72, 40.89,
1996, 2, 0.009,250.41,  0.04, 80.81, 40.42,
1996, 3, 0.007,250.97,  0.03, 78.54, 39.28,
1996, 4, 0.005,251.26,  0.03, 77.00, 38.52,
1996, 5, 0.003,252.15,  0.03, 75.75, 37.89,
1996, 6, 0.003,252.88,  0.02, 75.77, 37.89,
1996, 7, 0.002,253.29,  0.02, 77.03, 38.53,
1996, 8, 0.001,255.16,  0.02, 75.82, 37.92,
1996, 9,-0.000,257.61,  0.01, 76.75, 38.38,
1996,10, 0.002,260.03,  0.01, 78.20, 39.10,
1996,11, 0.006,261.68,  0.01, 82.00, 41.01,
1996,12, 0.015,263.75,  0.03, 86.01, 43.02,
1996,13, 0.030,267.09,  0.15, 86.88, 43.52,
1996,14, 0.053,271.50,  0.93, 86.78, 43.86,
1996,15, 0.086,277.20,  3.23, 80.91, 42.07,
1996,16, 0.130,283.57,  8.84, 66.06, 37.45,
1996,17, 0.175,287.93, 14.39, 54.71, 34.55,
1996,18, 0.221,291.19, 19.61, 43.11, 31.36,
1996,19, 0.268,293.02, 23.68, 39.72, 31.70,
1996,20, 0.315,294.64, 29.30, 34.96, 32.13,
1996,21, 0.356,296.59, 34.00, 23.63, 28.82,
1996,22, 0.380,297.50, 34.40, 19.62, 27.01,
1996,23, 0.392,297.52, 33.68, 21.32, 27.50,
1996,24, 0.398,296.93, 33.20, 25.77, 29.49,
1996,25, 0.398,295.62, 29.77, 38.44, 34.11,
1996,26, 0.399,294.65, 27.13, 49.84, 38.49,
1996,27, 0.394,293.73, 23.61, 62.97, 43.29,
1996,28, 0.393,293.46, 26.39, 68.90, 47.65,
1996,29, 0.393,293.69, 32.55, 68.21, 50.38,
1996,30, 0.377,293.24, 30.64, 74.22, 52.43,
1996,31, 0.356,292.56, 23.43, 81.80, 52.62,
1996,32, 0.337,291.85, 16.85, 87.53, 52.19,
1996,33, 0.332,291.77, 18.93, 84.52, 51.73,
1996,34, 0.327,291.80, 21.64, 79.81, 50.73,
1996,35, 0.307,290.41, 19.19, 85.38, 52.28,
1996,36, 0.276,287.76, 16.26, 92.40, 54.33,
1996,37, 0.245,284.81, 14.69, 96.50, 55.60,
1996,38, 0.230,283.76, 15.95, 94.64, 55.30,
1996,39, 0.222,283.63, 18.01, 87.08, 52.54,
1996,40, 0.215,283.89, 20.85, 73.20, 47.03,
1996,41, 0.205,283.42, 26.37, 55.72, 41.05,
1996,42, 0.191,282.45, 32.24, 42.64, 37.44,
1996,43, 0.165,280.32, 32.86, 39.57, 36.21,
1996,44, 0.137,277.77, 29.92, 37.80, 33.86,
1996,45, 0.112,274.95, 27.24, 37.81, 32.52,
1996,46, 0.097,272.29, 30.18, 37.97, 34.07,
1996,47, 0.081,269.50, 31.17, 40.04, 35.60,
1996,48, 0.059,265.29, 24.31, 49.82, 37.06,
1996,49, 0.042,261.18, 16.02, 60.38, 38.20,
1996,50, 0.032,258.33, 11.36, 65.65, 38.51,
1996,51, 0.030,257.63, 14.60, 61.62, 38.11,
1996,52, 0.028,258.10, 16.51, 54.23, 35.37,
1997, 1, 0.027,258.81, 17.54, 48.37, 32.95,
1997, 2, 0.027,259.69, 20.02, 44.57, 32.29,
1997, 3, 0.030,260.90, 25.86, 40.26, 33.06,
1997, 4, 0.036,262.67, 32.17, 35.45, 33.81,
1997, 5, 0.047,264.98, 38.25, 32.64, 35.44,
1997, 6, 0.064,267.95, 46.83, 27.70, 37.26,
1997, 7, 0.084,271.54, 56.44, 20.14, 38.29,
1997, 8, 0.102,275.00, 63.12, 14.30, 38.71,
1997, 9, 0.115,277.05, 66.07, 14.04, 40.06,
1997,10, 0.127,279.27, 67.55, 14.11, 40.83,
1997,11, 0.140,281.87, 67.63, 10.17, 38.90,
1997,12, 0.148,283.88, 64.00, 12.10, 38.05,
1997,13, 0.159,285.71, 59.86, 14.18, 37.02,
1997,14, 0.166,286.55, 52.25, 17.19, 34.72,
1997,15, 0.177,287.46, 43.91, 22.39, 33.15,
1997,16, 0.196,288.69, 38.12, 30.56, 34.34,
1997,17, 0.221,289.86, 33.93, 39.67, 36.80,
1997,18, 0.249,290.67, 31.61, 48.38, 40.00,
1997,19, 0.287,291.44, 31.97, 54.89, 43.43,
1997,20, 0.325,292.17, 33.77, 59.24, 46.50,
1997,21, 0.360,292.28, 36.23, 66.74, 51.48,
1997,22, 0.388,291.87, 39.04, 75.89, 57.47,
1997,23, 0.417,292.44, 47.92, 72.63, 60.27,
1997,24, 0.442,293.48, 59.13, 63.03, 61.08,
1997,25, 0.460,293.98, 67.64, 57.66, 62.65,
1997,26, 0.472,294.26, 74.25, 55.07, 64.66,
1997,27, 0.467,293.65, 71.83, 64.17, 68.00,
1997,28, 0.450,292.82, 64.35, 77.02, 70.68,
1997,29, 0.440,292.65, 63.09, 81.67, 72.38,
1997,30, 0.433,292.71, 64.88, 81.26, 73.07,
1997,31, 0.423,292.69, 64.83, 80.99, 72.91,
1997,32, 0.412,292.48, 63.33, 81.10, 72.22,
1997,33, 0.402,292.10, 62.08, 81.76, 71.92,
1997,34, 0.396,291.66, 64.66, 82.47, 73.57,
1997,35, 0.394,291.08, 71.09, 79.07, 75.08,
1997,36, 0.389,290.26, 77.57, 69.78, 73.67,
1997,37, 0.378,289.22, 80.92, 61.35, 71.13,
1997,38, 0.367,288.08, 82.41, 59.26, 70.83,
1997,39, 0.349,286.65, 81.44, 59.89, 70.66,
1997,40, 0.318,284.47, 75.53, 67.40, 71.46,
1997,41, 0.279,281.83, 67.24, 73.11, 70.17,
1997,42, 0.243,279.78, 60.66, 68.28, 64.47,
1997,43, 0.209,277.31, 57.65, 63.86, 60.75,
1997,44, 0.175,274.43, 52.84, 60.77, 56.81,
1997,45, 0.139,271.05, 45.27, 61.46, 53.36,
1997,46, 0.109,267.14, 39.15, 64.30, 51.73,
1997,47, 0.083,264.19, 33.44, 63.87, 48.65,
1997,48, 0.070,262.02, 33.78, 63.63, 48.70,
1997,49, 0.062,260.10, 34.16, 64.98, 49.57,
1997,50, 0.056,258.92, 34.01, 63.16, 48.59,
1997,51, 0.056,258.85, 40.53, 56.57, 48.55,
1997,52, 0.060,259.98, 48.81, 47.22, 48.02,
1998, 1, 0.064,261.62, 57.86, 38.12, 47.99,
1998, 2, 0.070,263.74, 67.96, 29.32, 48.64,
1998, 3, 0.074,265.38, 75.26, 23.35, 49.31,
1998, 4, 0.077,266.80, 75.31, 20.55, 47.93,
1998, 5, 0.085,268.51, 71.49, 20.91, 46.20,
1998, 6, 0.091,269.74, 67.09, 22.03, 44.56,
1998, 7, 0.099,270.66, 66.02, 22.96, 44.49,
1998, 8, 0.103,272.02, 63.56, 23.61, 43.58,
1998, 9, 0.103,272.98, 58.78, 27.35, 43.06,
1998,10, 0.098,272.86, 51.70, 35.81, 43.76,
1998,11, 0.097,273.06, 45.66, 42.28, 43.97,
1998,12, 0.101,274.25, 41.25, 48.84, 45.04,
1998,13, 0.114,276.81, 39.01, 50.72, 44.86,
1998,14, 0.132,279.14, 36.49, 53.77, 45.13,
1998,15, 0.163,281.65, 37.67, 58.20, 47.93,
1998,16, 0.200,283.48, 39.39, 69.21, 54.30,
1998,17, 0.237,285.26, 40.92, 78.48, 59.70,
1998,18, 0.277,287.10, 43.29, 80.44, 61.87,
1998,19, 0.320,288.82, 46.31, 79.21, 62.76,
1998,20, 0.358,290.30, 49.10, 76.84, 62.97,
1998,21, 0.393,291.76, 52.32, 71.90, 62.11,
1998,22, 0.417,292.36, 54.45, 70.92, 62.69,
1998,23, 0.435,292.93, 58.29, 67.57, 62.93,
1998,24, 0.446,293.30, 61.12, 64.74, 62.93,
1998,25, 0.451,293.42, 61.55, 63.83, 62.69,
1998,26, 0.449,293.60, 59.34, 62.85, 61.09,
1998,27, 0.445,293.60, 57.20, 64.46, 60.83,
1998,28, 0.447,294.25, 62.47, 58.41, 60.44,
1998,29, 0.452,294.96, 71.35, 51.47, 61.41,
1998,30, 0.453,295.19, 77.31, 49.53, 63.42,
1998,31, 0.442,294.52, 76.30, 57.69, 67.00,
1998,32, 0.432,293.94, 75.30, 63.13, 69.21,
1998,33, 0.417,292.93, 71.29, 71.57, 71.43,
1998,34, 0.398,291.71, 65.18, 81.63, 73.41,
1998,35, 0.384,291.35, 64.97, 75.69, 70.33,
1998,36, 0.361,290.31, 62.05, 69.22, 65.63,
1998,37, 0.336,289.04, 59.05, 62.88, 60.97,
1998,38, 0.303,287.37, 50.15, 65.69, 57.92,
1998,39, 0.259,284.64, 35.44, 78.77, 57.11,
1998,40, 0.224,282.54, 24.79, 86.58, 55.68,
1998,41, 0.201,281.03, 23.38, 81.18, 52.28,
1998,42, 0.182,278.66, 26.96, 78.68, 52.82,
1998,43, 0.164,276.02, 31.61, 74.12, 52.86,
1998,44, 0.132,272.61, 27.31, 73.10, 50.21,
1998,45, 0.104,269.02, 22.01, 73.51, 47.76,
1998,46, 0.079,264.56, 18.36, 77.23, 47.79,
1998,47, 0.061,260.82, 16.87, 78.69, 47.78,
1998,48, 0.054,259.17, 20.99, 75.41, 48.20,
1998,49, 0.047,258.00, 21.26, 73.46, 47.36,
1998,50, 0.042,256.45, 20.59, 72.95, 46.77,
1998,51, 0.037,255.92, 21.85, 68.10, 44.98,
1998,52, 0.035,254.78, 23.33, 67.23, 45.28,
1999, 1, 0.034,254.14, 25.73, 66.96, 46.35,
1999, 2, 0.036,252.32, 30.61, 73.13, 51.87,
1999, 3, 0.040,249.77, 37.45, 81.99, 59.72,
1999, 4, 0.043,248.02, 40.01, 87.00, 63.51,
1999, 5, 0.044,247.15, 36.53, 90.74, 63.63,
1999, 6, 0.045,246.62, 32.90, 94.38, 63.64,
1999, 7, 0.047,246.90, 31.35, 95.94, 63.65,
1999, 8, 0.051,248.50, 31.84, 95.59, 63.71,
1999, 9, 0.057,252.42, 33.07, 92.87, 62.97,
1999,10, 0.066,257.40, 34.44, 86.52, 60.48,
1999,11, 0.084,264.08, 39.15, 73.33, 56.24,
1999,12, 0.110,271.97, 45.42, 56.09, 50.75,
1999,13, 0.140,278.15, 50.93, 44.50, 47.71,
1999,14, 0.174,282.67, 55.68, 36.44, 46.06,
1999,15, 0.208,285.63, 57.69, 34.06, 45.87,
1999,16, 0.246,288.25, 59.87, 33.87, 46.87,
1999,17, 0.290,290.62, 63.74, 33.37, 48.55,
1999,18, 0.340,292.64, 69.93, 30.91, 50.42,
1999,19, 0.384,294.40, 73.54, 27.14, 50.34,
1999,20, 0.423,295.96, 78.36, 22.49, 50.43,
1999,21, 0.451,297.06, 80.81, 19.01, 49.91,
1999,22, 0.468,297.61, 81.29, 18.37, 49.83,
1999,23, 0.476,297.89, 80.53, 17.37, 48.95,
1999,24, 0.479,297.86, 79.99, 15.60, 47.80,
1999,25, 0.479,297.82, 78.51, 13.28, 45.90,
1999,26, 0.475,297.73, 75.56, 12.89, 44.23,
1999,27, 0.465,297.32, 70.17, 17.70, 43.94,
1999,28, 0.451,297.01, 64.44, 22.41, 43.43,
1999,29, 0.434,296.54, 58.55, 30.69, 44.62,
1999,30, 0.418,295.72, 55.24, 42.65, 48.94,
1999,31, 0.405,294.86, 53.26, 53.32, 53.29,
1999,32, 0.400,293.84, 55.09, 64.38, 59.73,
1999,33, 0.402,293.27, 62.01, 67.57, 64.79,
1999,34, 0.404,292.72, 69.26, 69.86, 69.56,
1999,35, 0.401,291.86, 75.48, 70.47, 72.98,
1999,36, 0.392,291.18, 79.31, 60.79, 70.05,
1999,37, 0.374,290.32, 78.86, 51.65, 65.25,
1999,38, 0.351,289.20, 74.51, 49.07, 61.79,
1999,39, 0.323,287.55, 67.95, 51.42, 59.69,
1999,40, 0.290,284.90, 60.26, 63.00, 61.63,
1999,41, 0.255,281.61, 53.45, 75.31, 64.38,
1999,42, 0.224,279.03, 50.01, 75.21, 62.61,
1999,43, 0.197,276.50, 50.18, 70.31, 60.25,
1999,44, 0.170,274.00, 49.76, 63.58, 56.67,
1999,45, 0.145,271.51, 48.75, 58.61, 53.68,
1999,46, 0.122,268.78, 47.51, 56.00, 51.75,
1999,47, 0.097,265.39, 43.44, 58.51, 50.98,
1999,48, 0.076,262.13, 38.31, 63.16, 50.73,
1999,49, 0.061,260.03, 32.80, 65.27, 49.04,
1999,50, 0.050,259.65, 28.14, 60.20, 44.17,
1999,51, 0.043,259.55, 27.54, 53.71, 40.63,
1999,52, 0.036,259.79, 24.79, 47.66, 36.23,
2000, 1, 0.032,259.79, 23.76, 44.92, 34.34,
2000, 2, 0.031,260.20, 24.95, 43.03, 33.99,
2000, 3, 0.034,261.22, 31.00, 39.54, 35.27,
2000, 4, 0.041,262.65, 37.25, 36.17, 36.71,
2000, 5, 0.048,264.50, 39.43, 34.91, 37.17,
2000, 6, 0.054,266.71, 39.50, 32.22, 35.86,
2000, 7, 0.060,268.91, 40.39, 28.82, 34.60,
2000, 8, 0.068,270.58, 42.20, 28.28, 35.24,
2000, 9, 0.078,271.99, 44.73, 30.49, 37.61,
2000,10, 0.086,273.54, 45.48, 33.34, 39.41,
2000,11, 0.099,275.69, 46.89, 32.62, 39.75,
2000,12, 0.116,277.95, 48.42, 34.80, 41.61,
2000,13, 0.139,280.71, 50.29, 35.08, 42.68,
2000,14, 0.167,283.48, 52.31, 33.21, 42.76,
2000,15, 0.208,286.52, 57.43, 29.14, 43.28,
2000,16, 0.258,288.93, 64.82, 29.45, 47.14,
2000,17, 0.313,290.79, 73.38, 32.48, 52.93,
2000,18, 0.368,292.21, 81.01, 35.14, 58.07,
2000,19, 0.402,293.16, 80.96, 38.99, 59.97,
2000,20, 0.425,294.23, 78.94, 39.37, 59.16,
2000,21, 0.443,295.35, 76.43, 36.40, 56.42,
2000,22, 0.449,296.27, 70.28, 32.05, 51.17,
2000,23, 0.446,296.74, 63.44, 29.29, 46.37,
2000,24, 0.445,296.86, 59.74, 26.85, 43.30,
2000,25, 0.437,296.26, 52.00, 31.37, 41.69,
2000,26, 0.425,295.59, 42.49, 38.62, 40.55,
2000,27, 0.409,295.04, 32.53, 46.27, 39.40,
2000,28, 0.396,294.69, 28.15, 52.49, 40.32,
2000,29, 0.388,294.31, 29.54, 59.99, 44.76,
2000,30, 0.383,294.44, 33.56, 59.21, 46.38,
2000,31, 0.372,294.07, 32.32, 63.64, 47.98,
2000,32, 0.362,293.64, 31.51, 67.25, 49.38,
2000,33, 0.358,293.75, 34.29, 62.05, 48.17,
2000,34, 0.350,293.19, 35.49, 64.44, 49.97,
2000,35, 0.335,291.91, 35.39, 69.88, 52.63,
2000,36, 0.316,290.46, 37.67, 67.85, 52.76,
2000,37, 0.301,289.08, 40.98, 62.49, 51.74,
2000,38, 0.282,287.30, 39.82, 66.10, 52.96,
2000,39, 0.261,286.29, 36.58, 63.60, 50.09,
2000,40, 0.237,286.11, 31.98, 50.14, 41.06,
2000,41, 0.213,284.85, 30.10, 40.22, 35.16,
2000,42, 0.187,283.36, 29.20, 34.12, 31.66,
2000,43, 0.163,282.18, 31.15, 25.08, 28.12,
2000,44, 0.137,280.40, 30.34, 20.49, 25.41,
2000,45, 0.119,278.81, 33.00, 15.66, 24.33,
2000,46, 0.111,277.11, 41.07, 14.48, 27.78,
2000,47, 0.101,275.31, 47.48, 15.11, 31.30,
2000,48, 0.095,274.33, 53.24, 13.26, 33.25,
2000,49, 0.091,273.08, 57.51, 12.74, 35.12,
2000,50, 0.087,271.55, 60.14, 12.14, 36.14,
2000,51, 0.082,268.76, 62.50, 16.63, 39.56,
2000,52, 0.076,266.65, 63.81, 21.10, 42.45,
2001, 1, 0.054,264.93, 47.04, 25.14, 36.09,
2001, 2, 0.051,262.72, 47.70, 33.38, 40.54,
2001, 3, 0.050,260.85, 48.65, 40.96, 44.81,
2001, 4, 0.047,259.33, 44.41, 48.02, 46.22,
2001, 5, 0.044,256.88, 36.02, 60.01, 48.01,
2001, 6, 0.044,254.68, 32.00, 69.31, 50.65,
2001, 7, 0.048,253.48, 32.16, 74.16, 53.16,
2001, 8, 0.055,255.08, 33.86, 73.49, 53.68,
2001, 9, 0.065,259.60, 37.49, 68.79, 53.14,
2001,10, 0.083,265.81, 44.05, 58.56, 51.31,
2001,11, 0.107,271.63, 50.67, 46.66, 48.67,
2001,12, 0.131,276.17, 55.75, 41.04, 48.39,
2001,13, 0.158,279.93, 59.40, 37.71, 48.55,
2001,14, 0.191,283.66, 63.53, 31.62, 47.58,
2001,15, 0.221,286.46, 63.28, 29.11, 46.19,
2001,16, 0.250,288.83, 61.26, 29.87, 45.56,
2001,17, 0.287,290.66, 62.08, 33.27, 47.68,
2001,18, 0.326,291.57, 63.80, 40.77, 52.29,
2001,19, 0.361,292.33, 63.62, 46.95, 55.28,
2001,20, 0.390,292.87, 63.57, 52.63, 58.10,
2001,21, 0.411,292.56, 60.99, 64.29, 62.64,
2001,22, 0.429,292.36, 60.56, 71.34, 65.95,
2001,23, 0.440,291.83, 60.44, 79.10, 69.77,
2001,24, 0.449,291.76, 62.52, 81.52, 72.02,
2001,25, 0.461,292.38, 67.45, 76.08, 71.76,
2001,26, 0.468,293.15, 70.89, 68.61, 69.75,
2001,27, 0.471,293.98, 74.65, 59.92, 67.28,
2001,28, 0.467,294.35, 75.71, 57.19, 66.45,
2001,29, 0.458,294.70, 75.24, 54.94, 65.09,
2001,30, 0.453,295.15, 77.10, 49.92, 63.51,
2001,31, 0.440,294.76, 75.18, 54.59, 64.88,
2001,32, 0.421,294.01, 68.32, 62.39, 65.35,
2001,33, 0.410,293.93, 66.66, 59.50, 63.08,
2001,34, 0.394,293.05, 62.65, 65.90, 64.27,
2001,35, 0.370,291.33, 56.06, 76.18, 66.12,
2001,36, 0.345,289.14, 52.81, 80.40, 66.60,
2001,37, 0.326,287.26, 53.99, 77.55, 65.77,
2001,38, 0.313,286.20, 55.46, 75.16, 65.31,
2001,39, 0.300,285.13, 56.13, 74.31, 65.22,
2001,40, 0.286,283.89, 57.89, 73.66, 65.77,
2001,41, 0.278,282.46, 66.46, 66.56, 66.51,
2001,42, 0.264,280.80, 72.09, 59.16, 65.63,
2001,43, 0.241,278.38, 75.05, 55.85, 65.45,
2001,44, 0.211,274.74, 73.88, 58.87, 66.37,
2001,45, 0.176,271.31, 68.38, 60.10, 64.24,
2001,46, 0.141,268.49, 60.03, 57.85, 58.94,
2001,47, 0.107,264.76, 50.42, 61.68, 56.05,
2001,48, 0.077,260.33, 39.04, 70.81, 54.92,
2001,49, 0.061,256.88, 32.80, 78.12, 55.46,
2001,50, 0.052,254.87, 29.51, 79.59, 54.55,
2001,51, 0.044,253.58, 28.62, 77.13, 52.88,
2001,52, 0.040,253.04, 28.71, 73.03, 50.87,
2002, 1, 0.040,253.40, 30.99, 68.87, 49.93,
2002, 2, 0.041,255.64, 34.85, 60.17, 47.51,
2002, 3, 0.050,259.50, 47.43, 45.81, 46.62,
2002, 4, 0.068,264.22, 65.20, 30.22, 47.71,
2002, 5, 0.092,268.38, 77.78, 21.53, 49.65,
2002, 6, 0.112,271.80, 83.04, 15.58, 49.31,
2002, 7, 0.131,274.97, 87.91,  9.56, 48.73,
2002, 8, 0.145,276.79, 89.41,  8.82, 49.11,
2002, 9, 0.160,278.68, 91.48,  8.83, 50.15,
2002,10, 0.173,281.05, 91.54,  8.28, 49.91,
2002,11, 0.189,283.13, 91.51,  5.88, 48.70,
2002,12, 0.202,284.69, 89.51,  9.42, 49.47,
2002,13, 0.213,285.40, 84.57, 15.88, 50.23,
2002,14, 0.224,286.06, 78.25, 20.09, 49.17,
2002,15, 0.239,286.95, 71.78, 26.10, 48.94,
2002,16, 0.267,288.23, 68.93, 34.40, 51.66,
2002,17, 0.310,289.99, 72.42, 38.89, 55.65,
2002,18, 0.361,291.27, 78.85, 43.14, 60.99,
2002,19, 0.398,292.03, 79.82, 49.29, 64.55,
2002,20, 0.424,292.18, 79.14, 58.99, 69.07,
2002,21, 0.441,291.87, 75.96, 70.78, 73.37,
2002,22, 0.455,292.36, 74.35, 70.95, 72.65,
2002,23, 0.468,293.02, 76.67, 66.77, 71.72,
2002,24, 0.481,294.09, 81.28, 56.37, 68.83,
2002,25, 0.485,295.15, 82.16, 43.81, 62.98,
2002,26, 0.476,295.78, 76.20, 36.21, 56.21,
2002,27, 0.462,296.34, 67.33, 29.97, 48.65,
2002,28, 0.440,296.69, 56.38, 26.49, 41.43,
2002,29, 0.417,296.79, 46.69, 27.32, 37.00,
2002,30, 0.396,296.26, 40.52, 35.42, 37.97,
2002,31, 0.380,295.85, 36.74, 40.37, 38.56,
2002,32, 0.371,295.84, 36.22, 39.15, 37.69,
2002,33, 0.357,295.52, 33.31, 39.49, 36.40,
2002,34, 0.335,294.73, 25.84, 45.38, 35.61,
2002,35, 0.311,293.49, 21.55, 52.08, 36.82,
2002,36, 0.289,292.28, 22.29, 50.03, 36.16,
2002,37, 0.265,289.58, 22.88, 58.43, 40.65,
2002,38, 0.238,286.42, 18.19, 74.01, 46.10,
2002,39, 0.216,284.44, 14.01, 80.44, 47.22,
2002,40, 0.205,283.29, 14.85, 78.46, 46.66,
2002,41, 0.186,280.60, 15.28, 84.54, 49.91,
2002,42, 0.159,277.24, 13.90, 89.47, 51.68,
2002,43, 0.127,273.83, 11.18, 87.65, 49.42,
2002,44, 0.109,271.24, 12.82, 78.58, 45.70,
2002,45, 0.097,268.68, 17.48, 72.45, 44.96,
2002,46, 0.084,265.19, 21.27, 72.03, 46.65,
2002,47, 0.073,262.54, 25.46, 70.16, 47.81,
2002,48, 0.067,261.07, 30.90, 67.24, 49.07,
2002,49, 0.065,260.30, 35.52, 64.11, 49.82,
2002,50, 0.058,258.24, 35.00, 65.95, 50.47,
2002,51, 0.052,256.43, 36.20, 66.22, 51.21,
2002,52, 0.050,256.31, 38.02, 61.09, 49.56,
2003, 1, 0.049,257.04, 40.94, 55.22, 48.08,
2003, 2, 0.044,256.54, 39.26, 56.56, 47.91,
2003, 3, 0.041,256.27, 38.09, 57.35, 47.72,
2003, 4, 0.037,256.30, 33.42, 57.90, 45.66,
2003, 5, 0.033,256.58, 26.48, 60.41, 43.44,
2003, 6, 0.032,256.99, 22.48, 62.39, 42.43,
2003, 7, 0.031,257.81, 20.10, 62.70, 41.40,
2003, 8, 0.030,259.07, 18.23, 63.43, 40.83,
2003, 9, 0.034,261.61, 19.64, 63.69, 41.66,
2003,10, 0.045,264.44, 23.12, 63.44, 43.28,
2003,11, 0.064,267.41, 28.91, 61.78, 45.35,
2003,12, 0.089,270.73, 35.43, 61.18, 48.30,
2003,13, 0.115,274.93, 39.09, 57.85, 48.47,
2003,14, 0.146,279.52, 42.57, 51.90, 47.24,
2003,15, 0.180,283.98, 45.20, 44.34, 44.77,
2003,16, 0.217,288.09, 46.81, 35.57, 41.19,
2003,17, 0.260,291.41, 50.71, 27.20, 38.96,
2003,18, 0.308,294.01, 56.24, 19.52, 37.88,
2003,19, 0.352,296.00, 59.94, 14.50, 37.22,
2003,20, 0.389,297.15, 63.08, 13.85, 38.46,
2003,21, 0.418,297.58, 64.37, 16.39, 40.38,
2003,22, 0.442,297.91, 66.84, 17.51, 42.17,
2003,23, 0.457,298.08, 69.41, 17.38, 43.39,
2003,24, 0.460,297.70, 67.83, 19.20, 43.51,
2003,25, 0.451,297.06, 60.77, 23.32, 42.05,
2003,26, 0.437,296.32, 50.99, 30.61, 40.80,
2003,27, 0.425,295.87, 43.42, 36.34, 39.88,
2003,28, 0.418,295.85, 42.72, 37.87, 40.30,
2003,29, 0.413,295.78, 44.98, 41.09, 43.04,
2003,30, 0.406,295.66, 47.71, 43.59, 45.65,
2003,31, 0.401,295.65, 50.24, 43.44, 46.84,
2003,32, 0.395,295.51, 52.05, 43.77, 47.91,
2003,33, 0.385,295.20, 51.11, 43.99, 47.55,
2003,34, 0.371,294.17, 48.23, 52.68, 50.45,
2003,35, 0.361,293.30, 50.99, 54.61, 52.80,
2003,36, 0.351,292.54, 56.63, 47.53, 52.08,
2003,37, 0.337,291.23, 59.41, 43.92, 51.67,
2003,38, 0.318,289.55, 58.02, 46.06, 52.04,
2003,39, 0.294,287.21, 53.27, 54.60, 53.93,
2003,40, 0.266,284.22, 46.95, 69.12, 58.03,
2003,41, 0.240,281.33, 44.75, 76.56, 60.66,
2003,42, 0.217,278.78, 45.64, 76.63, 61.13,
2003,43, 0.196,277.21, 49.27, 64.51, 56.89,
2003,44, 0.178,276.12, 53.99, 49.15, 51.57,
2003,45, 0.161,275.28, 57.97, 36.32, 47.15,
2003,46, 0.140,273.57, 58.83, 32.01, 45.42,
2003,47, 0.122,271.47, 60.28, 31.79, 46.04,
2003,48, 0.110,269.39, 63.16, 33.37, 48.26,
2003,49, 0.104,267.30, 67.30, 35.92, 51.61,
2003,50, 0.098,264.62, 69.77, 40.01, 54.89,
2003,51, 0.091,261.41, 71.87, 46.06, 58.96,
2003,52, 0.077,256.23, 64.61, 61.40, 63.00,
2004, 1, 0.063,250.18, 56.29, 80.36, 68.33,
2004, 2,-1.000, -1.00, -1.00, -1.00, -1.00,
2004, 3,-1.000, -1.00, -1.00, -1.00, -1.00,
2004, 4,-1.000, -1.00, -1.00, -1.00, -1.00,
2004, 5, 0.044,247.40, 36.63, 87.55, 62.09,
2004, 6, 0.042,248.23, 30.24, 87.29, 58.76,
2004, 7, 0.039,247.97, 25.79, 89.35, 57.57,
2004, 8, 0.037,246.63, 22.85, 93.55, 58.20,
2004, 9, 0.034,243.95, 20.10, 96.54, 58.32,
2004,10, 0.032,245.68, 16.62, 97.47, 57.05,
2004,11,-1.000, -1.00, -1.00, -1.00, -1.00,
2004,12,-1.000, -1.00, -1.00, -1.00, -1.00,
2004,13,-1.000, -1.00, -1.00, -1.00, -1.00,
2004,14,-1.000, -1.00, -1.00, -1.00, -1.00,
2004,15,-1.000, -1.00, -1.00, -1.00, -1.00,
2004,16,-1.000, -1.00, -1.00, -1.00, -1.00,
2004,17,-1.000, -1.00, -1.00, -1.00, -1.00,
2004,18,-1.000, -1.00, -1.00, -1.00, -1.00,
2004,19,-1.000, -1.00, -1.00, -1.00, -1.00,
2004,20,-1.000, -1.00, -1.00, -1.00, -1.00,
2004,21,-1.000, -1.00, -1.00, -1.00, -1.00,
2004,22,-1.000, -1.00, -1.00, -1.00, -1.00,
2004,23,-1.000, -1.00, -1.00, -1.00, -1.00,
2004,24,-1.000, -1.00, -1.00, -1.00, -1.00,
2004,25, 0.428,296.01, 47.65, 34.57, 41.11,
2004,26, 0.422,296.51, 41.92, 29.55, 35.74,
2004,27, 0.409,296.20, 33.25, 32.83, 33.04,
2004,28, 0.395,295.94, 27.88, 36.64, 32.26,
2004,29,-1.000, -1.00, -1.00, -1.00, -1.00,
2004,30, 0.375,295.39, 30.13, 46.72, 38.43,
2004,31, 0.373,295.23, 33.89, 48.67, 41.28,
2004,32, 0.375,295.08, 39.56, 49.22, 44.39,
2004,33, 0.377,294.81, 45.90, 48.98, 47.44,
2004,34, 0.383,294.48, 55.61, 49.02, 52.32,
2004,35, 0.382,294.03, 63.30, 46.46, 54.88,
2004,36, 0.372,293.43, 67.58, 38.73, 53.16,
2004,37, 0.355,292.24, 68.47, 35.24, 51.86,
2004,38, 0.336,290.65, 66.53, 36.46, 51.49,
2004,39, 0.317,289.06, 64.70, 37.06, 50.88,
2004,40, 0.291,286.91, 60.36, 41.74, 51.05,
2004,41, 0.262,284.56, 57.27, 43.19, 50.23,
2004,42, 0.236,282.06, 56.37, 45.72, 51.05,
2004,43, 0.208,279.22, 56.42, 47.44, 51.93,
2004,44, 0.175,275.38, 52.66, 52.09, 52.37,
2004,45, 0.136,269.84, 42.71, 62.39, 52.55,
2004,46, 0.107,263.56, 37.37, 73.22, 55.29,
2004,47, 0.092,260.78, 39.66, 72.63, 56.15,
2004,48, 0.081,259.64, 42.11, 69.82, 55.97,
2004,49, 0.074,258.89, 43.95, 67.81, 55.88,
2004,50, 0.068,258.64, 45.02, 63.11, 54.06,
2004,51, 0.069,259.29, 52.62, 54.43, 53.52,
2004,52, 0.070,258.55, 58.59, 52.26, 55.42,
2005, 1, 0.066,255.90, 59.23, 58.67, 58.95,
2005, 2, 0.063,253.69, 59.11, 65.43, 62.27,
2005, 3, 0.058,252.67, 56.90, 69.00, 62.95,
2005, 4, 0.052,250.65, 49.09, 75.97, 62.53,
2005, 5, 0.045,248.01, 37.04, 85.07, 61.06,
2005, 6, 0.040,245.59, 28.41, 91.57, 59.99,
2005, 7, 0.037,245.53, 24.38, 92.70, 58.54,
2005, 8, 0.039,247.15, 24.26, 92.02, 58.14,
2005, 9, 0.044,249.46, 25.04, 92.76, 58.90,
2005,10, 0.050,252.82, 25.60, 92.70, 59.15,
2005,11, 0.062,258.96, 28.09, 87.65, 57.87,
2005,12, 0.087,267.31, 34.56, 73.41, 53.98,
2005,13, 0.116,274.08, 39.99, 61.05, 50.52,
2005,14, 0.144,279.60, 41.97, 51.16, 46.57,
2005,15, 0.170,283.98, 40.89, 43.90, 42.39,
2005,16, 0.199,286.73, 39.21, 45.02, 42.11,
2005,17, 0.233,287.74, 39.21, 57.54, 48.38,
2005,18, 0.279,289.09, 44.30, 62.47, 53.39,
2005,19, 0.327,290.37, 49.24, 64.69, 56.97,
2005,20, 0.370,291.88, 54.44, 61.88, 58.16,
2005,21, 0.402,292.85, 57.05, 61.15, 59.10,
2005,22, 0.432,293.68, 61.89, 57.88, 59.88,
2005,23, 0.452,294.05, 67.24, 56.44, 61.84,
2005,24, 0.464,294.49, 71.24, 52.06, 61.65,
2005,25, 0.468,294.78, 71.54, 48.26, 59.90,
2005,26, 0.464,294.81, 68.13, 48.23, 58.18,
2005,27, 0.459,295.19, 65.50, 44.58, 55.04,
2005,28, 0.449,295.42, 62.91, 43.17, 53.04,
2005,29, 0.431,294.24, 56.21, 59.79, 58.00,
2005,30, 0.421,295.28, 56.43, 48.35, 52.39,
2005,31, 0.415,295.09, 58.62, 50.44, 54.53,
2005,32, 0.412,294.97, 62.01, 50.31, 56.16,
2005,33, 0.408,294.90, 64.43, 47.34, 55.88,
2005,34, 0.404,294.67, 68.20, 46.06, 57.13,
2005,35, 0.399,294.41, 73.15, 41.76, 57.45,
2005,36, 0.393,294.31, 78.49, 30.00, 54.24,
2005,37, 0.384,294.12, 82.28, 19.24, 50.76,
2005,38, 0.367,292.98, 80.87, 15.96, 48.41,
2005,39, 0.344,291.74, 77.44, 12.40, 44.92,
2005,40, 0.322,290.15, 76.13,  9.94, 43.03,
2005,41, 0.294,287.96, 74.46,  9.50, 41.98,
2005,42, 0.259,285.95, 68.67, 10.18, 39.43,
2005,43, 0.227,283.86, 66.28, 11.66, 38.97,
2005,44, 0.198,280.75, 65.65, 17.87, 41.76,
2005,45, 0.171,277.13, 64.44, 25.25, 44.85,
2005,46, 0.145,274.40, 62.00, 27.71, 44.86,
2005,47, 0.120,272.27, 59.21, 28.19, 43.70,
2005,48, 0.100,268.32, 55.64, 37.70, 46.67,
2005,49, 0.084,264.64, 52.07, 46.85, 49.46,
2005,50, 0.076,262.70, 51.65, 48.09, 49.87,
2005,51, 0.068,261.44, 51.71, 46.05, 48.88,
2005,52, 0.061,259.95, 49.63, 46.90, 48.26,
2006, 1, 0.054,257.40, 46.53, 54.10, 50.31,
2006, 2, 0.048,256.12, 43.79, 58.65, 51.22,
2006, 3, 0.045,256.95, 42.93, 55.72, 49.33,
2006, 4, 0.043,257.47, 39.40, 54.93, 47.16,
2006, 5, 0.039,257.04, 31.83, 59.94, 45.88,
2006, 6, 0.036,256.98, 25.52, 63.46, 44.49,
2006, 7, 0.035,258.85, 22.73, 60.41, 41.57,
2006, 8, 0.034,260.77, 21.07, 58.83, 39.95,
2006, 9, 0.033,260.44, 18.84, 67.78, 43.31,
2006,10, 0.036,260.46, 18.40, 76.29, 47.34,
2006,11, 0.046,262.26, 19.91, 78.81, 49.36,
2006,12, 0.061,265.31, 21.92, 79.28, 50.60,
2006,13, 0.084,269.97, 25.17, 75.82, 50.50,
2006,14, 0.117,276.15, 29.72, 67.30, 48.51,
2006,15, 0.154,281.24, 33.46, 60.45, 46.96,
2006,16, 0.194,285.27, 36.86, 56.07, 46.47,
2006,17, 0.241,288.01, 42.33, 55.61, 48.97,
2006,18, 0.282,289.90, 45.29, 55.62, 50.45,
2006,19, 0.317,291.52, 44.67, 54.35, 49.51,
2006,20, 0.348,292.62, 44.57, 54.84, 49.70,
2006,21, 0.376,293.18, 44.12, 57.92, 51.02,
2006,22, 0.401,293.22, 45.98, 62.45, 54.22,
2006,23, 0.426,293.62, 53.35, 60.71, 57.03,
2006,24, 0.449,294.32, 63.00, 53.81, 58.40,
2006,25, 0.464,294.90, 69.49, 46.80, 58.14,
2006,26, 0.476,295.57, 76.09, 38.70, 57.40,
2006,27, 0.480,296.20, 80.03, 31.56, 55.80,
2006,28, 0.473,296.42, 79.69, 30.00, 54.84,
2006,29, 0.464,296.49, 78.21, 31.39, 54.80,
2006,30, 0.454,296.63, 77.01, 30.95, 53.98,
2006,31, 0.439,296.31, 74.01, 34.91, 54.46,
2006,32, 0.421,295.59, 67.61, 42.91, 55.26,
2006,33, 0.403,294.72, 61.47, 49.87, 55.67,
2006,34, 0.390,293.84, 59.80, 56.47, 58.13,
2006,35, 0.384,293.10, 64.79, 56.61, 60.70,
2006,36, 0.378,292.46, 70.96, 48.22, 59.59,
2006,37, 0.372,291.90, 77.45, 37.96, 57.71,
2006,38, 0.366,291.15, 81.95, 31.68, 56.81,
2006,39, 0.362,290.59, 87.46, 22.27, 54.87,
2006,40, 0.351,289.37, 92.37, 15.81, 54.09,
2006,41, 0.331,287.60, 95.22, 10.40, 52.81,
2006,42, 0.310,286.17, 96.88,  7.47, 52.17,
2006,43, 0.282,284.65, 96.82,  5.70, 51.26,
2006,44, 0.249,282.76, 95.61,  4.78, 50.19,
2006,45, 0.215,280.84, 92.88,  3.89, 48.38,
2006,46, 0.190,279.66, 92.29,  1.91, 47.10,
2006,47, 0.169,278.44, 93.60,  1.54, 47.57,
2006,48, 0.155,277.31, 95.55,  1.19, 48.37,
2006,49, 0.142,275.98, 96.72,  1.20, 48.96,
2006,50, 0.132,274.13, 98.22,  1.71, 49.96,
2006,51, 0.122,272.29, 98.86,  2.50, 50.68,
2006,52, 0.113,271.51, 98.41,  2.42, 50.41,
2007, 1, 0.104,270.33, 96.97,  4.48, 50.73,
2007, 2, 0.097,269.13, 95.04,  8.85, 51.95,
2007, 3, 0.089,267.88, 90.73, 14.33, 52.53,
2007, 4, 0.081,266.30, 79.32, 23.11, 51.22,
2007, 5, 0.073,265.17, 62.13, 33.02, 47.58,
2007, 6, 0.072,265.30, 53.05, 37.28, 45.17,
2007, 7, 0.078,267.19, 52.70, 34.79, 43.74,
2007, 8, 0.089,270.30, 55.45, 29.58, 42.51,
2007, 9, 0.109,274.03, 63.21, 24.16, 43.68,
2007,10, 0.134,277.74, 71.59, 19.43, 45.51,
2007,11, 0.164,280.94, 79.73, 13.79, 46.76,
2007,12, 0.196,283.60, 86.62, 13.51, 50.07,
2007,13, 0.228,286.38, 91.58, 11.85, 51.71,
2007,14, 0.263,288.61, 95.22,  7.68, 51.45,
2007,15, 0.295,290.36, 95.99,  5.16, 50.58,
2007,16, 0.326,292.12, 94.52,  5.41, 49.96,
2007,17, 0.359,293.75, 92.70,  7.17, 49.94,
2007,18, 0.390,295.11, 90.66,  8.72, 49.69,
2007,19, 0.419,296.27, 88.52,  9.55, 49.04,
2007,20, 0.442,296.99, 87.19, 12.33, 49.76,
2007,21, 0.464,297.68, 87.03, 12.67, 49.85,
2007,22, 0.480,298.18, 87.46, 12.45, 49.95,
2007,23, 0.487,298.24, 86.48, 13.47, 49.98,
2007,24, 0.486,298.09, 83.82, 12.96, 48.39,
2007,25, 0.478,297.78, 77.80, 13.35, 45.58,
2007,26, 0.470,297.83, 71.92, 11.32, 41.62,
2007,27, 0.462,298.14, 67.12,  7.47, 37.30,
2007,28, 0.447,298.06, 61.07,  9.02, 35.04,
2007,29, 0.435,297.96, 58.88, 12.41, 35.65,
2007,30, 0.424,297.84, 57.96, 15.70, 36.83,
2007,31, 0.415,297.73, 58.14, 17.00, 37.57,
2007,32, 0.406,297.44, 58.25, 19.87, 39.06,
2007,33, 0.397,296.65, 57.97, 26.05, 42.01,
2007,34, 0.394,295.64, 62.57, 34.59, 48.58,
2007,35, 0.393,294.73, 70.52, 38.43, 54.48,
2007,36, 0.385,293.42, 75.17, 39.03, 57.10,
2007,37, 0.373,292.30, 77.76, 34.97, 56.37,
2007,38, 0.361,291.44, 79.22, 29.46, 54.34,
2007,39, 0.341,289.90, 77.06, 29.18, 53.12,
2007,40, 0.315,288.03, 73.41, 30.35, 51.88,
2007,41, 0.286,285.48, 70.08, 33.76, 51.92,
2007,42, 0.256,282.59, 67.03, 41.60, 54.32,
2007,43, 0.221,279.05, 63.46, 49.89, 56.68,
2007,44, 0.184,275.06, 57.93, 55.91, 56.92,
2007,45, 0.144,270.81, 47.82, 61.51, 54.66,
2007,46, 0.114,266.58, 41.74, 65.75, 53.74,
2007,47, 0.090,262.70, 37.83, 69.30, 53.57,
2007,48, 0.074,259.67, 36.65, 72.58, 54.61,
2007,49, 0.059,258.18, 31.15, 72.47, 51.81,
2007,50, 0.051,258.24, 29.65, 66.08, 47.87,
2007,51, 0.053,258.82, 36.90, 56.92, 46.91,
2007,52, 0.050,258.93, 38.87, 51.46, 45.17,
2008, 1, 0.051,259.48, 43.30, 46.57, 44.94,
2008, 2, 0.057,260.73, 53.57, 41.08, 47.33,
2008, 3, 0.070,262.88, 71.23, 32.77, 52.00,
2008, 4, 0.085,265.78, 82.69, 24.00, 53.34,
2008, 5, 0.101,269.27, 86.02, 18.17, 52.10,
2008, 6, 0.121,272.54, 89.53, 12.97, 51.25,
2008, 7, 0.133,274.32, 89.04, 11.38, 50.21,
2008, 8, 0.146,275.84, 89.68, 11.62, 50.65,
2008, 9, 0.158,277.56, 90.19, 12.34, 51.27,
2008,10, 0.170,279.09, 89.96, 14.71, 52.34,
2008,11, 0.184,280.54, 88.97, 15.04, 52.01,
2008,12, 0.196,281.60, 86.39, 20.77, 53.58,
2008,13, 0.214,282.92, 84.90, 25.53, 55.21,
2008,14, 0.229,284.22, 80.35, 28.57, 54.46,
2008,15, 0.253,285.39, 77.44, 35.18, 56.31,
2008,16, 0.288,286.62, 77.53, 46.00, 61.77,
2008,17, 0.321,287.74, 76.42, 58.05, 67.24,
2008,18, 0.360,288.96, 78.12, 64.20, 71.16,
2008,19, 0.399,290.37, 80.03, 65.19, 72.61,
2008,20, 0.426,291.04, 79.67, 70.40, 75.04,
2008,21, 0.453,292.63, 81.88, 63.65, 72.77,
2008,22, 0.471,294.20, 82.90, 52.81, 67.86,
2008,23, 0.486,294.97, 85.93, 47.01, 66.47,
2008,24, 0.494,295.64, 88.23, 39.53, 63.88,
2008,25, 0.496,296.08, 88.37, 33.08, 60.73,
2008,26, 0.493,296.48, 86.58, 27.74, 57.16,
2008,27, 0.484,296.48, 81.97, 28.09, 55.03,
2008,28, 0.473,296.43, 78.80, 29.96, 54.38,
2008,29, 0.459,296.67, 74.83, 28.99, 51.91,
2008,30, 0.442,296.73, 69.64, 29.59, 49.62,
2008,31, 0.428,296.44, 66.89, 33.34, 50.12,
2008,32, 0.425,296.37, 69.98, 33.22, 51.60,
2008,33, 0.417,296.33, 70.62, 30.12, 50.37,
2008,34, 0.403,295.93, 68.17, 31.29, 49.73,
2008,35, 0.386,294.96, 65.51, 35.98, 50.75,
2008,36, 0.361,293.31, 61.66, 40.10, 50.88,
2008,37, 0.338,291.60, 59.82, 40.89, 50.36,
2008,38, 0.316,290.22, 56.59, 40.20, 48.39,
2008,39, 0.301,289.16, 56.89, 36.06, 46.48,
2008,40, 0.293,287.97, 61.52, 30.40, 45.96,
2008,41, 0.282,286.97, 68.02, 16.88, 42.45,
2008,42, 0.270,286.09, 74.87,  7.88, 41.38,
2008,43, 0.253,284.73, 81.17,  4.64, 42.90,
2008,44, 0.230,282.74, 84.87,  4.61, 44.74,
2008,45, 0.209,280.04, 89.18,  8.23, 48.71,
2008,46, 0.184,277.74, 89.21, 11.24, 50.23,
2008,47, 0.155,275.04, 84.84, 16.22, 50.53,
2008,48, 0.130,271.86, 79.59, 23.35, 51.47,
2008,49, 0.107,268.18, 71.91, 32.57, 52.24,
2008,50, 0.089,265.46, 63.71, 36.87, 50.29,
2008,51, 0.075,263.74, 58.43, 36.85, 47.64,
2008,52, 0.064,262.12, 53.04, 38.58, 45.81,
2009, 1, 0.051,260.02, 44.06, 43.90, 43.98,
2009, 2, 0.044,259.38, 39.32, 45.88, 42.60,
2009, 3, 0.040,258.83, 37.96, 48.18, 43.07,
2009, 4, 0.038,259.09, 35.19, 48.49, 41.84,
2009, 5, 0.036,259.80, 29.34, 50.18, 39.76,
2009, 6, 0.037,260.60, 26.20, 51.30, 38.75,
2009, 7, 0.041,262.59, 27.12, 48.24, 37.68,
2009, 8, 0.047,264.20, 29.01, 47.88, 38.45,
2009, 9, 0.057,265.79, 33.19, 50.38, 41.79,
2009,10, 0.074,268.16, 38.94, 51.17, 45.06,
2009,11, 0.100,271.96, 47.22, 45.87, 46.55,
2009,12, 0.137,276.96, 58.84, 38.48, 48.66,
2009,13, 0.183,281.72, 71.11, 31.00, 51.06,
2009,14, 0.229,285.94, 80.58, 21.19, 50.89,
2009,15, 0.274,289.39, 86.98, 11.54, 49.26,
2009,16, 0.320,291.49, 91.86, 10.43, 51.15,
2009,17, 0.358,293.29, 92.36, 11.36, 51.86,
2009,18, 0.389,294.44, 90.37, 15.02, 52.70,
2009,19, 0.420,295.49, 89.07, 17.30, 53.19,
2009,20, 0.443,296.15, 87.28, 21.05, 54.17,
2009,21, 0.460,296.08, 84.93, 29.08, 57.01,
2009,22, 0.472,295.90, 83.03, 35.76, 59.39,
2009,23, 0.480,295.76, 82.64, 39.13, 60.89,
2009,24, 0.485,295.78, 82.95, 38.21, 60.58,
2009,25, 0.486,296.00, 82.25, 34.22, 58.23,
2009,26, 0.485,296.36, 80.89, 29.26, 55.07,
2009,27, 0.480,297.04, 79.44, 21.18, 50.31,
2009,28, 0.466,297.34, 74.01, 18.17, 46.09,
2009,29, 0.452,297.77, 69.42, 14.82, 42.12,
2009,30, 0.434,298.07, 64.18, 12.78, 38.48,
2009,31, 0.421,298.36, 61.82,  9.42, 35.62,
2009,32, 0.410,298.62, 60.28,  6.29, 33.29,
2009,33, 0.397,298.52, 56.85,  4.36, 30.60,
2009,34, 0.382,298.40, 53.52,  2.63, 28.07,
2009,35, 0.366,298.07, 52.50,  2.15, 27.33,
2009,36, 0.347,297.14, 52.78,  3.05, 27.92,
2009,37, 0.326,295.89, 52.92,  4.16, 28.54,
2009,38, 0.303,293.62, 49.47,  9.77, 29.62,
2009,39, 0.278,291.59, 44.26, 13.17, 28.71,
2009,40, 0.250,289.94, 37.91, 10.88, 24.39,
2009,41, 0.216,286.96, 30.93, 18.14, 24.54,
2009,42, 0.180,283.29, 25.13, 35.13, 30.13,
2009,43, 0.149,279.92, 23.13, 42.94, 33.03,
2009,44, 0.128,277.21, 24.20, 41.47, 32.83,
2009,45, 0.113,275.02, 27.40, 37.51, 32.46,
2009,46, 0.103,273.16, 33.90, 34.06, 33.98,
2009,47, 0.092,270.64, 38.87, 35.62, 37.25,
2009,48, 0.082,267.43, 42.04, 41.65, 41.84,
2009,49, 0.072,262.54, 41.51, 55.36, 48.43,
2009,50, 0.065,257.83, 41.20, 67.73, 54.47,
2009,51, 0.057,253.03, 40.73, 79.54, 60.13,
2009,52, 0.050,249.11, 38.98, 88.29, 63.64,
2010, 1, 0.038,249.36, 29.46, 83.94, 56.70,
2010, 2, 0.033,248.98, 26.65, 84.43, 55.54,
2010, 3, 0.028,248.31, 24.42, 85.69, 55.05,
2010, 4, 0.024,247.65, 19.72, 86.14, 52.93,
2010, 5, 0.023,247.66, 17.41, 86.21, 51.81,
2010, 6, 0.024,249.21, 16.18, 83.39, 49.79,
2010, 7, 0.025,251.72, 15.89, 79.11, 47.50,
2010, 8, 0.030,254.95, 18.05, 74.67, 46.36,
2010, 9, 0.039,259.44, 22.40, 70.04, 46.22,
2010,10, 0.055,264.80, 28.51, 61.95, 45.23,
2010,11, 0.078,270.58, 35.91, 50.10, 43.01,
2010,12, 0.107,276.06, 43.98, 40.74, 42.36,
2010,13, 0.135,279.85, 48.61, 37.42, 43.02,
2010,14, 0.168,283.71, 53.10, 30.85, 41.97,
2010,15, 0.206,287.09, 56.66, 24.56, 40.61,
2010,16, 0.249,289.26, 60.75, 26.13, 43.44,
2010,17, 0.285,290.55, 61.22, 33.70, 47.46,
2010,18, 0.313,291.38, 58.22, 42.04, 50.13,
2010,19, 0.344,291.61, 56.17, 53.29, 54.73,
2010,20, 0.377,291.53, 57.33, 64.97, 61.15,
2010,21, 0.407,291.71, 59.10, 71.78, 65.44,
2010,22, 0.436,292.37, 63.87, 70.62, 67.25,
2010,23, 0.456,293.24, 69.70, 64.59, 67.14,
2010,24, 0.470,294.19, 74.90, 55.20, 65.05,
2010,25, 0.477,294.87, 76.74, 47.05, 61.90,
2010,26, 0.475,295.37, 75.08, 41.35, 58.21,
2010,27, 0.478,296.03, 77.79, 33.91, 55.85,
2010,28, 0.476,296.48, 80.31, 29.36, 54.84,
2010,29, 0.470,296.82, 81.42, 27.05, 54.23,
2010,30, 0.467,297.51, 84.46, 19.87, 52.17,
2010,31, 0.459,297.63, 85.09, 18.44, 51.76,
2010,32, 0.450,297.31, 84.72, 21.58, 53.15,
2010,33, 0.438,296.61, 82.91, 26.59, 54.75,
2010,34, 0.421,295.29, 78.97, 38.85, 58.91,
2010,35, 0.403,293.32, 75.96, 54.27, 65.11,
2010,36, 0.384,291.56, 74.41, 57.21, 65.81,
2010,37, 0.368,290.56, 75.22, 49.92, 62.57,
2010,38, 0.348,289.25, 72.33, 49.09, 60.71,
2010,39, 0.327,287.93, 69.78, 47.87, 58.83,
2010,40, 0.306,286.16, 68.02, 49.38, 58.70,
2010,41, 0.277,284.09, 64.95, 48.46, 56.71,
2010,42, 0.246,282.08, 61.23, 46.31, 53.77,
2010,43, 0.224,281.18, 64.82, 33.14, 48.98,
2010,44, 0.205,280.49, 69.50, 19.92, 44.71,
2010,45, 0.182,278.38, 71.62, 18.09, 44.86,
2010,46, 0.156,275.78, 69.64, 21.03, 45.34,
2010,47, 0.127,271.94, 64.64, 29.75, 47.20,
2010,48, 0.097,266.85, 53.80, 43.63, 48.72,
2010,49, 0.076,263.30, 45.13, 51.77, 48.45,
2010,50, 0.062,260.31, 38.87, 57.07, 47.97,
2010,51, 0.052,258.98, 35.35, 55.67, 45.51,
2010,52, 0.047,258.48, 35.38, 52.85, 44.11,
2011, 1, 0.042,258.34, 33.88, 50.73, 42.31,
2011, 2, 0.039,259.20, 32.79, 46.86, 39.83,
2011, 3, 0.038,260.85, 34.38, 40.66, 37.52,
2011, 4, 0.041,263.09, 37.09, 34.21, 35.65,
2011, 5, 0.044,264.88, 35.72, 33.36, 34.54,
2011, 6, 0.045,265.47, 32.44, 36.04, 34.24,
2011, 7, 0.048,266.77, 31.46, 35.40, 33.43,
2011, 8, 0.049,267.36, 29.77, 38.23, 34.00,
2011, 9, 0.058,269.19, 32.97, 39.52, 36.25,
2011,10, 0.074,272.49, 38.72, 36.73, 37.72,
2011,11, 0.093,275.84, 43.58, 31.76, 37.67,
2011,12, 0.121,279.53, 51.10, 28.39, 39.75,
2011,13, 0.152,282.65, 56.66, 26.49, 41.58,
2011,14, 0.184,285.22, 60.24, 23.61, 41.92,
2011,15, 0.220,288.19, 62.91, 17.71, 40.31,
2011,16, 0.259,290.76, 65.05, 14.83, 39.94,
2011,17, 0.299,292.87, 67.00, 14.15, 40.58,
2011,18, 0.337,294.59, 68.54, 13.29, 40.92,
2011,19, 0.378,295.99, 71.11, 12.43, 41.77,
2011,20, 0.417,297.20, 75.21, 10.88, 43.04,
2011,21, 0.446,297.76, 78.19, 12.46, 45.32,
2011,22, 0.466,298.35, 79.53, 11.45, 45.49,
2011,23, 0.475,298.60, 79.69, 10.70, 45.20,
2011,24, 0.474,297.92, 76.81, 15.47, 46.14,
2011,25, 0.474,297.39, 75.42, 18.35, 46.88,
2011,26, 0.475,297.16, 75.15, 19.67, 47.41,
2011,27, 0.473,296.91, 75.23, 22.80, 49.02,
2011,28, 0.470,296.67, 77.30, 26.81, 52.05,
2011,29, 0.466,296.60, 79.64, 30.03, 54.83,
2011,30, 0.462,296.48, 81.67, 32.92, 57.29,
2011,31, 0.456,296.42, 83.84, 33.57, 58.71,
2011,32, 0.450,296.30, 85.22, 34.06, 59.64,
2011,33, 0.444,296.43, 86.59, 28.97, 57.78,
2011,34, 0.435,296.57, 87.23, 23.59, 55.41,
2011,35, 0.420,296.49, 85.54, 18.88, 52.21,
2011,36, 0.403,296.17, 83.81, 12.02, 47.91,
2011,37, 0.380,295.39, 80.85,  8.25, 44.55,
2011,38, 0.357,294.23, 76.28,  4.81, 40.55,
2011,39, 0.332,292.46, 71.34,  4.97, 38.16,
2011,40, 0.304,290.05, 66.60,  8.99, 37.80,
2011,41, 0.276,287.66, 64.33,  9.83, 37.08,
2011,42, 0.251,286.09, 64.15,  8.46, 36.31,
2011,43, 0.225,284.23, 64.78,  9.12, 36.95,
2011,44, 0.200,282.35, 66.01,  7.43, 36.72,
2011,45, 0.174,280.70, 65.71,  4.53, 35.12,
2011,46, 0.151,278.62, 65.87,  6.81, 36.34,
2011,47, 0.131,276.64, 66.58,  9.18, 37.88,
2011,48, 0.114,274.48, 65.82, 12.53, 39.18,
2011,49, 0.100,271.95, 64.16, 17.14, 40.65,
2011,50, 0.089,270.21, 61.51, 17.52, 39.52,
2011,51, 0.079,267.98, 60.17, 19.81, 39.99,
2011,52, 0.071,265.10, 58.19, 26.56, 42.37,
2012, 1, 0.061,262.23, 53.29, 34.76, 44.03,
2012, 2, 0.054,259.75, 49.28, 43.97, 46.62,
2012, 3, 0.050,257.67, 48.28, 52.37, 50.32,
2012, 4, 0.045,255.99, 41.36, 59.51, 50.44,
2012, 5, 0.043,255.35, 34.68, 64.90, 49.79,
2012, 6, 0.042,256.33, 30.25, 64.83, 47.54,
2012, 7, 0.043,258.03, 27.79, 62.42, 45.11,
2012, 8, 0.050,261.13, 30.72, 57.51, 44.12,
2012, 9, 0.059,264.55, 33.57, 54.61, 44.09,
2012,10, 0.072,268.76, 37.52, 49.34, 43.43,
2012,11, 0.095,274.58, 44.48, 36.31, 40.39,
2012,12, 0.116,278.35, 48.17, 32.72, 40.44,
2012,13, 0.138,281.07, 49.92, 32.79, 41.36,
2012,14, 0.163,283.36, 50.43, 32.62, 41.52,
2012,15, 0.197,285.71, 52.52, 33.04, 42.78,
2012,16, 0.244,288.50, 58.42, 31.94, 45.18,
2012,17, 0.293,290.91, 64.55, 30.94, 47.75,
2012,18, 0.333,292.41, 66.70, 32.98, 49.84,
2012,19, 0.362,293.10, 64.14, 39.53, 51.84,
2012,20, 0.379,293.03, 58.40, 51.08, 54.74,
2012,21, 0.386,292.44, 48.73, 64.93, 56.83,
2012,22, 0.441,294.03, 66.65, 54.32, 60.48,
2012,23, 0.462,294.54, 72.24, 51.24, 61.74,
2012,24, 0.478,295.13, 78.53, 45.00, 61.76,
2012,25, 0.488,295.80, 82.86, 36.31, 59.58,
2012,26, 0.491,296.18, 83.60, 31.55, 57.57,
2012,27, 0.486,296.99, 81.92, 22.12, 52.02,
2012,28, 0.479,297.16, 80.50, 21.12, 50.81,
2012,29, 0.463,297.19, 75.47, 23.02, 49.24,
2012,30, 0.451,297.23, 73.01, 23.92, 48.47,
2012,31, 0.442,297.14, 73.05, 24.90, 48.97,
2012,32, 0.433,296.98, 72.98, 26.19, 49.59,
2012,33, 0.428,296.68, 74.85, 26.31, 50.58,
2012,34, 0.422,296.12, 76.85, 29.31, 53.08,
2012,35, 0.415,295.28, 80.22, 32.54, 56.38,
2012,36, 0.410,294.80, 85.49, 25.47, 55.48,
2012,37, 0.402,294.25, 88.86, 18.22, 53.54,
2012,38, 0.387,293.31, 88.91, 13.04, 50.98,
2012,39, 0.368,291.74, 87.58, 12.22, 49.90,
2012,40, 0.346,289.94, 87.12, 11.10, 49.11,
2012,41, 0.325,288.09, 88.66,  7.41, 48.04,
2012,42, 0.298,285.76, 87.16, 11.63, 49.40,
2012,43, 0.266,282.72, 85.36, 20.91, 53.14,
2012,44, 0.232,279.67, 83.34, 25.53, 54.44,
2012,45, 0.194,276.38, 77.67, 30.04, 53.85,
2012,46, 0.156,272.34, 69.52, 38.31, 53.92,
2012,47, 0.116,266.93, 56.54, 51.89, 54.21,
2012,48, 0.085,260.73, 44.00, 68.47, 56.23,
2012,49, 0.062,254.96, 32.89, 82.61, 57.75,
2012,50, 0.048,251.37, 25.01, 87.24, 56.12,
2012,51, 0.039,248.70, 22.46, 89.07, 55.76,
2012,52, 0.032,247.56, 19.82, 87.92, 53.87,
2013, 1, 0.038,247.94, 27.68, 83.75, 55.71,
2013, 2, 0.036,246.96, 29.62, 85.56, 57.59,
2013, 3, 0.036,245.26, 32.43, 88.70, 60.56,
2013, 4, 0.036,243.88, 31.17, 90.99, 61.08,
2013, 5, 0.035,244.41, 27.34, 91.11, 59.23,
2013, 6, 0.035,246.39, 23.68, 88.97, 56.33,
2013, 7, 0.034,248.89, 21.28, 85.91, 53.59,
2013, 8, 0.036,250.21, 20.88, 86.01, 53.45,
2013, 9, 0.042,251.31, 22.22, 88.68, 55.45,
2013,10, 0.048,252.09, 23.09, 90.60, 56.85,
2013,11, 0.055,252.70, 22.85, 93.35, 58.10,
2013,12, 0.066,254.30, 23.01, 95.26, 59.14,
2013,13, 0.083,258.56, 22.90, 95.09, 59.00,
2013,14, 0.107,264.40, 23.68, 94.18, 58.93,
2013,15, 0.146,271.98, 27.80, 91.18, 59.49,
2013,16, 0.205,280.60, 38.84, 81.91, 60.38,
2013,17, 0.259,287.01, 47.15, 63.74, 55.45,
2013,18, 0.304,290.92, 51.89, 47.00, 49.45,
2013,19, 0.340,292.64, 52.76, 44.12, 48.44,
2013,20, 0.372,293.67, 53.53, 44.85, 49.19,
2013,21, 0.403,294.66, 55.94, 42.99, 49.46,
2013,22, 0.428,294.92, 58.64, 45.41, 52.03,
2013,23, 0.453,295.28, 65.81, 44.07, 54.94,
2013,24, 0.469,295.41, 71.27, 42.87, 57.07,
2013,25, 0.480,295.81, 75.61, 37.75, 56.68,
2013,26, 0.484,296.10, 77.08, 34.14, 55.61,
2013,27, 0.479,296.05, 75.21, 35.81, 55.51,
2013,28, 0.471,295.77, 73.25, 42.64, 57.94,
2013,29, 0.468,296.09, 76.29, 42.00, 59.14,
2013,30, 0.464,296.29, 77.95, 42.07, 60.01,
2013,31, 0.450,295.95, 74.88, 48.09, 61.49,
2013,32, 0.437,295.76, 72.59, 49.57, 61.08,
2013,33, 0.421,295.19, 68.34, 53.93, 61.13,
2013,34, 0.397,294.01, 60.68, 61.37, 61.02,
2013,35, 0.366,291.82, 52.29, 73.12, 62.70,
2013,36, 0.332,289.23, 45.25, 79.28, 62.26,
2013,37, 0.300,287.06, 40.50, 78.45, 59.48,
2013,38, 0.271,285.67, 35.38, 79.05, 57.22,
2013,39, 0.240,284.53, 29.48, 78.61, 54.05,
2013,40, 0.215,283.16, 26.28, 77.60, 51.94,
2013,41, 0.195,282.07, 26.86, 65.79, 46.33,
2013,42, 0.183,282.14, 32.52, 41.28, 36.90,
2013,43, 0.168,281.39, 37.17, 28.22, 32.69,
2013,44, 0.149,280.04, 39.80, 21.76, 30.78,
2013,45, 0.144,278.24, 49.86, 19.22, 34.54,
2013,46, 0.125,275.05, 49.82, 24.97, 37.39,
2013,47, 0.111,272.83, 52.74, 26.06, 39.40,
2013,48, 0.106,270.63, 59.53, 28.17, 43.85,
2013,49, 0.105,268.56, 65.80, 30.02, 47.91,
2013,50, 0.104,268.20, 70.17, 24.61, 47.39,
2013,51, 0.099,267.39, 73.00, 21.32, 47.16,
2013,52, 0.090,266.30, 72.50, 21.38, 46.94,
2014, 1, 0.079,263.92, 69.28, 27.23, 48.26,
2014, 2, 0.068,260.75, 63.14, 37.48, 50.31,
2014, 3, 0.061,257.62, 58.96, 47.36, 53.16,
2014, 4, 0.060,256.47, 55.12, 51.28, 53.20,
2014, 5, 0.061,257.91, 49.77, 50.79, 50.28,
2014, 6, 0.067,261.82, 48.11, 43.72, 45.91,
2014, 7, 0.079,266.67, 51.40, 33.46, 42.43,
2014, 8, 0.101,271.61, 60.85, 23.35, 42.10,
2014, 9, 0.128,275.63, 71.64, 16.87, 44.26,
2014,10, 0.158,279.21, 81.33, 12.39, 46.86,
2014,11, 0.183,282.61, 84.73,  7.01, 45.87,
2014,12, 0.209,284.89, 87.33,  7.38, 47.36,
2014,13, 0.231,286.58, 87.46,  9.32, 48.39,
2014,14, 0.258,287.93, 87.14,  9.51, 48.33,
2014,15, 0.286,288.88, 85.80, 12.51, 49.16,
2014,16, 0.317,289.91, 84.47, 21.29, 52.88,
2014,17, 0.349,290.98, 83.21, 31.48, 57.35,
2014,18, 0.377,291.84, 81.27, 39.19, 60.23,
2014,19, 0.403,292.63, 78.90, 44.60, 61.75,
2014,20, 0.424,293.05, 76.65, 51.25, 63.95,
2014,21, 0.444,293.30, 75.33, 56.81, 66.07,
2014,22, 0.459,293.80, 74.62, 57.01, 65.81,
2014,23, 0.477,294.96, 78.21, 47.58, 62.89,
2014,24, 0.484,295.40, 79.76, 43.26, 61.51,
2014,25, 0.489,295.89, 80.71, 37.02, 58.87,
2014,26, 0.487,296.25, 78.85, 32.65, 55.75,
2014,27, 0.480,296.64, 76.04, 28.69, 52.37,
2014,28, 0.471,296.87, 73.43, 29.13, 51.28,
2014,29, 0.464,297.01, 73.39, 30.66, 52.02,
2014,30, 0.457,297.14, 73.96, 31.89, 52.93,
2014,31, 0.448,296.95, 73.86, 36.70, 55.28,
2014,32, 0.439,296.57, 73.60, 41.10, 57.35,
2014,33, 0.430,296.18, 73.32, 43.83, 58.57,
2014,34, 0.420,295.73, 73.85, 43.64, 58.75,
2014,35, 0.406,294.72, 74.31, 43.56, 58.93,
2014,36, 0.391,293.41, 74.84, 40.95, 57.90,
2014,37, 0.372,292.11, 74.24, 36.66, 55.45,
2014,38, 0.345,290.90, 69.27, 33.99, 51.63,
2014,39, 0.308,289.02, 60.37, 37.09, 48.73,
2014,40, 0.272,286.41, 52.91, 45.27, 49.09,
2014,41, 0.240,283.90, 48.05, 47.68, 47.87,
2014,42, 0.210,282.01, 44.96, 42.53, 43.74,
2014,43, 0.182,280.18, 43.93, 37.45, 40.69,
2014,44, 0.155,278.06, 42.47, 35.00, 38.73,
2014,45, 0.135,274.75, 43.64, 39.43, 41.54,
2014,46, 0.100,270.60, 32.95, 46.99, 39.97,
2014,47, 0.081,268.16, 30.63, 46.35, 38.49,
2014,48, 0.072,265.06, 33.32, 50.65, 41.98,
2014,49, 0.067,261.14, 34.39, 58.66, 46.52,
2014,50, 0.066,259.69, 38.04, 56.46, 47.25,
2014,51, 0.067,260.00, 45.37, 48.41, 46.89,
2014,52, 0.066,260.31, 50.64, 42.93, 46.79,
2015, 1, 0.066,260.54, 56.30, 39.35, 47.82,
2015, 2, 0.068,261.03, 63.74, 36.57, 50.16,
2015, 3, 0.073,263.16, 72.27, 28.78, 50.53,
2015, 4, 0.080,265.33, 75.43, 23.24, 49.33,
2015, 5, 0.086,267.42, 71.29, 22.39, 46.84,
2015, 6, 0.092,269.77, 67.25, 20.68, 43.96,
2015, 7, 0.101,272.09, 67.16, 17.91, 42.54,
2015, 8, 0.118,274.82, 71.83, 14.43, 43.13,
2015, 9, 0.137,277.44, 77.56, 12.04, 44.80,
2015,10, 0.156,279.86, 80.65, 10.97, 45.81,
2015,11, 0.174,282.52, 80.32,  7.79, 44.06,
2015,12, 0.189,283.77, 78.56, 11.16, 44.86,
2015,13, 0.203,285.13, 75.33, 14.21, 44.77,
2015,14, 0.220,286.55, 71.15, 14.90, 43.03,
2015,15, 0.243,288.72, 67.94, 13.58, 40.76,
2015,16, 0.275,290.73, 67.22, 16.40, 41.81,
2015,17, 0.312,292.65, 68.06, 18.06, 43.06,
2015,18, 0.347,293.78, 69.17, 21.89, 45.53,
2015,19, 0.380,294.63, 69.19, 25.68, 47.43,
2015,20, 0.410,295.30, 70.29, 29.27, 49.78,
2015,21, 0.437,296.08, 72.06, 29.18, 50.62,
2015,22, 0.455,296.36, 72.46, 31.41, 51.93,
2015,23, 0.473,296.91, 76.11, 27.86, 51.98,
2015,24, 0.483,297.21, 79.15, 23.82, 51.48,
2015,25, 0.486,297.30, 79.07, 20.91, 49.99,
2015,26, 0.481,297.35, 75.26, 19.60, 47.43,
2015,27, 0.470,297.63, 69.21, 16.67, 42.94,
2015,28, 0.457,298.36, 64.73, 10.98, 37.86,
2015,29, 0.445,298.81, 62.03,  9.06, 35.55,
2015,30, 0.434,299.27, 60.38,  7.48, 33.93,
2015,31, 0.420,299.79, 57.81,  5.88, 31.84,
2015,32, 0.402,299.98, 52.39,  5.59, 28.99,
2015,33, 0.383,299.96, 46.30,  5.82, 26.06,
2015,34, 0.359,299.06, 39.32,  9.62, 24.47,
2015,35, 0.333,297.51, 34.36, 15.26, 24.81,
2015,36, 0.313,296.04, 35.50, 16.84, 26.17,
2015,37, 0.295,294.23, 37.56, 18.95, 28.26,
2015,38, 0.272,292.26, 35.46, 22.01, 28.74,
2015,39, 0.247,290.41, 32.26, 24.24, 28.25,
2015,40, 0.224,288.20, 30.27, 27.82, 29.04,
2015,41, 0.202,285.73, 29.93, 29.96, 29.94,
2015,42, 0.181,283.53, 31.53, 29.42, 30.48,
2015,43, 0.165,281.79, 35.78, 25.38, 30.58,
2015,44, 0.147,280.72, 39.04, 17.48, 28.26,
2015,45, 0.141,279.14, 48.47, 14.08, 31.28,
2015,46, 0.123,276.45, 49.10, 17.99, 33.55,
2015,47, 0.110,274.49, 51.97, 18.78, 35.37,
2015,48, 0.103,272.21, 56.73, 21.70, 39.21,
2015,49, 0.101,270.18, 62.88, 23.77, 43.32,
2015,50, 0.102,269.78, 68.81, 18.86, 43.84,
2015,51, 0.098,268.25, 72.52, 18.42, 45.47,
2015,52, 0.091,266.16, 73.79, 22.04, 47.91,
2016, 1, 0.083,263.89, 73.37, 27.45, 50.41,
2016, 2, 0.075,261.72, 71.54, 34.13, 52.83,
2016, 3, 0.073,261.49, 72.34, 34.40, 53.37,
2016, 4, 0.077,262.95, 72.15, 30.73, 51.44,
2016, 5, 0.083,265.25, 67.65, 28.69, 48.17,
2016, 6, 0.088,267.72, 63.51, 26.41, 44.96,
2016, 7, 0.093,269.37, 61.21, 25.68, 43.45,
2016, 8, 0.100,269.68, 60.42, 29.44, 44.93,
2016, 9, 0.106,269.04, 58.89, 37.03, 47.96,
2016,10, 0.109,268.24, 55.23, 44.92, 50.07,
2016,11, 0.164,278.67, 75.81, 18.93, 47.37,
2016,12, 0.189,281.22, 78.89, 18.44, 48.66,
2016,13, 0.215,283.97, 80.78, 17.76, 49.27,
2016,14, 0.244,286.12, 81.39, 16.50, 48.95,
2016,15, 0.274,288.06, 81.25, 17.00, 49.13,
2016,16, 0.306,289.40, 80.21, 25.44, 52.83,
2016,17, 0.338,290.69, 78.87, 34.70, 56.79,
2016,18, 0.364,291.57, 76.30, 42.19, 59.24,
2016,19, 0.388,292.38, 72.85, 47.18, 60.02,
2016,20, 0.411,293.32, 71.18, 48.57, 59.87,
2016,21, 0.433,294.17, 70.55, 48.11, 59.33,
2016,22, 0.450,294.46, 70.22, 50.41, 60.31,
2016,23, 0.466,295.17, 72.75, 45.53, 59.14,
2016,24, 0.475,295.79, 74.58, 38.93, 56.76,
2016,25, 0.481,296.31, 76.30, 32.14, 54.22,
2016,26, 0.481,296.48, 75.13, 29.85, 52.49,
2016,27, 0.474,296.86, 72.15, 25.99, 49.07,
2016,28, 0.466,297.49, 69.93, 21.47, 45.70,
2016,29, 0.455,297.76, 68.03, 21.62, 44.83,
2016,30, 0.443,298.08, 65.70, 21.11, 43.40,
2016,31, 0.428,298.51, 62.33, 19.75, 41.04,
2016,32, 0.413,298.81, 58.44, 17.73, 38.08,
2016,33, 0.397,299.04, 54.24, 15.09, 34.67,
2016,34, 0.376,298.83, 48.63, 11.98, 30.31,
2016,35, 0.352,297.91, 44.87, 11.32, 28.10,
2016,36, 0.325,296.47, 41.57, 13.10, 27.33,
2016,37, 0.296,294.50, 38.41, 16.96, 27.68,
2016,38, 0.268,292.13, 33.49, 23.62, 28.55,
2016,39, 0.230,288.54, 24.60, 41.82, 33.21,
2016,40, 0.196,284.88, 17.47, 60.42, 38.95,
2016,41, 0.167,281.24, 13.43, 73.46, 43.45,
2016,42, 0.140,277.25, 11.19, 82.73, 46.96,
2016,43, 0.114,274.07, 10.01, 81.30, 45.65,
2016,44, 0.091,271.80,  8.23, 74.54, 41.38,
2016,45, 0.073,269.20,  7.47, 70.69, 39.08,
2016,46, 0.064,266.56, 10.34, 66.83, 38.58,
2016,47, 0.058,264.12, 15.01, 64.26, 39.64,
2016,48, 0.058,261.71, 23.17, 64.66, 43.91,
2016,49, 0.055,259.05, 26.30, 67.06, 46.68,
2016,50, 0.055,258.31, 29.86, 61.54, 45.70,
2016,51, 0.056,257.81, 35.81, 55.96, 45.88,
2016,52, 0.051,256.98, 37.10, 54.10, 45.60,
2017, 1, 0.048,256.87, 38.10, 51.67, 44.88,
2017, 2, 0.046,256.10, 40.62, 53.32, 46.97,
2017, 3, 0.045,254.87, 41.85, 56.28, 49.07,
2017, 4, 0.044,254.80, 39.85, 56.58, 48.21,
2017, 5, 0.046,257.01, 36.78, 53.72, 45.25,
2017, 6, 0.051,260.56, 36.05, 47.79, 41.92,
2017, 7, 0.060,264.70, 38.76, 39.72, 39.24,
2017, 8, 0.076,268.06, 45.62, 34.33, 39.97,
2017, 9, 0.097,271.56, 54.00, 29.48, 41.74,
2017,10, 0.120,275.54, 61.27, 23.37, 42.32,
2017,11, 0.142,279.20, 64.90, 17.12, 41.01,
2017,12, 0.166,281.77, 68.44, 16.50, 42.47,
2017,13, 0.193,284.69, 71.21, 15.11, 43.16,
2017,14, 0.222,287.24, 72.27, 11.91, 42.09,
2017,15, 0.250,289.00, 71.34, 11.91, 41.62,
2017,16, 0.277,290.47, 68.40, 17.82, 43.11,
2017,17, 0.304,291.10, 65.16, 30.86, 48.01,
2017,18, 0.333,291.75, 64.01, 40.10, 52.06,
2017,19, 0.365,292.45, 63.27, 46.03, 54.65,
2017,20, 0.397,293.27, 64.88, 48.77, 56.82,
2017,21, 0.428,294.04, 67.75, 49.18, 58.47,
2017,22, 0.451,294.34, 70.72, 51.35, 61.03,
2017,23, 0.470,294.82, 75.22, 48.80, 62.01,
2017,24, 0.485,295.38, 80.36, 43.24, 61.80,
2017,25, 0.496,295.49, 85.05, 41.44, 63.25,
2017,26, 0.500,295.64, 87.35, 39.73, 63.54,
2017,27, 0.496,295.95, 86.24, 37.01, 61.62,
2017,28, 0.487,296.01, 84.07, 39.67, 61.87,
2017,29, 0.476,295.99, 81.11, 43.20, 62.15,
2017,30, 0.464,296.06, 78.49, 44.72, 61.61,
2017,31, 0.451,296.13, 75.99, 46.13, 61.06,
2017,32, 0.437,295.92, 72.88, 48.12, 60.50,
2017,33, 0.425,295.55, 71.04, 50.47, 60.75,
2017,34, 0.408,294.49, 67.59, 56.59, 62.09,
2017,35, 0.390,293.28, 65.93, 58.41, 62.17,
2017,36, 0.372,291.67, 65.26, 57.01, 61.14,
2017,37, 0.350,289.54, 63.63, 58.04, 60.83,
2017,38, 0.326,288.09, 60.67, 58.37, 59.52,
2017,39, 0.302,286.85, 57.52, 57.27, 57.40,
2017,40, 0.271,284.74, 52.22, 61.89, 57.05,
2017,41, 0.239,282.22, 47.70, 64.30, 56.00,
2017,42, 0.207,279.61, 43.68, 63.09, 53.39,
2017,43, 0.180,277.34, 43.52, 58.07, 50.79,
2017,44, 0.159,275.67, 45.54, 50.36, 47.95,
2017,45, 0.147,273.87, 51.66, 44.36, 48.01,
2017,46, 0.127,271.98, 51.52, 39.99, 45.75,
2017,47, 0.111,269.90, 52.37, 38.59, 45.48,
2017,48, 0.098,266.89, 53.18, 42.97, 48.07,
2017,49, 0.091,263.38, 54.35, 49.69, 52.02,
2017,50, 0.088,262.15, 56.54, 46.86, 51.70,
2017,51, 0.088,262.70, 64.07, 38.02, 51.04,
2017,52, 0.083,262.47, 68.45, 35.61, 52.03,
2018, 1, 0.078,261.74, 72.35, 33.75, 53.05,
2018, 2, 0.075,260.46, 73.11, 37.70, 55.41,
2018, 3, 0.072,259.73, 71.37, 43.52, 57.44,
2018, 4, 0.068,257.68, 64.94, 48.50, 56.72,
2018, 5, 0.061,255.35, 51.63, 57.07, 54.35,
2018, 6, 0.058,255.91, 39.98, 64.43, 52.21,
2018, 7, 0.058,257.68, 34.97, 63.21, 49.09,
2018, 8, 0.062,259.08, 35.59, 62.04, 48.81,
2018, 9, 0.071,261.15, 38.08, 61.51, 49.79,
2018,10, 0.082,263.94, 41.99, 58.15, 50.07,
2018,11, 0.104,267.27, 45.34, 53.24, 49.29,
2018,12, 0.132,271.92, 52.34, 46.64, 49.49,
2018,13, 0.166,276.68, 60.35, 39.00, 49.68,
2018,14, 0.217,282.54, 69.40, 29.56, 49.48,
2018,15, 0.265,287.54, 75.82, 21.85, 48.84,
2018,16, 0.308,291.02, 80.59, 15.63, 48.11,
2018,17, 0.344,293.08, 81.47, 14.10, 47.79,
2018,18, 0.372,294.02, 79.65, 19.44, 49.55,
2018,19, 0.397,294.62, 76.86, 25.56, 51.21,
2018,20, 0.422,295.41, 75.90, 27.98, 51.94,
2018,21, 0.444,295.84, 75.42, 31.37, 53.40,
2018,22, 0.458,295.83, 73.95, 36.62, 55.28,
2018,23, 0.467,295.61, 73.13, 40.94, 57.04,
2018,24, 0.469,294.93, 71.36, 48.05, 59.70,
2018,25, 0.470,294.55, 69.65, 52.13, 60.89,
2018,26, 0.470,294.61, 68.59, 52.00, 60.30,
2018,27, 0.466,294.49, 66.71, 54.93, 60.82,
2018,28, 0.461,294.51, 66.80, 57.78, 62.29,
2018,29, 0.457,295.01, 69.75, 54.73, 62.24,
2018,30, 0.452,295.38, 71.65, 52.31, 61.98,
2018,31, 0.444,295.53, 72.21, 52.44, 62.32,
2018,32, 0.436,295.90, 72.72, 48.03, 60.38,
2018,33, 0.427,296.12, 72.37, 44.31, 58.34,
2018,34, 0.414,295.92, 71.14, 41.48, 56.31,
2018,35, 0.398,295.55, 70.35, 34.96, 52.65,
2018,36, 0.383,294.86, 71.30, 27.51, 49.41,
2018,37, 0.364,293.48, 71.28, 25.10, 48.19,
2018,38, 0.343,292.25, 68.96, 22.22, 45.59,
2018,39, 0.321,291.30, 66.87, 15.96, 41.41,
2018,40, 0.293,289.74, 63.42, 12.46, 37.94,
2018,41, 0.261,288.01, 58.82,  7.59, 33.21,
2018,42, 0.233,286.50, 56.52,  4.21, 30.36,
2018,43, 0.206,284.66, 56.36,  4.83, 30.60,
2018,44, 0.181,282.40, 56.88,  7.03, 31.95,
2018,45, 0.163,278.82, 60.68, 16.17, 38.43,
2018,46, 0.133,274.51, 54.82, 27.75, 41.29,
2018,47, 0.104,269.98, 46.89, 38.48, 42.68,
2018,48, 0.085,265.17, 42.76, 50.31, 46.54,
2018,49, 0.071,259.76, 37.88, 64.06, 50.97,
2018,50, 0.061,256.34, 34.03, 68.77, 51.40,
2018,51, 0.055,254.31, 35.30, 68.72, 52.01,
2018,52, 0.050,253.44, 35.78, 67.04, 51.41,
2019, 1, 0.047,252.90, 37.10, 66.08, 51.59,
2019, 2, 0.046,252.01, 40.04, 67.86, 53.95,
2019, 3, 0.048,251.47, 44.88, 67.65, 56.26,
2019, 4, 0.053,253.31, 48.98, 60.92, 54.95,
2019, 5, 0.062,257.95, 50.55, 50.56, 50.56,
2019, 6, 0.074,263.67, 53.76, 38.31, 46.04,
2019, 7, 0.092,269.55, 60.83, 25.05, 42.94,
2019, 8, 0.114,273.87, 69.73, 16.83, 43.28,
2019, 9, 0.137,276.78, 77.32, 13.59, 45.46,
2019,10, 0.158,279.63, 81.61, 11.24, 46.42,
2019,11, 0.177,282.73, 82.37,  6.68, 44.52,
2019,12, 0.196,284.60, 82.01,  8.26, 45.13,
2019,13, 0.214,286.37, 80.39, 10.07, 45.23,
2019,14, 0.238,288.11, 78.81,  9.01, 43.91,
2019,15, 0.260,289.00, 75.25, 12.30, 43.78,
2019,16, 0.285,289.70, 71.73, 23.11, 47.42,
2019,17, 0.314,290.19, 69.23, 38.19, 53.71,
2019,18, 0.345,290.60, 68.72, 50.11, 59.42,
2019,19, 0.377,290.88, 68.29, 60.54, 64.41,
2019,20, 0.409,291.39, 69.96, 66.68, 68.32,
2019,21, 0.440,292.45, 73.57, 64.83, 69.20,
2019,22, 0.459,292.79, 74.78, 66.71, 70.74,
2019,23, 0.475,293.69, 77.62, 60.05, 68.83,
2019,24, 0.487,294.82, 81.81, 48.97, 65.39,
2019,25, 0.490,295.26, 81.95, 43.83, 62.89,
2019,26, 0.485,295.44, 78.16, 41.75, 59.95,
2019,27, 0.474,295.52, 71.94, 42.02, 56.98,
2019,28, 0.462,295.69, 67.92, 43.23, 55.58,
2019,29, 0.454,295.88, 67.62, 44.06, 55.84,
2019,30, 0.437,296.25, 62.33, 42.10, 52.22,
2019,31, 0.427,296.82, 62.30, 38.10, 50.20,
2019,32, 0.417,297.27, 61.39, 33.58, 47.49,
2019,33, 0.405,297.57, 59.56, 29.61, 44.58,
2019,34, 0.391,297.54, 57.87, 24.83, 41.35,
2019,35, 0.371,296.87, 55.75, 21.66, 38.71,
2019,36, 0.352,296.01, 55.62, 17.17, 36.39,
2019,37, 0.330,294.88, 54.88, 13.85, 34.36,
2019,38, 0.302,293.36, 49.76, 12.77, 31.26,
2019,39, 0.271,292.04, 43.96,  9.26, 26.61,
2019,40, 0.242,290.47, 39.52,  5.39, 22.45,
2019,41, 0.215,288.49, 36.63,  3.04, 19.84,
2019,42, 0.194,286.83, 37.52,  1.38, 19.45,
2019,43, 0.177,285.26, 41.82,  0.57, 21.19,
2019,44, 0.160,283.41, 45.69,  0.52, 23.10,
2019,45, 0.152,281.46, 54.22,  1.04, 27.63,
2019,46, 0.130,279.28, 52.67,  4.13, 28.40,
2019,47, 0.112,277.05, 53.21,  7.56, 30.39,
2019,48, 0.104,275.31, 56.97,  8.96, 32.97,
2019,49, 0.099,273.54, 59.85, 10.41, 35.13,
2019,50, 0.095,272.14, 61.93,  9.64, 35.78,
2019,51, 0.090,270.20, 64.72, 10.74, 37.73,
2019,52, 0.085,268.75, 67.61, 12.16, 39.88,
2020, 1, 0.083,268.65, 73.46, 10.04, 41.75,
2020, 2, 0.083,268.88, 79.15,  8.64, 43.90,
2020, 3, 0.082,269.01, 81.53,  8.70, 45.12,
2020, 4, 0.085,269.42, 80.62, 10.02, 45.32,
2020, 5, 0.091,270.10, 75.44, 14.13, 44.78,
2020, 6, 0.098,271.11, 70.88, 16.47, 43.67,
2020, 7, 0.104,271.87, 68.60, 18.32, 43.46,
2020, 8, 0.119,273.64, 72.02, 17.69, 44.86,
2020, 9, 0.138,276.17, 77.61, 15.64, 46.62,
2020,10, 0.159,278.58, 82.08, 14.56, 48.32,
2020,11, 0.179,281.07, 83.12, 11.99, 47.55,
2020,12, 0.199,283.42, 83.11, 12.25, 47.68,
2020,13, 0.216,286.16, 81.02, 11.14, 46.08,
2020,14, 0.234,288.54, 77.07,  7.76, 42.41,
2020,15, 0.250,290.19, 70.87,  6.87, 38.87,
2020,16, 0.265,291.65, 63.45, 10.55, 37.00,
2020,17, 0.279,292.82, 54.86, 17.18, 36.02,
2020,18,-1.000, -1.00, -1.00, -1.00, -1.00,
2020,19,-1.000, -1.00, -1.00, -1.00, -1.00,
2020,20,-1.000, -1.00, -1.00, -1.00, -1.00,
2020,21,-1.000, -1.00, -1.00, -1.00, -1.00,
2020,22,-1.000, -1.00, -1.00, -1.00, -1.00,
2020,23,-1.000, -1.00, -1.00, -1.00, -1.00,
2020,24,-1.000, -1.00, -1.00, -1.00, -1.00,
2020,25,-1.000, -1.00, -1.00, -1.00, -1.00,
2020,26,-1.000, -1.00, -1.00, -1.00, -1.00,
2020,27,-1.000, -1.00, -1.00, -1.00, -1.00,
2020,28,-1.000, -1.00, -1.00, -1.00, -1.00,
2020,29,-1.000, -1.00, -1.00, -1.00, -1.00,
2020,30,-1.000, -1.00, -1.00, -1.00, -1.00,
2020,31,-1.000, -1.00, -1.00, -1.00, -1.00,
2020,32,-1.000, -1.00, -1.00, -1.00, -1.00,
2020,33,-1.000, -1.00, -1.00, -1.00, -1.00,
2020,34,-1.000, -1.00, -1.00, -1.00, -1.00,
2020,35,-1.000, -1.00, -1.00, -1.00, -1.00,
2020,36,-1.000, -1.00, -1.00, -1.00, -1.00,
2020,37,-1.000, -1.00, -1.00, -1.00, -1.00,
2020,38,-1.000, -1.00, -1.00, -1.00, -1.00,
2020,39,-1.000, -1.00, -1.00, -1.00, -1.00,
2020,40,-1.000, -1.00, -1.00, -1.00, -1.00,
2020,41,-1.000, -1.00, -1.00, -1.00, -1.00,
2020,42,-1.000, -1.00, -1.00, -1.00, -1.00,
2020,43,-1.000, -1.00, -1.00, -1.00, -1.00,
2020,44,-1.000, -1.00, -1.00, -1.00, -1.00,
2020,45,-1.000, -1.00, -1.00, -1.00, -1.00,
2020,46,-1.000, -1.00, -1.00, -1.00, -1.00,
2020,47,-1.000, -1.00, -1.00, -1.00, -1.00,
2020,48,-1.000, -1.00, -1.00, -1.00, -1.00,
2020,49,-1.000, -1.00, -1.00, -1.00, -1.00,
2020,50,-1.000, -1.00, -1.00, -1.00, -1.00,
2020,51,-1.000, -1.00, -1.00, -1.00, -1.00,
2020,52,-1.000, -1.00, -1.00, -1.00, -1.00,
</pre></tt>