Mean data for UKR  Province= 5: Dnipropetrovs'k,  from 1982 to 2020, weekly<br><tt><pre>1982, 1, 0.046,257.66, 51.90, 50.82, 51.36,
1982, 2, 0.042,258.32, 47.86, 46.42, 47.14,
1982, 3, 0.039,259.50, 43.05, 41.65, 42.35,
1982, 4, 0.036,260.73, 37.80, 39.25, 38.53,
1982, 5, 0.033,261.70, 32.56, 39.82, 36.19,
1982, 6, 0.032,262.51, 27.13, 42.29, 34.71,
1982, 7, 0.032,263.79, 22.37, 44.33, 33.35,
1982, 8, 0.036,265.87, 22.71, 44.59, 33.65,
1982, 9, 0.040,267.86, 22.05, 46.29, 34.17,
1982,10, 0.046,270.30, 20.92, 47.62, 34.27,
1982,11, 0.061,274.01, 25.92, 43.54, 34.73,
1982,12, 0.082,277.95, 33.00, 39.19, 36.09,
1982,13, 0.102,281.65, 38.19, 35.27, 36.73,
1982,14, 0.113,284.37, 37.54, 33.70, 35.62,
1982,15, 0.123,286.13, 34.84, 37.09, 35.96,
1982,16, 0.142,287.42, 34.46, 45.12, 39.79,
1982,17, 0.164,288.62, 33.39, 60.11, 46.75,
1982,18, 0.193,289.96, 34.01, 73.82, 53.91,
1982,19, 0.235,291.79, 36.94, 80.91, 58.92,
1982,20, 0.279,293.72, 41.97, 81.08, 61.52,
1982,21, 0.320,295.10, 48.52, 81.12, 64.82,
1982,22, 0.344,295.60, 48.98, 83.16, 66.07,
1982,23, 0.349,295.77, 43.73, 84.77, 64.25,
1982,24, 0.348,295.87, 36.81, 87.56, 62.19,
1982,25, 0.338,295.77, 29.90, 92.26, 61.08,
1982,26, 0.332,296.05, 28.10, 91.92, 60.01,
1982,27, 0.320,296.16, 23.13, 90.96, 57.04,
1982,28, 0.315,296.40, 24.79, 87.56, 56.17,
1982,29, 0.315,296.71, 29.70, 85.70, 57.70,
1982,30, 0.314,297.06, 35.81, 84.56, 60.18,
1982,31, 0.309,297.41, 39.65, 80.82, 60.23,
1982,32, 0.303,298.01, 42.58, 73.74, 58.16,
1982,33, 0.294,298.40, 44.17, 67.97, 56.07,
1982,34, 0.284,298.60, 45.89, 62.17, 54.03,
1982,35, 0.271,298.28, 47.08, 57.42, 52.25,
1982,36, 0.255,297.42, 46.81, 51.27, 49.04,
1982,37, 0.235,296.36, 45.25, 42.73, 43.99,
1982,38, 0.214,294.87, 43.76, 37.88, 40.82,
1982,39, 0.188,293.30, 40.13, 31.59, 35.86,
1982,40, 0.161,291.33, 35.62, 27.48, 31.55,
1982,41, 0.134,288.70, 32.04, 26.85, 29.45,
1982,42, 0.113,285.89, 30.21, 27.31, 28.76,
1982,43, 0.097,282.83, 29.85, 31.57, 30.71,
1982,44, 0.084,280.08, 29.29, 29.08, 29.18,
1982,45, 0.072,277.45, 27.73, 28.10, 27.91,
1982,46, 0.062,274.27, 26.80, 31.12, 28.96,
1982,47, 0.054,270.72, 26.30, 35.91, 31.10,
1982,48, 0.047,266.43, 26.14, 44.67, 35.41,
1982,49, 0.042,262.31, 26.68, 52.97, 39.82,
1982,50, 0.040,258.78, 25.98, 59.44, 42.71,
1982,51, 0.039,256.23, 30.55, 63.01, 46.78,
1982,52, 0.039,255.00, 36.02, 63.29, 49.66,
1983, 1, 0.039,255.27, 42.37, 60.31, 51.34,
1983, 2, 0.037,255.91, 42.20, 55.39, 48.79,
1983, 3, 0.037,256.71, 41.48, 51.34, 46.41,
1983, 4, 0.037,257.58, 39.75, 49.63, 44.69,
1983, 5, 0.036,259.44, 35.75, 46.71, 41.23,
1983, 6, 0.033,260.45, 29.36, 48.26, 38.81,
1983, 7, 0.033,261.84, 23.63, 49.91, 36.77,
1983, 8, 0.035,263.86, 22.10, 50.54, 36.32,
1983, 9, 0.036,265.87, 19.51, 52.39, 35.95,
1983,10, 0.041,269.16, 17.44, 51.14, 34.29,
1983,11, 0.047,273.39, 18.37, 45.47, 31.92,
1983,12, 0.056,277.84, 20.25, 39.33, 29.79,
1983,13, 0.074,282.78, 25.37, 30.82, 28.10,
1983,14, 0.094,286.33, 29.46, 25.92, 27.69,
1983,15, 0.117,289.14, 32.26, 24.15, 28.21,
1983,16, 0.139,291.06, 33.21, 27.00, 30.10,
1983,17, 0.166,293.22, 33.98, 31.05, 32.52,
1983,18, 0.201,295.48, 36.73, 33.36, 35.04,
1983,19, 0.237,296.85, 38.02, 40.04, 39.03,
1983,20, 0.269,298.18, 38.48, 42.13, 40.30,
1983,21, 0.293,299.46, 37.36, 41.09, 39.22,
1983,22, 0.307,299.75, 31.58, 45.03, 38.30,
1983,23, 0.315,299.50, 24.96, 50.05, 37.50,
1983,24, 0.313,298.92, 16.79, 58.10, 37.45,
1983,25, 0.309,298.90, 13.18, 61.71, 37.44,
1983,26, 0.305,299.05, 12.34, 62.95, 37.64,
1983,27, 0.301,299.08, 12.75, 63.28, 38.02,
1983,28, 0.290,298.82, 11.53, 64.67, 38.10,
1983,29, 0.277,298.65,  9.85, 67.20, 38.53,
1983,30, 0.261,298.32,  8.80, 72.09, 40.45,
1983,31, 0.257,298.01, 12.37, 74.74, 43.56,
1983,32, 0.256,297.96, 17.18, 73.77, 45.48,
1983,33, 0.257,298.05, 23.10, 70.92, 47.01,
1983,34, 0.255,298.10, 28.38, 66.70, 47.54,
1983,35, 0.249,298.29, 33.71, 57.05, 45.38,
1983,36, 0.233,297.22, 33.82, 52.99, 43.41,
1983,37, 0.214,296.26, 33.30, 43.64, 38.47,
1983,38, 0.196,294.86, 33.43, 37.90, 35.67,
1983,39, 0.175,292.35, 32.90, 42.19, 37.54,
1983,40, 0.158,290.30, 34.47, 38.47, 36.47,
1983,41, 0.139,287.23, 35.02, 42.20, 38.61,
1983,42, 0.120,283.96, 34.11, 45.78, 39.94,
1983,43, 0.100,280.44, 31.29, 49.71, 40.50,
1983,44, 0.079,276.50, 26.68, 51.28, 38.98,
1983,45, 0.065,272.59, 23.93, 55.33, 39.63,
1983,46, 0.057,268.70, 23.78, 59.95, 41.86,
1983,47, 0.051,265.61, 24.27, 61.93, 43.10,
1983,48, 0.049,263.34, 26.97, 59.82, 43.39,
1983,49, 0.045,261.41, 28.09, 57.21, 42.65,
1983,50, 0.045,259.26, 30.01, 57.17, 43.59,
1983,51, 0.045,257.15, 36.24, 58.94, 47.59,
1983,52, 0.044,254.44, 41.01, 65.49, 53.25,
1984, 1, 0.043,253.39, 47.18, 68.13, 57.65,
1984, 2, 0.042,252.17, 47.97, 70.72, 59.34,
1984, 3, 0.041,252.07, 46.91, 69.78, 58.34,
1984, 4, 0.040,253.31, 44.07, 65.51, 54.79,
1984, 5, 0.038,254.90, 38.33, 62.70, 50.51,
1984, 6, 0.036,255.75, 32.18, 63.59, 47.89,
1984, 7, 0.036,256.80, 26.80, 65.55, 46.18,
1984, 8, 0.037,257.84, 24.27, 68.93, 46.60,
1984, 9, 0.038,259.76, 21.21, 71.15, 46.18,
1984,10, 0.038,262.47, 16.49, 72.06, 44.28,
1984,11, 0.043,266.40, 16.61, 68.62, 42.61,
1984,12, 0.052,271.46, 18.63, 62.00, 40.32,
1984,13, 0.064,276.58, 20.86, 53.96, 37.41,
1984,14, 0.082,282.18, 24.29, 41.86, 33.07,
1984,15, 0.103,286.42, 27.21, 35.64, 31.43,
1984,16, 0.128,289.68, 29.23, 34.19, 31.71,
1984,17, 0.158,292.81, 31.59, 34.64, 33.12,
1984,18, 0.193,294.74, 34.16, 39.55, 36.86,
1984,19, 0.228,296.10, 34.69, 46.53, 40.61,
1984,20, 0.260,297.36, 34.97, 49.39, 42.18,
1984,21, 0.290,298.14, 35.82, 53.25, 44.53,
1984,22, 0.310,298.36, 33.22, 57.94, 45.58,
1984,23, 0.321,298.04, 28.15, 63.85, 46.00,
1984,24, 0.330,298.16, 26.47, 65.78, 46.13,
1984,25, 0.336,298.76, 28.95, 63.51, 46.23,
1984,26, 0.333,299.06, 29.15, 63.30, 46.22,
1984,27, 0.325,299.34, 26.60, 61.33, 43.96,
1984,28, 0.315,299.49, 25.47, 59.06, 42.26,
1984,29, 0.305,299.50, 24.81, 60.03, 42.42,
1984,30, 0.293,299.56, 24.90, 61.37, 43.14,
1984,31, 0.277,299.19, 22.56, 64.45, 43.51,
1984,32, 0.265,298.95, 21.84, 64.94, 43.39,
1984,33, 0.257,298.68, 23.47, 65.23, 44.35,
1984,34, 0.251,298.33, 26.67, 64.66, 45.66,
1984,35, 0.241,297.56, 28.85, 64.47, 46.66,
1984,36, 0.228,296.53, 30.66, 60.17, 45.42,
1984,37, 0.217,295.89, 34.42, 47.67, 41.04,
1984,38, 0.198,294.73, 34.58, 39.61, 37.10,
1984,39, 0.176,292.71, 32.79, 38.52, 35.65,
1984,40, 0.156,290.19, 32.74, 40.10, 36.42,
1984,41, 0.140,287.88, 34.50, 35.50, 35.00,
1984,42, 0.126,285.30, 36.01, 32.97, 34.49,
1984,43, 0.108,282.20, 34.76, 36.38, 35.57,
1984,44, 0.091,278.95, 32.22, 36.02, 34.12,
1984,45, 0.082,276.04, 32.17, 35.59, 33.88,
1984,46, 0.072,273.04, 31.56, 36.91, 34.24,
1984,47, 0.064,270.97, 31.84, 34.09, 32.97,
1984,48, 0.060,269.63, 34.46, 28.44, 31.45,
1984,49, 0.058,269.62, 38.73, 18.49, 28.61,
1984,50,-1.000, -1.00, -1.00, -1.00, -1.00,
1984,51,-1.000, -1.00, -1.00, -1.00, -1.00,
1984,52,-1.000, -1.00, -1.00, -1.00, -1.00,
1985, 1,-1.000, -1.00, -1.00, -1.00, -1.00,
1985, 2,-1.000, -1.00, -1.00, -1.00, -1.00,
1985, 3,-1.000, -1.00, -1.00, -1.00, -1.00,
1985, 4,-1.000, -1.00, -1.00, -1.00, -1.00,
1985, 5,-1.000, -1.00, -1.00, -1.00, -1.00,
1985, 6,-1.000, -1.00, -1.00, -1.00, -1.00,
1985, 7,-1.000, -1.00, -1.00, -1.00, -1.00,
1985, 8,-1.000, -1.00, -1.00, -1.00, -1.00,
1985, 9, 0.030,268.86, 15.83, 42.60, 29.21,
1985,10, 0.028,270.10, 10.41, 47.94, 29.18,
1985,11, 0.030,271.82,  9.66, 50.89, 30.27,
1985,12, 0.036,274.66, 10.28, 50.88, 30.58,
1985,13, 0.046,278.72, 12.57, 45.81, 29.19,
1985,14, 0.063,283.20, 16.24, 37.54, 26.89,
1985,15, 0.087,287.18, 20.61, 32.16, 26.39,
1985,16, 0.116,290.53, 24.62, 29.78, 27.20,
1985,17, 0.152,293.45, 29.12, 30.21, 29.67,
1985,18, 0.189,295.88, 32.58, 31.06, 31.82,
1985,19, 0.222,297.88, 32.22, 32.07, 32.15,
1985,20, 0.247,298.35, 29.71, 40.79, 35.25,
1985,21, 0.273,298.41, 28.66, 50.73, 39.70,
1985,22, 0.297,298.42, 26.15, 57.24, 41.69,
1985,23, 0.311,297.76, 22.45, 66.22, 44.34,
1985,24, 0.323,297.06, 22.06, 75.99, 49.02,
1985,25, 0.335,296.90, 27.62, 81.09, 54.35,
1985,26, 0.343,296.83, 33.42, 84.17, 58.79,
1985,27, 0.345,296.92, 36.88, 83.52, 60.20,
1985,28, 0.344,297.14, 39.98, 80.44, 60.21,
1985,29, 0.344,297.80, 45.24, 75.23, 60.24,
1985,30, 0.342,298.65, 49.86, 69.14, 59.50,
1985,31, 0.334,299.56, 52.52, 60.24, 56.38,
1985,32, 0.323,300.19, 53.40, 52.64, 53.02,
1985,33, 0.308,300.54, 51.42, 46.92, 49.17,
1985,34, 0.291,300.33, 48.98, 44.44, 46.71,
1985,35, 0.271,299.50, 46.26, 44.51, 45.39,
1985,36, 0.245,297.84, 40.69, 45.94, 43.31,
1985,37, 0.218,295.66, 35.57, 49.37, 42.47,
1985,38, 0.193,293.51, 31.90, 52.70, 42.30,
1985,39, 0.167,291.03, 28.10, 56.38, 42.24,
1985,40, 0.141,288.08, 24.60, 61.92, 43.26,
1985,41, 0.118,284.86, 23.54, 66.39, 44.96,
1985,42, 0.099,281.91, 22.69, 64.74, 43.71,
1985,43, 0.082,279.37, 22.03, 57.71, 39.87,
1985,44, 0.070,276.30, 22.13, 52.56, 37.34,
1985,45, 0.057,272.75, 19.76, 54.27, 37.01,
1985,46, 0.043,269.56, 16.24, 55.34, 35.79,
1985,47, 0.032,265.94, 12.65, 60.25, 36.45,
1985,48, 0.026,261.63, 11.48, 68.02, 39.75,
1985,49, 0.023,257.99, 10.90, 72.72, 41.81,
1985,50, 0.021,255.26,  8.26, 74.81, 41.53,
1985,51, 0.021,253.78, 10.98, 73.02, 42.00,
1985,52, 0.021,252.39, 13.36, 73.26, 43.31,
1986, 1, 0.022,251.18, 19.34, 76.52, 47.93,
1986, 2, 0.023,251.60, 23.75, 72.48, 48.12,
1986, 3, 0.024,254.38, 25.45, 60.25, 42.85,
1986, 4, 0.024,257.00, 25.07, 51.59, 38.33,
1986, 5, 0.024,259.33, 23.66, 46.88, 35.27,
1986, 6, 0.024,261.75, 20.39, 43.48, 31.94,
1986, 7, 0.025,264.93, 17.17, 39.37, 28.27,
1986, 8, 0.026,267.67, 15.98, 37.85, 26.91,
1986, 9, 0.028,269.62, 14.41, 40.03, 27.22,
1986,10, 0.031,272.99, 11.99, 38.30, 25.15,
1986,11, 0.040,278.11, 14.51, 28.78, 21.65,
1986,12, 0.054,283.52, 18.92, 18.46, 18.69,
1986,13, 0.075,288.04, 25.57, 11.22, 18.40,
1986,14, 0.104,290.59, 33.05,  9.96, 21.50,
1986,15, 0.132,293.09, 37.89,  8.30, 23.10,
1986,16, 0.163,295.50, 41.64,  7.05, 24.34,
1986,17, 0.199,296.69, 45.78, 11.20, 28.49,
1986,18, 0.237,297.64, 49.35, 18.60, 33.98,
1986,19, 0.269,298.85, 49.77, 24.32, 37.05,
1986,20, 0.297,300.10, 49.62, 25.49, 37.55,
1986,21, 0.321,301.11, 49.48, 25.86, 37.67,
1986,22, 0.337,301.57, 45.76, 28.07, 36.92,
1986,23, 0.340,301.82, 38.19, 28.26, 33.23,
1986,24, 0.338,301.78, 30.50, 30.35, 30.42,
1986,25, 0.336,301.81, 28.60, 33.06, 30.83,
1986,26, 0.332,301.86, 27.90, 35.33, 31.61,
1986,27, 0.325,301.72, 26.44, 38.02, 32.23,
1986,28, 0.317,301.75, 26.44, 37.22, 31.83,
1986,29, 0.312,302.26, 29.08, 33.53, 31.31,
1986,30, 0.309,302.89, 33.40, 29.13, 31.26,
1986,31, 0.299,303.28, 34.47, 25.78, 30.13,
1986,32, 0.286,303.17, 33.38, 25.19, 29.28,
1986,33, 0.270,303.03, 31.02, 23.86, 27.44,
1986,34, 0.252,302.65, 27.25, 22.78, 25.01,
1986,35, 0.229,302.06, 22.62, 20.10, 21.36,
1986,36, 0.201,300.24, 15.96, 21.98, 18.97,
1986,37, 0.177,297.65, 11.73, 28.16, 19.95,
1986,38, 0.154,294.64,  9.56, 40.50, 25.03,
1986,39, 0.129,291.30,  6.68, 53.90, 30.29,
1986,40, 0.102,287.95,  3.65, 63.66, 33.66,
1986,41, 0.077,284.22,  1.82, 72.29, 37.06,
1986,42, 0.055,280.17,  0.76, 78.94, 39.85,
1986,43, 0.038,276.24,  0.30, 79.81, 40.06,
1986,44, 0.026,273.23,  0.11, 70.96, 35.54,
1986,45, 0.020,271.01,  0.10, 63.88, 31.99,
1986,46, 0.015,269.38,  0.19, 56.37, 28.28,
1986,47, 0.012,268.23,  0.59, 48.65, 24.62,
1986,48, 0.011,267.00,  1.44, 41.84, 21.64,
1986,49, 0.011,264.20,  2.11, 43.99, 23.05,
1986,50, 0.015,260.54,  2.66, 51.08, 26.87,
1986,51, 0.019,256.79,  9.44, 60.39, 34.92,
1986,52, 0.022,253.15, 15.15, 71.10, 43.13,
1987, 1, 0.023,249.84, 21.73, 82.91, 52.32,
1987, 2, 0.023,247.70, 24.54, 88.87, 56.70,
1987, 3, 0.022,246.87, 23.96, 90.49, 57.23,
1987, 4, 0.019,247.09, 20.64, 89.41, 55.03,
1987, 5, 0.017,248.12, 16.38, 87.72, 52.05,
1987, 6, 0.016,249.34, 12.71, 86.49, 49.60,
1987, 7, 0.015,250.89,  9.10, 86.20, 47.65,
1987, 8, 0.014,252.67,  7.49, 86.92, 47.21,
1987, 9, 0.013,255.24,  4.97, 86.92, 45.95,
1987,10, 0.013,257.44,  1.16, 89.52, 45.34,
1987,11, 0.013,259.61,  0.14, 93.06, 46.60,
1987,12, 0.015,261.94,  0.05, 96.92, 48.48,
1987,13, 0.019,264.60,  0.03, 98.39, 49.21,
1987,14, 0.025,266.79,  0.02, 99.34, 49.68,
1987,15, 0.035,270.48,  0.04, 99.30, 49.67,
1987,16, 0.049,274.99,  0.07, 99.20, 49.63,
1987,17, 0.070,281.33,  0.10, 97.98, 49.04,
1987,18, 0.096,286.51,  0.18, 94.49, 47.33,
1987,19, 0.133,290.24,  0.41, 90.78, 45.59,
1987,20, 0.170,292.59,  0.70, 88.88, 44.79,
1987,21, 0.206,294.32,  1.12, 86.60, 43.86,
1987,22, 0.246,296.02,  2.85, 78.46, 40.65,
1987,23, 0.284,297.02,  8.36, 72.96, 40.66,
1987,24, 0.322,297.78, 21.66, 69.20, 45.43,
1987,25, 0.364,298.48, 45.19, 66.05, 55.62,
1987,26, 0.395,299.06, 65.24, 62.92, 64.08,
1987,27, 0.411,299.17, 75.07, 62.68, 68.87,
1987,28, 0.415,299.32, 79.41, 60.46, 69.94,
1987,29, 0.409,299.32, 79.94, 61.45, 70.69,
1987,30, 0.398,299.31, 79.67, 63.59, 71.63,
1987,31, 0.380,298.62, 76.58, 69.79, 73.18,
1987,32, 0.362,297.82, 74.12, 75.76, 74.94,
1987,33, 0.343,297.19, 70.82, 79.63, 75.22,
1987,34, 0.323,296.63, 66.66, 81.39, 74.02,
1987,35, 0.302,295.94, 63.28, 80.62, 71.95,
1987,36, 0.273,294.68, 56.27, 79.37, 67.82,
1987,37, 0.246,292.71, 50.82, 82.80, 66.81,
1987,38, 0.222,291.02, 47.85, 82.05, 64.95,
1987,39, 0.198,289.46, 44.85, 74.12, 59.48,
1987,40, 0.173,287.41, 42.11, 69.46, 55.79,
1987,41, 0.151,284.49, 40.67, 69.82, 55.24,
1987,42, 0.130,280.51, 38.51, 76.19, 57.35,
1987,43, 0.108,275.57, 35.11, 84.10, 59.60,
1987,44, 0.084,269.65, 29.28, 89.61, 59.45,
1987,45, 0.066,265.59, 24.53, 90.45, 57.49,
1987,46, 0.054,262.85, 22.30, 87.29, 54.79,
1987,47, 0.048,262.02, 22.56, 78.50, 50.53,
1987,48, 0.043,261.94, 23.46, 65.75, 44.61,
1987,49, 0.040,261.62, 24.54, 55.63, 40.09,
1987,50, 0.038,260.94, 23.84, 49.15, 36.50,
1987,51, 0.037,260.17, 27.74, 45.44, 36.59,
1987,52, 0.037,259.35, 33.19, 44.58, 38.89,
1988, 1, 0.038,258.20, 40.66, 47.83, 44.25,
1988, 2, 0.038,257.26, 43.24, 49.88, 46.56,
1988, 3, 0.038,257.15, 42.75, 49.97, 46.36,
1988, 4, 0.037,256.95, 39.95, 52.59, 46.27,
1988, 5, 0.037,256.14, 36.87, 59.17, 48.02,
1988, 6, 0.037,256.14, 32.29, 63.53, 47.91,
1988, 7, 0.038,256.25, 27.48, 68.70, 48.09,
1988, 8, 0.041,257.07, 26.22, 72.70, 49.46,
1988, 9, 0.043,257.79, 23.94, 77.74, 50.84,
1988,10, 0.045,258.97, 20.23, 82.65, 51.44,
1988,11, 0.052,261.64, 20.94, 83.76, 52.35,
1988,12, 0.056,264.84, 20.19, 83.50, 51.84,
1988,13, 0.065,269.03, 20.91, 79.90, 50.40,
1988,14, 0.084,274.44, 24.95, 70.54, 47.74,
1988,15, 0.115,279.89, 31.56, 62.20, 46.88,
1988,16, 0.148,284.59, 36.51, 57.47, 46.99,
1988,17, 0.175,287.39, 37.32, 66.09, 51.71,
1988,18, 0.203,289.44, 37.72, 76.17, 56.95,
1988,19, 0.232,291.56, 36.36, 80.76, 58.56,
1988,20, 0.261,293.69, 35.66, 79.18, 57.42,
1988,21, 0.285,295.17, 34.33, 78.19, 56.26,
1988,22, 0.307,296.02, 32.19, 77.60, 54.90,
1988,23, 0.330,296.58, 33.72, 76.22, 54.97,
1988,24, 0.352,297.29, 39.85, 73.25, 56.55,
1988,25, 0.361,297.42, 44.23, 75.63, 59.93,
1988,26, 0.367,297.66, 48.93, 75.97, 62.45,
1988,27, 0.375,298.20, 55.24, 71.53, 63.39,
1988,28, 0.381,298.62, 61.31, 66.59, 63.95,
1988,29, 0.379,298.97, 64.68, 64.43, 64.55,
1988,30, 0.369,298.98, 65.01, 66.29, 65.65,
1988,31, 0.356,298.78, 64.31, 68.22, 66.27,
1988,32, 0.338,298.56, 61.80, 68.96, 65.38,
1988,33, 0.315,298.32, 56.06, 69.04, 62.55,
1988,34, 0.283,297.35, 45.02, 74.47, 59.74,
1988,35, 0.244,295.90, 31.40, 80.46, 55.93,
1988,36, 0.219,294.39, 26.21, 81.20, 53.71,
1988,37, 0.204,292.91, 27.66, 79.15, 53.40,
1988,38, 0.197,291.44, 33.93, 76.06, 54.99,
1988,39, 0.196,289.90, 44.59, 69.02, 56.81,
1988,40, 0.199,288.32, 56.51, 59.81, 58.16,
1988,41, 0.190,285.76, 61.56, 57.55, 59.56,
1988,42, 0.183,283.18, 65.24, 52.75, 59.00,
1988,43, 0.174,280.33, 67.17, 50.11, 58.64,
1988,44, 0.157,277.25, 65.27, 46.23, 55.75,
1988,45, 0.138,274.47, 61.53, 44.39, 52.96,
1988,46, 0.116,272.34, 56.96, 40.58, 48.77,
1988,47, 0.094,270.26, 50.64, 37.90, 44.27,
1988,48, 0.075,268.23, 44.70, 35.67, 40.19,
1988,49, 0.063,266.40, 41.81, 33.79, 37.80,
1988,50, 0.055,264.79, 38.88, 31.74, 35.31,
1988,51, 0.050,263.83, 41.38, 29.30, 35.34,
1988,52, 0.045,263.65, 41.87, 26.47, 34.17,
1989, 1, 0.045,264.57, 48.64, 21.06, 34.85,
1989, 2, 0.046,266.26, 50.55, 13.57, 32.06,
1989, 3, 0.045,267.78, 48.64,  9.08, 28.86,
1989, 4, 0.048,269.66, 50.04,  6.49, 28.27,
1989, 5, 0.051,271.20, 50.00,  6.38, 28.19,
1989, 6, 0.055,272.41, 47.45,  8.17, 27.81,
1989, 7, 0.059,273.59, 43.42, 11.44, 27.43,
1989, 8, 0.066,275.39, 43.03, 13.31, 28.17,
1989, 9, 0.077,277.72, 44.60, 14.06, 29.33,
1989,10, 0.095,280.13, 48.30, 15.19, 31.74,
1989,11, 0.113,282.27, 52.47, 14.81, 33.64,
1989,12, 0.134,284.49, 57.50, 15.24, 36.37,
1989,13, 0.162,286.95, 64.79, 15.39, 40.09,
1989,14, 0.193,289.69, 70.86, 13.43, 42.15,
1989,15, 0.226,291.99, 74.89, 13.00, 43.94,
1989,16, 0.262,293.72, 77.76, 15.59, 46.67,
1989,17, 0.295,295.26, 78.86, 20.20, 49.53,
1989,18, 0.325,296.55, 79.71, 26.90, 53.30,
1989,19, 0.350,297.25, 78.64, 37.53, 58.08,
1989,20, 0.366,297.78, 75.83, 46.04, 60.93,
1989,21, 0.373,298.65, 71.36, 48.84, 60.10,
1989,22, 0.373,299.18, 63.15, 50.46, 56.80,
1989,23, 0.364,299.12, 51.31, 53.70, 52.51,
1989,24, 0.351,299.07, 38.79, 56.78, 47.79,
1989,25, 0.340,298.94, 31.90, 61.47, 46.68,
1989,26, 0.337,299.18, 31.34, 61.96, 46.65,
1989,27, 0.334,299.64, 32.32, 58.29, 45.31,
1989,28, 0.328,300.18, 33.18, 52.44, 42.81,
1989,29, 0.318,300.72, 32.19, 48.32, 40.26,
1989,30, 0.300,301.06, 29.18, 46.91, 38.04,
1989,31, 0.285,301.66, 27.48, 41.20, 34.34,
1989,32, 0.271,302.40, 25.95, 32.54, 29.24,
1989,33, 0.251,301.95, 20.27, 34.14, 27.21,
1989,34, 0.233,300.90, 17.12, 39.76, 28.44,
1989,35, 0.218,299.50, 16.59, 45.18, 30.89,
1989,36, 0.206,297.31, 19.13, 51.95, 35.54,
1989,37, 0.198,295.46, 24.25, 52.11, 38.18,
1989,38, 0.192,293.24, 31.35, 56.10, 43.73,
1989,39, 0.188,290.91, 40.45, 57.79, 49.12,
1989,40, 0.188,288.89, 51.01, 53.50, 52.26,
1989,41, 0.188,287.10, 60.82, 43.23, 52.03,
1989,42, 0.185,285.08, 66.75, 34.63, 50.69,
1989,43, 0.177,282.65, 69.70, 32.69, 51.19,
1989,44, 0.168,280.31, 71.18, 27.28, 49.23,
1989,45, 0.151,277.51, 68.61, 27.23, 47.92,
1989,46, 0.124,273.60, 61.01, 34.28, 47.65,
1989,47, 0.103,270.30, 54.98, 38.26, 46.62,
1989,48, 0.083,267.95, 49.85, 37.52, 43.68,
1989,49, 0.073,266.63, 49.29, 33.09, 41.19,
1989,50, 0.065,265.14, 47.84, 30.43, 39.14,
1989,51, 0.058,264.11, 49.07, 28.06, 38.57,
1989,52, 0.053,263.54, 51.50, 26.67, 39.08,
1990, 1, 0.054,264.08, 59.06, 22.70, 40.88,
1990, 2, 0.060,265.53, 66.40, 15.77, 41.08,
1990, 3, 0.066,266.96, 71.23, 11.32, 41.28,
1990, 4, 0.073,268.88, 74.87,  8.52, 41.70,
1990, 5, 0.082,271.46, 78.45,  5.05, 41.75,
1990, 6, 0.095,274.03, 81.86,  2.99, 42.43,
1990, 7, 0.117,276.71, 87.10,  1.62, 44.36,
1990, 8, 0.135,279.22, 89.61,  1.29, 45.45,
1990, 9, 0.153,281.80, 91.01,  1.12, 46.07,
1990,10, 0.174,284.55, 93.43,  0.87, 47.15,
1990,11, 0.194,286.11, 94.48,  1.55, 48.01,
1990,12, 0.213,287.99, 94.98,  2.49, 48.74,
1990,13, 0.226,289.51, 93.40,  5.65, 49.52,
1990,14, 0.237,290.56, 88.95,  9.89, 49.42,
1990,15, 0.245,290.85, 81.99, 17.31, 49.65,
1990,16, 0.257,290.96, 75.94, 27.87, 51.90,
1990,17, 0.282,291.98, 74.51, 39.10, 56.80,
1990,18, 0.313,293.39, 76.07, 48.90, 62.49,
1990,19, 0.343,294.60, 76.60, 58.21, 67.40,
1990,20, 0.362,295.47, 74.28, 65.44, 69.86,
1990,21, 0.366,295.79, 68.21, 74.08, 71.15,
1990,22, 0.362,296.00, 58.26, 78.91, 68.58,
1990,23, 0.359,296.47, 49.24, 78.02, 63.63,
1990,24, 0.356,296.78, 42.22, 78.55, 60.38,
1990,25, 0.358,297.77, 42.56, 72.67, 57.61,
1990,26, 0.356,298.81, 42.57, 65.13, 53.85,
1990,27, 0.347,299.47, 39.09, 59.61, 49.35,
1990,28, 0.332,299.76, 34.74, 56.22, 45.48,
1990,29, 0.314,300.00, 29.54, 55.06, 42.30,
1990,30, 0.295,300.28, 26.25, 54.14, 40.20,
1990,31, 0.278,300.36, 23.34, 53.12, 38.23,
1990,32, 0.264,300.11, 21.58, 53.91, 37.75,
1990,33, 0.252,299.54, 20.85, 57.00, 38.92,
1990,34, 0.241,298.72, 21.04, 60.90, 40.97,
1990,35, 0.228,297.44, 21.98, 65.63, 43.81,
1990,36, 0.217,295.72, 24.96, 68.57, 46.77,
1990,37, 0.209,293.65, 30.11, 72.47, 51.29,
1990,38, 0.202,291.84, 37.32, 72.51, 54.92,
1990,39, 0.201,290.29, 47.45, 65.01, 56.23,
1990,40, 0.196,288.42, 55.46, 58.81, 57.14,
1990,41, 0.186,286.24, 60.10, 52.58, 56.34,
1990,42, 0.167,283.53, 57.90, 49.63, 53.76,
1990,43, 0.141,279.49, 51.64, 56.72, 54.18,
1990,44, 0.114,276.33, 44.28, 52.23, 48.26,
1990,45, 0.094,274.31, 39.53, 45.54, 42.53,
1990,46, 0.078,271.69, 35.52, 44.52, 40.02,
1990,47, 0.070,270.16, 35.48, 39.02, 37.25,
1990,48, 0.064,268.84, 37.10, 33.10, 35.10,
1990,49, 0.062,268.10, 40.73, 26.21, 33.47,
1990,50, 0.059,267.27, 41.75, 20.67, 31.21,
1990,51, 0.056,266.61, 46.74, 17.12, 31.93,
1990,52, 0.057,266.13, 55.68, 15.75, 35.71,
1991, 1, 0.059,265.87, 66.87, 15.16, 41.02,
1991, 2, 0.058,265.66, 67.20, 15.11, 41.16,
1991, 3, 0.058,264.60, 65.11, 20.16, 42.63,
1991, 4, 0.054,262.50, 58.88, 31.33, 45.10,
1991, 5, 0.049,262.15, 49.57, 37.16, 43.36,
1991, 6, 0.043,262.33, 38.36, 41.95, 40.16,
1991, 7, 0.036,261.22, 26.27, 51.98, 39.13,
1991, 8, 0.035,261.38, 22.18, 58.58, 40.38,
1991, 9, 0.038,262.31, 20.69, 63.77, 42.23,
1991,10, 0.042,265.05, 18.17, 64.42, 41.30,
1991,11, 0.046,268.17, 17.52, 63.53, 40.53,
1991,12, 0.057,272.75, 20.42, 58.16, 39.29,
1991,13, 0.074,277.64, 24.81, 50.61, 37.71,
1991,14, 0.092,281.78, 28.32, 43.76, 36.04,
1991,15, 0.124,285.31, 34.89, 40.38, 37.63,
1991,16, 0.168,287.78, 43.55, 42.84, 43.19,
1991,17, 0.211,289.90, 49.60, 51.48, 50.54,
1991,18, 0.248,292.36, 53.05, 56.45, 54.75,
1991,19, 0.280,293.60, 53.52, 66.53, 60.03,
1991,20, 0.311,294.23, 54.59, 76.43, 65.51,
1991,21, 0.339,295.62, 56.85, 75.72, 66.29,
1991,22, 0.361,297.14, 57.31, 68.51, 62.91,
1991,23, 0.375,298.31, 57.54, 60.82, 59.18,
1991,24, 0.380,298.87, 56.22, 58.32, 57.27,
1991,25, 0.386,299.71, 59.56, 53.45, 56.51,
1991,26, 0.385,300.55, 59.55, 48.01, 53.78,
1991,27, 0.372,300.62, 53.07, 48.37, 50.72,
1991,28, 0.359,300.42, 49.19, 49.55, 49.37,
1991,29, 0.350,300.71, 49.06, 47.85, 48.46,
1991,30, 0.341,301.14, 50.26, 45.35, 47.81,
1991,31, 0.323,300.81, 46.81, 48.44, 47.63,
1991,32, 0.304,300.01, 42.82, 54.33, 48.57,
1991,33, 0.287,299.07, 39.58, 60.82, 50.20,
1991,34, 0.273,298.12, 39.10, 66.04, 52.57,
1991,35, 0.259,297.23, 39.61, 67.14, 53.38,
1991,36, 0.242,296.18, 39.23, 63.35, 51.29,
1991,37, 0.230,295.32, 42.74, 53.49, 48.11,
1991,38, 0.221,294.46, 48.20, 42.12, 45.16,
1991,39, 0.210,293.25, 52.67, 31.80, 42.23,
1991,40, 0.191,291.01, 52.90, 30.62, 41.76,
1991,41, 0.167,287.64, 49.84, 37.62, 43.73,
1991,42, 0.147,283.79, 47.12, 46.88, 47.00,
1991,43, 0.125,278.91, 43.61, 60.75, 52.18,
1991,44, 0.100,274.58, 36.96, 62.47, 49.71,
1991,45, 0.081,270.74, 31.90, 64.55, 48.22,
1991,46, 0.068,268.00, 30.18, 62.88, 46.53,
1991,47, 0.061,265.63, 30.04, 61.63, 45.83,
1991,48, 0.055,263.69, 30.99, 58.10, 44.54,
1991,49, 0.048,261.90, 30.52, 54.80, 42.66,
1991,50, 0.047,261.12, 31.65, 48.45, 40.05,
1991,51, 0.046,261.00, 36.93, 41.72, 39.33,
1991,52, 0.045,260.85, 42.60, 38.17, 40.39,
1992, 1, 0.045,260.24, 50.06, 38.95, 44.51,
1992, 2, 0.044,259.52, 49.69, 40.47, 45.08,
1992, 3, 0.044,259.05, 48.55, 42.39, 45.47,
1992, 4, 0.042,258.33, 44.60, 47.46, 46.03,
1992, 5, 0.039,257.60, 38.51, 54.07, 46.29,
1992, 6, 0.038,258.06, 33.55, 57.16, 45.36,
1992, 7, 0.040,259.92, 29.17, 57.02, 43.09,
1992, 8, 0.043,262.73, 27.66, 54.89, 41.28,
1992, 9, 0.047,266.23, 26.92, 51.73, 39.33,
1992,10, 0.053,270.55, 24.98, 46.85, 35.91,
1992,11, 0.065,275.33, 28.27, 38.87, 33.57,
1992,12, 0.084,280.17, 33.58, 30.84, 32.21,
1992,13, 0.103,283.83, 38.57, 26.88, 32.72,
1992,14, 0.126,286.80, 42.80, 24.17, 33.49,
1992,15, 0.149,289.10, 44.90, 24.42, 34.66,
1992,16, 0.176,291.30, 46.82, 26.27, 36.55,
1992,17, 0.212,293.25, 50.37, 31.49, 40.93,
1992,18, 0.254,294.60, 55.54, 40.42, 47.98,
1992,19, 0.287,295.54, 56.16, 51.08, 53.62,
1992,20, 0.311,295.99, 54.79, 61.54, 58.16,
1992,21, 0.330,296.21, 53.04, 71.04, 62.04,
1992,22, 0.339,296.11, 46.88, 78.30, 62.59,
1992,23, 0.345,295.80, 41.44, 84.32, 62.88,
1992,24, 0.353,296.09, 39.93, 85.24, 62.58,
1992,25, 0.361,296.89, 43.52, 81.14, 62.33,
1992,26, 0.363,297.56, 45.87, 77.00, 61.44,
1992,27, 0.360,298.08, 46.02, 72.29, 59.16,
1992,28, 0.353,298.83, 46.04, 64.13, 55.09,
1992,29, 0.345,299.84, 46.67, 55.58, 51.12,
1992,30, 0.333,300.68, 46.49, 49.44, 47.97,
1992,31, 0.316,301.10, 43.72, 45.72, 44.72,
1992,32, 0.299,301.38, 40.59, 41.81, 41.20,
1992,33, 0.283,301.66, 38.05, 36.55, 37.30,
1992,34, 0.264,301.05, 34.48, 37.90, 36.19,
1992,35, 0.239,299.46, 28.65, 45.30, 36.98,
1992,36, 0.213,297.13, 22.95, 53.59, 38.27,
1992,37, 0.183,294.49, 15.89, 62.39, 39.14,
1992,38, 0.160,291.99, 13.32, 69.95, 41.64,
1992,39, 0.142,289.30, 14.12, 74.98, 44.55,
1992,40, 0.128,286.45, 17.82, 78.70, 48.26,
1992,41, 0.115,284.00, 21.83, 74.72, 48.28,
1992,42, 0.100,281.37, 23.46, 68.93, 46.19,
1992,43, 0.082,278.01, 22.47, 66.93, 44.70,
1992,44, 0.067,274.21, 20.79, 64.60, 42.70,
1992,45, 0.059,271.20, 20.94, 62.31, 41.63,
1992,46, 0.055,268.70, 22.84, 59.42, 41.13,
1992,47, 0.050,266.32, 24.09, 58.05, 41.07,
1992,48, 0.048,264.40, 26.94, 54.37, 40.66,
1992,49, 0.048,262.40, 30.40, 52.34, 41.37,
1992,50, 0.047,261.42, 32.09, 47.19, 39.64,
1992,51, 0.047,260.93, 38.88, 42.08, 40.48,
1992,52, 0.048,260.66, 46.58, 38.79, 42.69,
1993, 1, 0.049,261.12, 55.58, 35.10, 45.34,
1993, 2, 0.049,261.90, 57.33, 30.71, 44.02,
1993, 3, 0.049,263.00, 56.65, 26.72, 41.68,
1993, 4, 0.050,264.29, 55.81, 25.20, 40.51,
1993, 5, 0.051,265.39, 52.90, 26.35, 39.63,
1993, 6, 0.051,266.09, 45.87, 29.67, 37.77,
1993, 7, 0.047,265.80, 35.80, 37.20, 36.50,
1993, 8, 0.043,265.69, 28.59, 44.69, 36.64,
1993, 9, 0.041,265.77, 23.02, 52.60, 37.81,
1993,10, 0.040,266.10, 17.54, 60.91, 39.22,
1993,11, 0.042,267.13, 15.73, 66.66, 41.19,
1993,12, 0.049,269.34, 16.71, 69.72, 43.21,
1993,13, 0.057,272.58, 17.49, 68.49, 42.99,
1993,14, 0.071,276.81, 19.62, 61.96, 40.79,
1993,15, 0.095,281.21, 23.93, 56.92, 40.42,
1993,16, 0.128,285.38, 28.95, 53.93, 41.44,
1993,17, 0.166,289.23, 33.88, 55.44, 44.66,
1993,18, 0.206,292.00, 38.64, 58.84, 48.74,
1993,19, 0.250,293.66, 42.78, 65.81, 54.30,
1993,20, 0.297,294.32, 49.04, 75.16, 62.10,
1993,21, 0.340,295.25, 57.09, 78.57, 67.83,
1993,22, 0.370,296.05, 61.72, 78.21, 69.97,
1993,23, 0.388,296.63, 63.60, 76.52, 70.06,
1993,24, 0.395,296.90, 63.65, 77.47, 70.56,
1993,25, 0.400,297.01, 65.92, 79.74, 72.83,
1993,26, 0.395,297.26, 64.07, 79.55, 71.81,
1993,27, 0.390,298.26, 62.11, 70.95, 66.53,
1993,28, 0.383,299.43, 60.85, 59.18, 60.02,
1993,29, 0.375,300.38, 61.27, 51.25, 56.26,
1993,30, 0.364,301.01, 61.20, 47.12, 54.16,
1993,31, 0.347,301.03, 58.94, 46.99, 52.97,
1993,32, 0.323,300.49, 52.83, 50.49, 51.66,
1993,33, 0.298,299.47, 45.85, 57.84, 51.85,
1993,34, 0.278,298.47, 41.93, 63.44, 52.68,
1993,35, 0.264,297.36, 42.84, 66.28, 54.56,
1993,36, 0.251,295.78, 44.85, 67.59, 56.22,
1993,37, 0.236,294.20, 45.88, 65.94, 55.91,
1993,38, 0.216,292.22, 45.45, 67.68, 56.56,
1993,39, 0.196,290.53, 44.58, 62.01, 53.30,
1993,40, 0.169,288.73, 40.66, 55.09, 47.88,
1993,41, 0.142,285.99, 36.35, 54.77, 45.56,
1993,42, 0.119,282.92, 33.13, 54.98, 44.06,
1993,43, 0.100,279.82, 31.06, 53.96, 42.51,
1993,44, 0.085,276.76, 29.57, 49.64, 39.60,
1993,45, 0.069,274.48, 26.05, 44.73, 35.39,
1993,46, 0.055,272.67, 23.22, 39.19, 31.20,
1993,47, 0.043,271.72, 21.47, 30.68, 26.08,
1993,48, 0.040,271.19, 23.79, 21.36, 22.58,
1993,49, 0.038,270.71, 26.05, 14.07, 20.06,
1993,50, 0.036,270.08, 26.09,  9.08, 17.58,
1993,51, 0.036,269.35, 30.26,  6.99, 18.62,
1993,52, 0.039,268.85, 36.19,  6.47, 21.33,
1994, 1, 0.044,267.03, 45.12, 11.22, 28.17,
1994, 2, 0.050,264.08, 57.16, 21.58, 39.37,
1994, 3, 0.073,262.04, 79.97, 30.05, 55.01,
1994, 4, 0.069,260.82, 74.46, 37.44, 55.95,
1994, 5, 0.067,260.01, 68.08, 44.63, 56.36,
1994, 6, 0.064,259.75, 57.95, 50.66, 54.30,
1994, 7, 0.061,259.85, 46.75, 56.64, 51.69,
1994, 8, 0.059,261.10, 39.47, 59.82, 49.65,
1994, 9, 0.058,261.93, 33.81, 65.24, 49.52,
1994,10, 0.057,264.48, 27.67, 66.31, 46.99,
1994,11, 0.061,268.98, 26.01, 60.79, 43.40,
1994,12, 0.068,274.09, 26.03, 52.94, 39.49,
1994,13, 0.080,279.11, 27.98, 44.31, 36.14,
1994,14, 0.098,283.01, 31.28, 38.28, 34.78,
1994,15, 0.121,286.03, 34.03, 36.65, 35.34,
1994,16, 0.150,289.16, 37.30, 35.69, 36.50,
1994,17, 0.188,290.96, 41.89, 44.75, 43.32,
1994,18, 0.233,292.26, 48.03, 57.12, 52.57,
1994,19, 0.272,293.19, 51.08, 69.39, 60.23,
1994,20, 0.306,293.77, 52.88, 79.03, 65.96,
1994,21, 0.332,294.12, 54.07, 86.59, 70.33,
1994,22, 0.356,294.22, 54.95, 90.99, 72.97,
1994,23, 0.375,294.38, 57.33, 92.50, 74.92,
1994,24, 0.392,295.24, 62.73, 90.32, 76.53,
1994,25, 0.402,296.43, 68.63, 85.00, 76.81,
1994,26, 0.403,297.71, 69.88, 75.93, 72.90,
1994,27, 0.394,298.69, 65.64, 67.05, 66.35,
1994,28, 0.375,299.38, 58.16, 59.59, 58.87,
1994,29, 0.355,300.23, 51.57, 52.50, 52.03,
1994,30, 0.335,300.79, 47.01, 48.95, 47.98,
1994,31, 0.316,300.99, 42.88, 46.97, 44.93,
1994,32, 0.296,300.95, 38.71, 45.83, 42.27,
1994,33, 0.277,300.76, 34.43, 45.15, 39.79,
1994,34, 0.264,300.72, 33.62, 41.35, 37.49,
1994,35, 0.255,300.74, 36.81, 33.82, 35.32,
1994,36, 0.257,301.48, 47.10, 15.16, 31.13,
1994,37,-1.000, -1.00, -1.00, -1.00, -1.00,
1994,38,-1.000, -1.00, -1.00, -1.00, -1.00,
1994,39,-1.000, -1.00, -1.00, -1.00, -1.00,
1994,40,-1.000, -1.00, -1.00, -1.00, -1.00,
1994,41,-1.000, -1.00, -1.00, -1.00, -1.00,
1994,42,-1.000, -1.00, -1.00, -1.00, -1.00,
1994,43,-1.000, -1.00, -1.00, -1.00, -1.00,
1994,44,-1.000, -1.00, -1.00, -1.00, -1.00,
1994,45,-1.000, -1.00, -1.00, -1.00, -1.00,
1994,46,-1.000, -1.00, -1.00, -1.00, -1.00,
1994,47,-1.000, -1.00, -1.00, -1.00, -1.00,
1994,48,-1.000, -1.00, -1.00, -1.00, -1.00,
1994,49,-1.000, -1.00, -1.00, -1.00, -1.00,
1994,50,-1.000, -1.00, -1.00, -1.00, -1.00,
1994,51,-1.000, -1.00, -1.00, -1.00, -1.00,
1994,52,-1.000, -1.00, -1.00, -1.00, -1.00,
1995, 1,-1.000, -1.00, -1.00, -1.00, -1.00,
1995, 2,-1.000, -1.00, -1.00, -1.00, -1.00,
1995, 3,-1.000, -1.00, -1.00, -1.00, -1.00,
1995, 4,-1.000, -1.00, -1.00, -1.00, -1.00,
1995, 5,-1.000, -1.00, -1.00, -1.00, -1.00,
1995, 6,-1.000, -1.00, -1.00, -1.00, -1.00,
1995, 7, 0.033,263.35, 22.73, 45.74, 34.23,
1995, 8, 0.036,268.67, 22.64, 35.63, 29.13,
1995, 9, 0.041,272.60, 22.24, 31.05, 26.64,
1995,10, 0.047,275.66, 20.94, 30.04, 25.49,
1995,11, 0.053,277.87, 21.38, 30.05, 25.71,
1995,12, 0.058,279.78, 21.18, 32.26, 26.72,
1995,13, 0.067,281.55, 22.15, 35.44, 28.79,
1995,14, 0.085,284.12, 25.53, 34.41, 29.97,
1995,15, 0.107,286.66, 28.46, 34.56, 31.51,
1995,16, 0.136,289.64, 31.98, 34.20, 33.09,
1995,17, 0.169,291.64, 34.90, 41.41, 38.15,
1995,18, 0.211,293.81, 40.06, 46.28, 43.17,
1995,19, 0.261,296.09, 46.68, 46.68, 46.68,
1995,20, 0.314,298.18, 55.66, 42.40, 49.03,
1995,21, 0.353,299.81, 62.68, 37.90, 50.29,
1995,22, 0.379,301.06, 65.66, 32.77, 49.21,
1995,23, 0.397,301.93, 68.53, 27.20, 47.87,
1995,24, 0.406,301.87, 70.41, 29.40, 49.91,
1995,25, 0.410,301.04, 72.94, 40.51, 56.72,
1995,26, 0.416,300.78, 76.91, 45.79, 61.35,
1995,27, 0.418,300.86, 78.64, 46.22, 62.43,
1995,28, 0.415,300.90, 78.83, 45.22, 62.02,
1995,29, 0.406,300.85, 77.83, 46.75, 62.29,
1995,30, 0.394,300.73, 76.24, 49.68, 62.96,
1995,31, 0.382,300.57, 76.46, 51.22, 63.84,
1995,32, 0.369,300.24, 76.88, 52.78, 64.83,
1995,33, 0.356,299.88, 77.13, 53.77, 65.45,
1995,34, 0.344,299.48, 77.73, 53.44, 65.59,
1995,35, 0.329,298.80, 78.47, 52.16, 65.31,
1995,36, 0.314,297.68, 78.87, 48.36, 63.61,
1995,37, 0.292,296.12, 76.41, 45.10, 60.76,
1995,38, 0.275,294.44, 77.44, 42.74, 60.09,
1995,39, 0.263,292.86, 81.28, 36.52, 58.90,
1995,40, 0.247,290.85, 82.22, 32.77, 57.49,
1995,41, 0.227,288.41, 80.36, 29.66, 55.01,
1995,42, 0.204,285.70, 75.68, 28.99, 52.34,
1995,43, 0.175,282.63, 68.14, 33.11, 50.63,
1995,44, 0.141,278.90, 57.34, 36.60, 46.97,
1995,45, 0.107,274.88, 45.45, 42.64, 44.04,
1995,46, 0.077,271.32, 34.69, 46.47, 40.58,
1995,47, 0.055,268.75, 26.24, 46.04, 36.14,
1995,48, 0.039,266.19, 19.92, 45.82, 32.87,
1995,49, 0.028,263.12, 14.86, 49.07, 31.97,
1995,50, 0.018,260.62,  4.95, 50.61, 27.78,
1995,51, 0.011,258.73,  0.72, 51.49, 26.11,
1995,52, 0.010,256.20,  0.32, 57.45, 28.88,
1996, 1, 0.007,253.09,  0.21, 68.67, 34.44,
1996, 2, 0.004,250.69,  0.14, 75.94, 38.04,
1996, 3, 0.002,250.59,  0.12, 74.68, 37.40,
1996, 4, 0.001,250.38,  0.12, 75.29, 37.70,
1996, 5, 0.001,249.71,  0.10, 79.50, 39.80,
1996, 6, 0.002,249.29,  0.09, 83.94, 42.01,
1996, 7, 0.004,250.55,  0.11, 84.75, 42.43,
1996, 8, 0.004,252.85,  0.14, 84.11, 42.13,
1996, 9, 0.006,255.41,  0.46, 84.34, 42.40,
1996,10, 0.016,259.34,  3.02, 81.79, 42.40,
1996,11, 0.028,264.24,  8.20, 76.22, 42.21,
1996,12, 0.045,269.83, 14.70, 68.40, 41.55,
1996,13, 0.068,274.49, 22.34, 62.30, 42.32,
1996,14, 0.099,278.90, 31.39, 54.90, 43.15,
1996,15, 0.139,283.76, 40.74, 47.06, 43.90,
1996,16, 0.181,288.51, 48.41, 39.80, 44.10,
1996,17, 0.228,292.04, 55.69, 39.08, 47.39,
1996,18, 0.273,294.74, 61.90, 39.58, 50.74,
1996,19, 0.312,296.82, 65.37, 40.89, 53.13,
1996,20, 0.345,298.30, 67.90, 41.54, 54.72,
1996,21, 0.368,298.81, 68.84, 47.22, 58.03,
1996,22, 0.384,299.63, 67.98, 46.45, 57.22,
1996,23, 0.395,300.76, 67.25, 38.74, 52.99,
1996,24, 0.396,301.80, 64.52, 30.66, 47.59,
1996,25, 0.392,303.01, 61.89, 21.63, 41.76,
1996,26, 0.381,303.84, 56.76, 16.66, 36.71,
1996,27, 0.366,304.08, 49.15, 16.47, 32.81,
1996,28, 0.350,304.22, 43.65, 15.17, 29.41,
1996,29, 0.335,304.33, 40.22, 15.15, 27.68,
1996,30, 0.317,303.82, 37.02, 21.09, 29.05,
1996,31, 0.304,302.77, 36.11, 30.84, 33.47,
1996,32, 0.291,301.26, 35.44, 43.10, 39.27,
1996,33, 0.284,299.62, 37.33, 55.89, 46.61,
1996,34, 0.274,297.76, 38.90, 69.55, 54.22,
1996,35, 0.269,295.92, 44.75, 79.70, 62.22,
1996,36, 0.263,293.66, 50.46, 88.47, 69.46,
1996,37, 0.259,291.96, 58.35, 89.85, 74.10,
1996,38, 0.257,290.93, 67.65, 82.45, 75.05,
1996,39, 0.252,289.75, 75.19, 70.73, 72.96,
1996,40, 0.237,288.21, 76.86, 60.82, 68.84,
1996,41, 0.218,286.61, 76.10, 48.22, 62.16,
1996,42, 0.196,284.49, 71.48, 40.29, 55.88,
1996,43, 0.167,282.08, 63.72, 37.07, 50.39,
1996,44, 0.144,280.33, 58.32, 27.49, 42.91,
1996,45, 0.121,277.51, 52.62, 27.50, 40.06,
1996,46, 0.101,274.28, 47.81, 30.87, 39.34,
1996,47, 0.082,270.76, 42.42, 35.84, 39.13,
1996,48, 0.066,266.92, 37.70, 42.35, 40.03,
1996,49, 0.051,263.56, 32.36, 46.87, 39.62,
1996,50, 0.041,260.32, 26.29, 51.67, 38.98,
1996,51, 0.037,258.36, 27.53, 52.87, 40.20,
1996,52, 0.031,257.27, 25.15, 52.78, 38.97,
1997, 1, 0.024,256.79, 22.86, 52.78, 37.82,
1997, 2, 0.019,256.95, 19.66, 50.18, 34.92,
1997, 3, 0.018,257.67, 18.97, 46.93, 32.95,
1997, 4, 0.019,259.49, 19.26, 42.09, 30.67,
1997, 5, 0.023,261.62, 22.31, 38.72, 30.52,
1997, 6, 0.031,263.28, 26.13, 38.47, 32.30,
1997, 7, 0.040,266.20, 28.96, 35.59, 32.27,
1997, 8, 0.052,269.17, 33.43, 33.45, 33.44,
1997, 9, 0.065,272.44, 37.85, 31.15, 34.50,
1997,10, 0.084,276.21, 42.48, 28.04, 35.26,
1997,11, 0.104,279.53, 48.40, 24.28, 36.34,
1997,12, 0.121,282.07, 51.25, 24.07, 37.66,
1997,13, 0.136,283.73, 52.93, 27.52, 40.23,
1997,14, 0.153,284.70, 53.77, 32.57, 43.17,
1997,15, 0.178,287.12, 56.10, 32.98, 44.54,
1997,16, 0.217,289.95, 61.47, 32.96, 47.22,
1997,17, 0.269,293.11, 70.10, 32.52, 51.31,
1997,18, 0.306,294.73, 73.50, 39.36, 56.43,
1997,19, 0.335,296.18, 73.92, 45.61, 59.77,
1997,20, 0.360,297.55, 73.50, 47.55, 60.53,
1997,21, 0.372,297.37, 70.76, 60.07, 65.41,
1997,22, 0.379,296.93, 65.70, 70.89, 68.29,
1997,23, 0.388,297.11, 63.69, 72.34, 68.02,
1997,24, 0.400,297.47, 67.15, 72.37, 69.76,
1997,25, 0.406,297.35, 70.42, 77.22, 73.82,
1997,26, 0.406,296.91, 71.18, 83.83, 77.51,
1997,27, 0.400,296.27, 68.52, 89.84, 79.18,
1997,28, 0.391,295.55, 66.48, 95.09, 80.79,
1997,29, 0.390,295.44, 69.86, 96.88, 83.37,
1997,30, 0.392,295.63, 76.26, 97.32, 86.80,
1997,31, 0.387,295.47, 79.99, 98.18, 89.08,
1997,32, 0.379,295.24, 82.96, 98.79, 90.87,
1997,33, 0.371,295.07, 85.79, 98.76, 92.27,
1997,34, 0.361,294.82, 87.92, 98.11, 93.01,
1997,35, 0.348,294.22, 89.49, 96.85, 93.17,
1997,36, 0.334,293.31, 90.76, 92.91, 91.84,
1997,37, 0.319,292.28, 91.91, 87.20, 89.55,
1997,38, 0.296,290.77, 89.82, 84.49, 87.15,
1997,39, 0.261,288.15, 81.44, 88.01, 84.73,
1997,40, 0.226,285.34, 71.91, 90.52, 81.22,
1997,41, 0.196,282.90, 64.99, 86.12, 75.55,
1997,42, 0.177,280.84, 62.35, 74.78, 68.57,
1997,43, 0.157,278.13, 59.47, 67.07, 63.27,
1997,44, 0.134,274.93, 54.25, 60.86, 57.56,
1997,45, 0.107,271.50, 45.84, 61.06, 53.45,
1997,46, 0.082,267.64, 37.56, 65.09, 51.32,
1997,47, 0.066,264.55, 33.51, 67.12, 50.32,
1997,48, 0.056,261.82, 31.45, 67.01, 49.23,
1997,49, 0.053,259.57, 33.67, 65.63, 49.65,
1997,50, 0.053,257.64, 36.41, 64.73, 50.57,
1997,51, 0.053,256.17, 43.45, 63.81, 53.63,
1997,52, 0.053,255.36, 51.19, 62.42, 56.81,
1998, 1, 0.053,255.83, 60.07, 58.73, 59.40,
1998, 2, 0.055,258.12, 63.89, 46.92, 55.40,
1998, 3, 0.058,261.76, 65.75, 31.97, 48.86,
1998, 4, 0.060,264.29, 65.14, 25.35, 45.25,
1998, 5, 0.062,266.18, 61.83, 23.49, 42.66,
1998, 6, 0.062,267.62, 54.80, 24.63, 39.71,
1998, 7, 0.063,268.67, 47.01, 28.13, 37.57,
1998, 8, 0.064,269.78, 41.91, 32.01, 36.96,
1998, 9, 0.066,271.30, 38.61, 35.35, 36.98,
1998,10, 0.070,272.77, 34.79, 39.71, 37.25,
1998,11, 0.077,274.79, 34.25, 41.03, 37.64,
1998,12, 0.086,277.17, 34.84, 42.06, 38.45,
1998,13, 0.104,280.52, 38.68, 39.49, 39.09,
1998,14, 0.125,283.68, 42.49, 36.25, 39.37,
1998,15, 0.158,287.02, 48.46, 33.12, 40.79,
1998,16, 0.200,290.19, 55.33, 31.58, 43.45,
1998,17, 0.248,293.11, 62.85, 32.47, 47.66,
1998,18, 0.288,295.22, 67.45, 36.00, 51.72,
1998,19, 0.323,296.93, 69.48, 39.74, 54.61,
1998,20, 0.352,298.33, 70.85, 40.76, 55.80,
1998,21, 0.376,299.37, 72.83, 41.33, 57.08,
1998,22, 0.393,300.30, 72.78, 39.03, 55.90,
1998,23, 0.404,301.33, 72.51, 32.18, 52.34,
1998,24, 0.407,302.12, 70.79, 26.60, 48.70,
1998,25, 0.406,302.27, 69.75, 27.95, 48.85,
1998,26, 0.401,302.23, 67.44, 31.12, 49.28,
1998,27, 0.396,302.39, 65.09, 31.28, 48.19,
1998,28, 0.389,302.58, 64.29, 29.32, 46.81,
1998,29, 0.383,302.80, 64.73, 28.41, 46.57,
1998,30, 0.374,303.00, 66.07, 27.97, 47.02,
1998,31, 0.360,303.08, 64.84, 27.42, 46.13,
1998,32, 0.342,302.65, 62.30, 29.89, 46.10,
1998,33, 0.324,301.74, 59.15, 35.84, 47.49,
1998,34, 0.306,300.90, 56.13, 39.60, 47.86,
1998,35, 0.288,300.42, 55.22, 36.16, 45.69,
1998,36, 0.268,299.39, 53.22, 30.85, 42.04,
1998,37, 0.247,297.72, 50.95, 27.52, 39.24,
1998,38, 0.225,295.71, 49.02, 28.15, 38.59,
1998,39, 0.203,293.24, 47.78, 32.18, 39.98,
1998,40, 0.182,290.33, 46.99, 38.16, 42.57,
1998,41, 0.160,287.34, 45.52, 40.90, 43.21,
1998,42, 0.139,284.20, 43.15, 43.27, 43.21,
1998,43, 0.121,281.43, 41.83, 42.07, 41.95,
1998,44, 0.104,278.42, 39.17, 39.26, 39.22,
1998,45, 0.089,275.18, 36.53, 40.34, 38.43,
1998,46, 0.076,271.35, 35.03, 45.69, 40.36,
1998,47, 0.067,267.89, 34.44, 49.90, 42.17,
1998,48, 0.060,265.57, 35.39, 48.58, 41.99,
1998,49, 0.054,263.85, 35.64, 45.55, 40.59,
1998,50, 0.050,262.50, 35.30, 42.02, 38.66,
1998,51, 0.048,261.92, 39.71, 37.61, 38.66,
1998,52, 0.046,260.98, 43.35, 37.41, 40.38,
1999, 1, 0.045,260.52, 49.97, 37.70, 43.83,
1999, 2, 0.045,260.62, 52.10, 35.71, 43.90,
1999, 3, 0.046,261.17, 52.07, 33.76, 42.91,
1999, 4, 0.048,261.49, 51.76, 35.44, 43.60,
1999, 5, 0.049,262.14, 49.06, 37.71, 43.38,
1999, 6, 0.052,264.13, 46.07, 36.32, 41.19,
1999, 7, 0.057,266.30, 42.91, 35.67, 39.29,
1999, 8, 0.059,267.86, 39.41, 37.92, 38.66,
1999, 9, 0.064,269.75, 37.41, 40.05, 38.73,
1999,10, 0.074,272.56, 37.11, 39.95, 38.53,
1999,11, 0.087,276.15, 40.18, 35.79, 37.98,
1999,12, 0.108,280.33, 45.67, 30.20, 37.94,
1999,13, 0.133,283.71, 52.38, 27.34, 39.86,
1999,14, 0.165,286.63, 59.47, 24.87, 42.17,
1999,15, 0.204,289.54, 66.82, 22.71, 44.77,
1999,16, 0.241,291.79, 70.80, 24.11, 47.46,
1999,17, 0.279,293.00, 73.71, 33.17, 53.44,
1999,18, 0.312,293.95, 75.77, 45.29, 60.53,
1999,19, 0.347,295.54, 78.10, 51.27, 64.69,
1999,20, 0.381,297.13, 81.74, 51.58, 66.66,
1999,21, 0.403,298.81, 84.21, 46.84, 65.53,
1999,22, 0.416,300.30, 83.56, 39.54, 61.55,
1999,23, 0.421,301.44, 81.47, 31.54, 56.51,
1999,24, 0.416,302.11, 76.12, 26.88, 51.50,
1999,25, 0.407,302.61, 70.71, 24.81, 47.76,
1999,26, 0.392,302.89, 62.90, 25.06, 43.98,
1999,27, 0.375,302.87, 54.36, 26.89, 40.63,
1999,28, 0.359,302.96, 48.90, 25.75, 37.33,
1999,29, 0.343,302.80, 44.43, 28.09, 36.26,
1999,30, 0.328,302.38, 42.66, 33.42, 38.04,
1999,31, 0.316,301.49, 42.74, 42.01, 42.38,
1999,32, 0.308,300.54, 44.77, 49.48, 47.12,
1999,33, 0.304,299.92, 48.95, 52.96, 50.96,
1999,34, 0.302,299.36, 54.54, 54.17, 54.35,
1999,35, 0.291,298.28, 57.16, 56.89, 57.03,
1999,36, 0.275,297.47, 57.79, 49.99, 53.89,
1999,37, 0.256,296.79, 56.56, 37.26, 46.91,
1999,38, 0.230,295.74, 52.41, 27.41, 39.91,
1999,39, 0.200,293.78, 46.27, 25.99, 36.13,
1999,40, 0.170,290.87, 40.22, 32.45, 36.33,
1999,41, 0.144,287.25, 36.48, 41.82, 39.15,
1999,42, 0.124,283.63, 34.99, 48.64, 41.82,
1999,43, 0.104,280.66, 32.76, 48.14, 40.45,
1999,44, 0.086,277.70, 30.05, 44.22, 37.14,
1999,45, 0.072,273.82, 27.24, 49.00, 38.12,
1999,46, 0.058,269.14, 24.24, 58.49, 41.36,
1999,47, 0.048,264.85, 22.48, 66.62, 44.55,
1999,48, 0.041,261.62, 21.61, 68.78, 45.19,
1999,49, 0.037,259.65, 22.30, 65.78, 44.04,
1999,50, 0.033,259.55, 19.47, 56.02, 37.74,
1999,51, 0.030,259.01, 20.27, 50.35, 35.31,
1999,52, 0.028,258.73, 22.22, 46.69, 34.45,
2000, 1, 0.028,257.51, 28.08, 49.96, 39.02,
2000, 2, 0.027,255.96, 29.87, 54.62, 42.24,
2000, 3, 0.028,254.40, 30.93, 60.39, 45.66,
2000, 4, 0.030,253.99, 31.84, 62.93, 47.38,
2000, 5, 0.030,253.33, 29.91, 68.01, 48.96,
2000, 6, 0.030,253.30, 25.52, 71.71, 48.61,
2000, 7, 0.030,254.96, 20.90, 71.75, 46.32,
2000, 8, 0.032,257.12, 19.80, 71.77, 45.79,
2000, 9, 0.035,259.48, 18.63, 72.44, 45.54,
2000,10, 0.040,261.76, 17.10, 74.40, 45.75,
2000,11, 0.048,266.15, 19.04, 70.25, 44.65,
2000,12, 0.061,271.10, 22.63, 64.00, 43.32,
2000,13, 0.079,276.81, 27.33, 53.46, 40.39,
2000,14, 0.102,282.80, 32.67, 39.65, 36.16,
2000,15, 0.132,287.38, 38.07, 31.72, 34.90,
2000,16, 0.172,291.42, 45.04, 25.92, 35.48,
2000,17, 0.217,294.14, 51.89, 26.57, 39.23,
2000,18, 0.255,294.74, 55.69, 39.73, 47.71,
2000,19, 0.283,295.49, 54.56, 51.87, 53.21,
2000,20, 0.308,297.05, 53.39, 52.61, 53.00,
2000,21, 0.328,298.17, 51.84, 53.13, 52.48,
2000,22, 0.344,298.83, 48.50, 53.62, 51.06,
2000,23, 0.354,298.91, 45.44, 55.70, 50.57,
2000,24, 0.369,299.03, 48.46, 57.30, 52.88,
2000,25, 0.381,299.07, 55.87, 60.23, 58.05,
2000,26, 0.385,298.99, 59.15, 63.72, 61.44,
2000,27, 0.381,298.94, 58.27, 64.84, 61.55,
2000,28, 0.374,298.88, 57.04, 64.44, 60.74,
2000,29, 0.366,298.96, 56.57, 64.85, 60.71,
2000,30, 0.355,299.14, 56.23, 65.05, 60.64,
2000,31, 0.335,298.72, 51.70, 68.76, 60.23,
2000,32, 0.311,298.20, 45.34, 71.94, 58.64,
2000,33, 0.289,298.01, 39.84, 71.57, 55.71,
2000,34, 0.262,297.19, 32.37, 75.40, 53.88,
2000,35, 0.236,295.63, 27.01, 82.08, 54.55,
2000,36, 0.213,293.90, 23.64, 84.45, 54.04,
2000,37, 0.197,292.42, 24.62, 82.83, 53.72,
2000,38, 0.190,291.67, 30.03, 73.41, 51.72,
2000,39, 0.182,290.88, 36.02, 58.35, 47.19,
2000,40, 0.173,289.78, 41.89, 43.97, 42.93,
2000,41, 0.159,288.26, 44.82, 31.21, 38.01,
2000,42, 0.139,286.07, 43.16, 25.44, 34.30,
2000,43, 0.118,283.54, 40.16, 25.94, 33.05,
2000,44, 0.093,280.90, 33.45, 23.75, 28.60,
2000,45, 0.073,278.59, 28.22, 21.27, 24.74,
2000,46, 0.059,275.94, 25.32, 22.06, 23.69,
2000,47, 0.050,273.76, 23.89, 20.26, 22.08,
2000,48, 0.046,272.82, 25.37, 13.57, 19.47,
2000,49, 0.044,271.86, 27.80,  9.45, 18.63,
2000,50, 0.040,270.11, 26.54,  9.00, 17.77,
2000,51, 0.036,268.73, 28.25,  9.08, 18.67,
2000,52, 0.038,267.59, 34.88, 10.63, 22.76,
2001, 1, 0.042,265.85, 45.99, 15.69, 30.84,
2001, 2, 0.043,264.04, 49.36, 21.76, 35.56,
2001, 3, 0.047,262.23, 53.28, 29.41, 41.34,
2001, 4, 0.048,261.41, 52.44, 35.28, 43.86,
2001, 5, 0.046,260.22, 46.06, 43.76, 44.91,
2001, 6, 0.048,259.82, 42.72, 50.16, 46.44,
2001, 7, 0.054,260.15, 40.60, 55.03, 47.82,
2001, 8, 0.065,262.78, 43.07, 53.57, 48.32,
2001, 9, 0.082,267.37, 48.42, 46.96, 47.69,
2001,10, 0.107,272.65, 56.53, 39.34, 47.93,
2001,11, 0.138,277.25, 66.46, 32.05, 49.25,
2001,12, 0.164,281.21, 72.25, 27.19, 49.72,
2001,13, 0.191,284.60, 77.59, 24.23, 50.91,
2001,14, 0.217,286.90, 80.31, 24.08, 52.20,
2001,15, 0.240,289.05, 79.68, 24.94, 52.31,
2001,16, 0.268,291.20, 79.25, 27.05, 53.15,
2001,17, 0.303,293.11, 80.90, 32.68, 56.79,
2001,18, 0.337,294.23, 83.05, 43.43, 63.24,
2001,19, 0.365,294.82, 83.38, 57.17, 70.28,
2001,20, 0.385,295.44, 82.80, 66.63, 74.72,
2001,21, 0.394,295.51, 79.85, 77.56, 78.71,
2001,22, 0.399,295.27, 74.82, 86.06, 80.44,
2001,23, 0.397,295.51, 68.55, 87.05, 77.80,
2001,24, 0.398,296.33, 65.45, 83.10, 74.28,
2001,25, 0.400,297.47, 66.45, 75.93, 71.19,
2001,26, 0.400,298.89, 67.49, 64.78, 66.14,
2001,27, 0.397,300.23, 66.73, 52.61, 59.67,
2001,28, 0.386,301.21, 63.68, 42.63, 53.16,
2001,29, 0.370,301.71, 59.06, 38.94, 49.00,
2001,30, 0.357,302.55, 57.69, 32.52, 45.10,
2001,31, 0.343,303.26, 56.36, 26.10, 41.23,
2001,32, 0.320,302.74, 50.74, 29.37, 40.05,
2001,33, 0.298,301.85, 45.28, 35.20, 40.24,
2001,34, 0.281,301.05, 42.42, 38.34, 40.38,
2001,35, 0.263,299.38, 40.76, 46.49, 43.62,
2001,36, 0.248,297.50, 41.92, 50.33, 46.13,
2001,37, 0.235,295.65, 44.58, 50.50, 47.54,
2001,38, 0.225,293.97, 49.03, 48.28, 48.66,
2001,39, 0.215,292.32, 54.03, 42.69, 48.36,
2001,40, 0.203,289.43, 57.94, 48.04, 52.99,
2001,41, 0.191,286.51, 61.60, 49.69, 55.64,
2001,42, 0.178,284.18, 62.37, 43.66, 53.02,
2001,43, 0.164,281.19, 62.01, 44.12, 53.07,
2001,44, 0.145,277.90, 59.17, 42.65, 50.91,
2001,45, 0.122,273.74, 53.02, 48.85, 50.94,
2001,46, 0.099,268.74, 46.53, 59.55, 53.04,
2001,47, 0.085,264.85, 43.83, 65.33, 54.58,
2001,48, 0.069,260.41, 40.22, 72.47, 56.35,
2001,49, 0.060,257.03, 39.54, 75.34, 57.44,
2001,50, 0.056,255.10, 40.16, 74.19, 57.18,
2001,51, 0.053,253.93, 44.27, 71.85, 58.06,
2001,52, 0.051,253.74, 48.71, 68.05, 58.38,
2002, 1, 0.049,254.57, 55.20, 63.15, 59.17,
2002, 2, 0.050,256.58, 56.60, 52.93, 54.76,
2002, 3, 0.055,260.30, 60.87, 37.46, 49.16,
2002, 4, 0.058,263.30, 61.78, 28.61, 45.20,
2002, 5, 0.060,266.16, 58.74, 22.97, 40.86,
2002, 6, 0.068,269.36, 59.35, 18.13, 38.74,
2002, 7, 0.083,272.59, 62.13, 14.77, 38.45,
2002, 8, 0.097,275.69, 64.80, 12.42, 38.61,
2002, 9, 0.112,278.65, 66.59, 11.13, 38.86,
2002,10, 0.125,281.36, 66.26, 11.24, 38.75,
2002,11, 0.145,284.25, 69.68,  7.97, 38.82,
2002,12, 0.166,286.78, 72.94,  6.87, 39.90,
2002,13, 0.187,289.30, 76.25,  6.49, 41.37,
2002,14, 0.210,291.45, 77.64,  6.60, 42.12,
2002,15, 0.233,293.30, 77.17,  7.22, 42.20,
2002,16, 0.257,295.12, 75.97,  8.54, 42.25,
2002,17, 0.288,296.90, 76.45,  9.93, 43.19,
2002,18, 0.322,298.14, 78.80, 15.17, 46.99,
2002,19, 0.353,299.27, 80.26, 21.36, 50.81,
2002,20, 0.377,300.10, 80.26, 26.13, 53.19,
2002,21, 0.390,300.25, 78.34, 34.46, 56.40,
2002,22, 0.396,300.13, 73.63, 41.98, 57.80,
2002,23, 0.393,299.98, 66.43, 45.85, 56.14,
2002,24, 0.383,300.16, 56.50, 46.41, 51.46,
2002,25, 0.373,301.10, 50.04, 40.43, 45.24,
2002,26, 0.362,301.97, 45.04, 34.95, 39.99,
2002,27, 0.348,302.49, 38.80, 31.35, 35.08,
2002,28, 0.336,302.73, 35.82, 28.65, 32.24,
2002,29, 0.321,302.46, 32.98, 32.05, 32.52,
2002,30, 0.314,301.69, 35.38, 40.89, 38.14,
2002,31, 0.313,301.37, 41.18, 43.92, 42.55,
2002,32, 0.309,301.35, 45.76, 42.30, 44.03,
2002,33, 0.302,300.81, 48.05, 45.08, 46.56,
2002,34, 0.289,300.01, 47.64, 48.63, 48.13,
2002,35, 0.272,298.51, 46.60, 55.32, 50.96,
2002,36, 0.254,296.45, 45.78, 61.34, 53.56,
2002,37, 0.238,293.56, 46.67, 73.59, 60.13,
2002,38, 0.225,290.42, 50.13, 88.71, 69.42,
2002,39, 0.217,287.92, 56.16, 90.97, 73.56,
2002,40, 0.212,286.29, 63.48, 81.50, 72.49,
2002,41, 0.205,284.31, 69.24, 72.41, 70.83,
2002,42, 0.196,282.13, 71.78, 62.77, 67.27,
2002,43, 0.180,279.28, 70.36, 58.20, 64.28,
2002,44, 0.166,276.84, 69.75, 48.72, 59.23,
2002,45, 0.153,274.31, 69.48, 44.96, 57.22,
2002,46, 0.143,271.35, 71.48, 45.57, 58.53,
2002,47, 0.136,268.50, 74.98, 46.75, 60.86,
2002,48, 0.132,266.40, 81.71, 44.49, 63.10,
2002,49, 0.128,265.53, 88.87, 37.73, 63.30,
2002,50, 0.118,263.90, 92.58, 35.57, 64.08,
2002,51, 0.103,261.28, 92.48, 40.19, 66.34,
2002,52, 0.086,260.16, 88.40, 40.79, 64.59,
2003, 1, 0.069,259.56, 77.23, 41.54, 59.39,
2003, 2, 0.053,257.89, 61.47, 46.90, 54.18,
2003, 3, 0.044,256.13, 49.12, 53.66, 51.39,
2003, 4, 0.036,254.11, 38.54, 62.76, 50.65,
2003, 5, 0.029,254.43, 28.92, 64.78, 46.85,
2003, 6, 0.024,254.99, 20.68, 66.79, 43.73,
2003, 7, 0.022,256.02, 14.53, 68.84, 41.68,
2003, 8, 0.021,256.94, 11.79, 72.61, 42.20,
2003, 9, 0.021,258.74,  9.67, 75.18, 42.42,
2003,10, 0.025,261.58,  8.24, 75.80, 42.02,
2003,11, 0.033,264.06, 10.64, 77.60, 44.12,
2003,12, 0.045,267.45, 14.68, 76.94, 45.81,
2003,13, 0.062,272.93, 19.80, 67.84, 43.82,
2003,14, 0.083,279.09, 24.39, 53.68, 39.03,
2003,15, 0.107,284.64, 28.25, 42.88, 35.56,
2003,16, 0.134,289.39, 31.28, 35.09, 33.18,
2003,17, 0.163,293.68, 32.86, 28.76, 30.81,
2003,18, 0.194,297.27, 34.27, 21.18, 27.73,
2003,19, 0.226,300.27, 34.04, 14.87, 24.46,
2003,20, 0.258,302.22, 34.37, 12.14, 23.25,
2003,21, 0.284,303.18, 33.42, 13.00, 23.21,
2003,22, 0.305,303.40, 30.48, 15.77, 23.12,
2003,23, 0.321,302.73, 28.17, 21.90, 25.03,
2003,24, 0.335,301.37, 29.00, 35.02, 32.01,
2003,25, 0.350,299.80, 36.27, 53.35, 44.81,
2003,26, 0.368,298.40, 48.01, 69.27, 58.64,
2003,27, 0.387,297.42, 60.29, 78.47, 69.38,
2003,28, 0.406,296.81, 73.36, 82.59, 77.98,
2003,29, 0.419,296.43, 82.93, 86.58, 84.75,
2003,30, 0.426,296.50, 89.10, 87.94, 88.52,
2003,31, 0.428,296.48, 92.87, 87.72, 90.29,
2003,32, 0.418,296.41, 93.47, 86.82, 90.15,
2003,33, 0.402,296.68, 92.52, 83.45, 87.98,
2003,34, 0.381,296.31, 90.14, 83.77, 86.95,
2003,35, 0.358,295.76, 87.86, 81.84, 84.85,
2003,36, 0.334,295.05, 85.04, 75.30, 80.17,
2003,37, 0.307,294.22, 81.55, 66.16, 73.86,
2003,38, 0.278,293.07, 77.14, 58.37, 67.75,
2003,39, 0.251,291.17, 72.96, 55.09, 64.02,
2003,40, 0.223,288.48, 68.27, 58.18, 63.22,
2003,41, 0.197,286.09, 64.58, 54.24, 59.41,
2003,42, 0.172,283.28, 59.62, 51.90, 55.76,
2003,43, 0.150,280.55, 56.28, 48.62, 52.45,
2003,44, 0.133,277.97, 54.10, 41.71, 47.91,
2003,45, 0.113,275.55, 49.48, 37.99, 43.73,
2003,46, 0.096,272.89, 46.29, 37.41, 41.85,
2003,47, 0.084,269.33, 44.24, 42.10, 43.17,
2003,48, 0.074,265.40, 44.26, 48.61, 46.43,
2003,49, 0.068,260.65, 45.42, 58.87, 52.15,
2003,50, 0.062,255.43, 45.08, 70.75, 57.91,
2003,51, 0.055,248.48, 46.26, 85.42, 65.84,
2003,52, 0.050,239.48, 48.47, 96.27, 72.37,
2004, 1, 0.046,231.71, 51.50, 98.13, 74.81,
2004, 2,-1.000, -1.00, -1.00, -1.00, -1.00,
2004, 3,-1.000, -1.00, -1.00, -1.00, -1.00,
2004, 4,-1.000, -1.00, -1.00, -1.00, -1.00,
2004, 5, 0.048,237.88, 47.44, 96.59, 72.01,
2004, 6, 0.050,244.38, 43.38, 91.05, 67.22,
2004, 7, 0.053,250.67, 39.04, 82.30, 60.67,
2004, 8, 0.058,256.16, 37.65, 74.29, 55.97,
2004, 9, 0.064,260.83, 36.77, 68.29, 52.53,
2004,10, 0.069,263.34, 33.99, 69.53, 51.76,
2004,11,-1.000, -1.00, -1.00, -1.00, -1.00,
2004,12,-1.000, -1.00, -1.00, -1.00, -1.00,
2004,13,-1.000, -1.00, -1.00, -1.00, -1.00,
2004,14,-1.000, -1.00, -1.00, -1.00, -1.00,
2004,15,-1.000, -1.00, -1.00, -1.00, -1.00,
2004,16,-1.000, -1.00, -1.00, -1.00, -1.00,
2004,17,-1.000, -1.00, -1.00, -1.00, -1.00,
2004,18,-1.000, -1.00, -1.00, -1.00, -1.00,
2004,19,-1.000, -1.00, -1.00, -1.00, -1.00,
2004,20,-1.000, -1.00, -1.00, -1.00, -1.00,
2004,21,-1.000, -1.00, -1.00, -1.00, -1.00,
2004,22,-1.000, -1.00, -1.00, -1.00, -1.00,
2004,23,-1.000, -1.00, -1.00, -1.00, -1.00,
2004,24,-1.000, -1.00, -1.00, -1.00, -1.00,
2004,25, 0.413,295.93, 71.80, 85.12, 78.46,
2004,26, 0.410,295.51, 71.00, 89.26, 80.13,
2004,27, 0.415,295.67, 74.77, 89.70, 82.24,
2004,28, 0.416,295.80, 77.79, 88.78, 83.29,
2004,29,-1.000, -1.00, -1.00, -1.00, -1.00,
2004,30, 0.409,295.97, 82.15, 90.84, 86.49,
2004,31, 0.402,296.02, 84.87, 90.94, 87.91,
2004,32, 0.394,296.06, 87.13, 89.99, 88.56,
2004,33, 0.382,295.85, 87.83, 90.31, 89.07,
2004,34, 0.373,295.66, 89.70, 89.05, 89.38,
2004,35, 0.363,295.37, 91.80, 84.99, 88.40,
2004,36, 0.346,295.05, 91.47, 75.26, 83.37,
2004,37, 0.324,294.18, 90.35, 66.56, 78.46,
2004,38, 0.300,292.64, 88.75, 63.42, 76.09,
2004,39, 0.277,290.69, 87.00, 60.60, 73.80,
2004,40, 0.253,288.61, 84.18, 56.68, 70.43,
2004,41, 0.230,286.53, 81.26, 49.25, 65.26,
2004,42, 0.209,284.23, 77.67, 42.84, 60.25,
2004,43, 0.191,281.97, 75.36, 38.19, 56.77,
2004,44, 0.171,279.80, 72.10, 30.85, 51.48,
2004,45, 0.149,276.72, 67.45, 32.00, 49.73,
2004,46, 0.129,273.01, 63.63, 37.47, 50.55,
2004,47, 0.113,270.11, 61.54, 38.88, 50.21,
2004,48, 0.101,267.48, 62.03, 39.56, 50.79,
2004,49, 0.090,265.80, 61.93, 36.86, 49.39,
2004,50, 0.082,264.23, 62.41, 34.67, 48.54,
2004,51, 0.079,263.63, 69.30, 30.44, 49.87,
2004,52, 0.076,263.56, 74.76, 26.89, 50.82,
2005, 1, 0.072,262.66, 79.28, 29.01, 54.14,
2005, 2, 0.069,262.01, 77.29, 30.34, 53.82,
2005, 3, 0.064,260.15, 70.76, 37.97, 54.36,
2005, 4, 0.060,258.51, 64.62, 46.74, 55.68,
2005, 5, 0.058,257.11, 58.82, 55.68, 57.25,
2005, 6, 0.057,257.41, 50.27, 59.05, 54.66,
2005, 7, 0.058,258.92, 43.61, 59.87, 51.74,
2005, 8, 0.062,261.65, 41.38, 57.87, 49.63,
2005, 9, 0.067,264.00, 39.27, 58.59, 48.93,
2005,10, 0.078,267.50, 39.48, 56.72, 48.10,
2005,11, 0.092,271.25, 42.33, 53.08, 47.70,
2005,12, 0.105,275.25, 44.21, 49.09, 46.65,
2005,13, 0.124,279.41, 47.97, 43.87, 45.92,
2005,14, 0.144,283.62, 50.34, 36.67, 43.50,
2005,15, 0.166,287.88, 51.66, 29.78, 40.72,
2005,16, 0.195,290.89, 53.69, 28.50, 41.09,
2005,17, 0.229,293.24, 56.16, 32.07, 44.12,
2005,18, 0.269,295.34, 60.35, 35.47, 47.91,
2005,19, 0.306,296.86, 62.96, 40.80, 51.88,
2005,20, 0.347,298.60, 68.35, 39.18, 53.77,
2005,21, 0.373,299.49, 70.85, 41.39, 56.12,
2005,22, 0.388,299.33, 69.63, 49.43, 59.53,
2005,23, 0.398,298.79, 68.73, 57.21, 62.97,
2005,24, 0.405,298.46, 68.86, 63.01, 65.93,
2005,25, 0.407,298.07, 70.43, 70.07, 70.25,
2005,26, 0.411,298.19, 73.49, 71.42, 72.45,
2005,27, 0.413,298.73, 74.89, 66.85, 70.87,
2005,28, 0.410,299.26, 75.64, 60.90, 68.27,
2005,29, 0.397,299.56, 73.23, 58.93, 66.08,
2005,30, 0.387,300.21, 73.06, 54.84, 63.95,
2005,31, 0.374,300.71, 72.61, 50.10, 61.36,
2005,32, 0.359,301.14, 71.75, 44.51, 58.13,
2005,33, 0.340,301.52, 68.54, 38.38, 53.46,
2005,34, 0.317,301.54, 62.77, 33.68, 48.23,
2005,35, 0.293,301.18, 57.71, 28.95, 43.33,
2005,36, 0.270,300.40, 54.07, 21.26, 37.66,
2005,37, 0.250,299.26, 52.63, 13.15, 32.89,
2005,38, 0.232,297.87, 52.78,  8.10, 30.44,
2005,39, 0.211,295.85, 52.28,  7.29, 29.78,
2005,40, 0.194,292.91, 53.48, 11.89, 32.69,
2005,41, 0.177,289.95, 54.32, 14.51, 34.42,
2005,42, 0.158,286.85, 52.70, 18.61, 35.66,
2005,43, 0.141,283.85, 51.21, 24.16, 37.68,
2005,44, 0.124,279.98, 49.02, 30.06, 39.54,
2005,45, 0.104,276.07, 44.39, 36.25, 40.32,
2005,46, 0.086,272.98, 39.88, 38.12, 39.00,
2005,47, 0.072,269.54, 36.54, 42.12, 39.33,
2005,48, 0.062,266.18, 35.63, 45.77, 40.70,
2005,49, 0.057,263.28, 37.52, 48.31, 42.92,
2005,50, 0.055,262.31, 39.05, 43.21, 41.13,
2005,51, 0.054,261.96, 45.48, 37.50, 41.49,
2005,52, 0.052,260.87, 50.42, 37.74, 44.08,
2006, 1, 0.049,259.00, 55.23, 43.67, 49.45,
2006, 2, 0.048,258.31, 55.41, 44.76, 50.09,
2006, 3, 0.046,258.11, 51.40, 45.11, 48.26,
2006, 4, 0.042,257.47, 45.51, 49.27, 47.39,
2006, 5, 0.040,256.94, 40.32, 55.09, 47.70,
2006, 6, 0.037,257.55, 32.63, 58.03, 45.33,
2006, 7, 0.037,258.90, 26.23, 59.71, 42.97,
2006, 8, 0.037,260.04, 23.29, 63.12, 43.20,
2006, 9, 0.039,261.40, 20.97, 66.96, 43.97,
2006,10, 0.047,264.56, 21.05, 66.22, 43.64,
2006,11, 0.060,269.33, 25.30, 59.75, 42.52,
2006,12, 0.077,275.19, 30.17, 49.25, 39.71,
2006,13, 0.099,280.66, 36.19, 38.93, 37.56,
2006,14, 0.122,285.72, 40.96, 28.31, 34.64,
2006,15, 0.148,289.52, 44.29, 22.57, 33.43,
2006,16, 0.177,292.25, 46.85, 21.39, 34.12,
2006,17, 0.206,294.05, 48.07, 26.44, 37.26,
2006,18, 0.242,295.91, 51.04, 31.00, 41.02,
2006,19, 0.283,297.59, 54.81, 34.63, 44.72,
2006,20, 0.326,298.66, 60.47, 38.50, 49.48,
2006,21, 0.357,299.47, 64.52, 41.49, 53.00,
2006,22, 0.380,299.82, 66.13, 44.86, 55.50,
2006,23, 0.401,299.98, 70.33, 45.96, 58.15,
2006,24, 0.412,300.15, 73.65, 46.56, 60.11,
2006,25, 0.417,300.23, 76.59, 48.86, 62.73,
2006,26, 0.419,300.57, 78.61, 48.19, 63.40,
2006,27, 0.419,301.06, 79.02, 44.63, 61.83,
2006,28, 0.412,301.33, 77.15, 41.46, 59.31,
2006,29, 0.398,301.72, 73.80, 38.78, 56.29,
2006,30, 0.381,301.92, 69.95, 38.47, 54.21,
2006,31, 0.365,302.12, 68.25, 36.61, 52.43,
2006,32, 0.348,302.27, 66.02, 33.54, 49.78,
2006,33, 0.327,301.76, 61.90, 35.75, 48.82,
2006,34, 0.305,300.76, 56.72, 41.07, 48.90,
2006,35, 0.290,299.57, 56.65, 44.64, 50.64,
2006,36, 0.274,298.42, 57.42, 41.06, 49.24,
2006,37, 0.257,297.25, 57.28, 33.01, 45.14,
2006,38, 0.240,295.95, 58.35, 25.60, 41.98,
2006,39, 0.223,294.38, 59.36, 19.64, 39.50,
2006,40, 0.204,292.35, 58.86, 16.72, 37.79,
2006,41, 0.182,289.76, 56.68, 15.98, 36.33,
2006,42, 0.162,286.98, 54.44, 17.14, 35.79,
2006,43, 0.145,284.45, 53.03, 19.65, 36.34,
2006,44, 0.130,281.95, 51.71, 18.02, 34.86,
2006,45, 0.112,279.38, 47.95, 17.77, 32.86,
2006,46, 0.098,277.29, 45.96, 15.84, 30.90,
2006,47, 0.088,275.42, 45.67, 12.70, 29.19,
2006,48, 0.082,273.87, 48.78,  9.43, 29.10,
2006,49, 0.077,272.39, 51.91,  7.50, 29.70,
2006,50, 0.074,270.53, 55.11,  7.14, 31.13,
2006,51, 0.074,268.96, 63.76,  7.90, 35.83,
2006,52, 0.077,268.25, 76.71,  7.95, 42.33,
2007, 1, 0.080,267.85, 89.39,  8.18, 48.79,
2007, 2, 0.079,267.27, 88.23,  9.89, 49.06,
2007, 3, 0.079,267.20, 86.49, 11.24, 48.86,
2007, 4, 0.084,267.65, 87.66, 13.38, 50.52,
2007, 5, 0.093,269.05, 90.20, 13.41, 51.80,
2007, 6, 0.103,270.59, 89.45, 14.17, 51.81,
2007, 7, 0.115,272.98, 86.56, 13.32, 49.94,
2007, 8, 0.125,275.53, 84.33, 12.72, 48.52,
2007, 9, 0.137,278.53, 82.84, 11.30, 47.07,
2007,10, 0.145,282.01, 78.09,  8.92, 43.51,
2007,11, 0.154,284.82, 74.81,  5.90, 40.35,
2007,12, 0.167,287.40, 73.94,  4.60, 39.27,
2007,13, 0.186,290.02, 75.65,  3.84, 39.75,
2007,14, 0.205,292.21, 75.53,  3.74, 39.64,
2007,15, 0.219,293.76, 71.73,  5.43, 38.58,
2007,16, 0.241,295.39, 69.89,  7.28, 38.58,
2007,17, 0.268,297.37, 69.42,  7.14, 38.28,
2007,18, 0.294,299.56, 69.06,  5.21, 37.14,
2007,19, 0.319,301.52, 67.64,  3.70, 35.67,
2007,20, 0.338,302.84, 64.83,  3.12, 33.98,
2007,21, 0.353,303.91, 62.14,  2.41, 32.28,
2007,22, 0.360,304.61, 56.05,  2.53, 29.29,
2007,23, 0.358,304.57, 47.26,  4.51, 25.89,
2007,24, 0.359,304.35, 42.95,  7.01, 24.98,
2007,25, 0.364,304.44, 45.31,  8.62, 26.97,
2007,26, 0.363,304.68, 46.33,  9.43, 27.88,
2007,27, 0.358,305.08, 44.91,  7.79, 26.35,
2007,28, 0.348,305.06, 43.06,  7.94, 25.50,
2007,29, 0.338,305.16, 42.60,  7.92, 25.26,
2007,30, 0.326,305.35, 42.17,  7.26, 24.72,
2007,31, 0.311,305.48, 40.48,  6.69, 23.58,
2007,32, 0.297,305.37, 39.05,  6.22, 22.64,
2007,33, 0.283,305.00, 37.36,  6.75, 22.05,
2007,34, 0.270,304.45, 36.83,  7.11, 21.97,
2007,35, 0.261,303.43, 40.23,  8.42, 24.33,
2007,36, 0.255,301.71, 46.10,  8.72, 27.41,
2007,37, 0.250,299.56, 53.39,  8.47, 30.93,
2007,38, 0.249,297.56, 63.37,  7.68, 35.52,
2007,39, 0.249,295.65, 73.58,  6.06, 39.82,
2007,40, 0.246,293.47, 81.07,  5.04, 43.06,
2007,41, 0.239,290.35, 85.93,  9.71, 47.82,
2007,42, 0.230,287.45, 87.59, 12.29, 49.94,
2007,43, 0.223,284.34, 90.06, 19.88, 54.97,
2007,44, 0.213,280.69, 91.18, 25.30, 58.24,
2007,45, 0.201,277.81, 91.62, 26.17, 58.89,
2007,46, 0.184,275.43, 90.65, 25.26, 57.96,
2007,47, 0.164,272.95, 88.43, 25.02, 56.73,
2007,48, 0.137,270.05, 83.23, 27.47, 55.35,
2007,49, 0.109,266.84, 75.06, 32.36, 53.71,
2007,50, 0.086,264.65, 65.25, 33.23, 49.24,
2007,51, 0.076,264.20, 66.56, 28.24, 47.40,
2007,52, 0.072,264.34, 71.97, 23.72, 47.85,
2008, 1, 0.071,265.17, 78.60, 18.49, 48.54,
2008, 2, 0.073,266.07, 80.64, 13.77, 47.21,
2008, 3, 0.078,267.62, 82.46,  8.60, 45.53,
2008, 4, 0.081,269.32, 82.05,  6.26, 44.15,
2008, 5, 0.083,270.55, 78.85,  7.48, 43.17,
2008, 6, 0.089,272.47, 75.94,  7.61, 41.78,
2008, 7, 0.095,274.31, 70.05,  8.93, 39.49,
2008, 8, 0.103,276.52, 67.99,  9.50, 38.74,
2008, 9, 0.113,279.20, 67.22,  9.14, 38.18,
2008,10, 0.125,281.06, 66.26, 12.06, 39.16,
2008,11, 0.145,283.25, 70.04, 11.28, 40.66,
2008,12, 0.164,285.19, 72.40, 12.56, 42.48,
2008,13, 0.194,287.20, 79.18, 14.34, 46.76,
2008,14, 0.234,289.81, 87.51, 12.72, 50.11,
2008,15, 0.273,291.78, 92.31, 13.36, 52.84,
2008,16, 0.312,293.21, 95.02, 17.34, 56.18,
2008,17, 0.345,294.52, 95.60, 23.97, 59.78,
2008,18, 0.371,295.17, 95.16, 36.47, 65.81,
2008,19, 0.394,295.85, 94.39, 48.92, 71.66,
2008,20, 0.405,295.91, 90.72, 62.66, 76.69,
2008,21, 0.420,296.77, 90.81, 66.37, 78.59,
2008,22, 0.434,298.12, 91.33, 60.45, 75.89,
2008,23, 0.439,298.92, 90.57, 55.72, 73.15,
2008,24, 0.442,299.54, 90.29, 52.20, 71.25,
2008,25, 0.437,299.77, 88.06, 53.11, 70.58,
2008,26, 0.433,300.32, 86.18, 50.56, 68.37,
2008,27, 0.428,300.98, 83.65, 45.36, 64.50,
2008,28, 0.418,301.21, 79.82, 42.68, 61.25,
2008,29, 0.411,301.70, 79.49, 39.06, 59.27,
2008,30, 0.400,302.64, 79.24, 31.58, 55.41,
2008,31, 0.379,302.52, 74.58, 32.60, 53.59,
2008,32, 0.355,302.58, 69.56, 30.38, 49.97,
2008,33, 0.327,303.25, 60.86, 21.52, 41.19,
2008,34, 0.295,302.83, 50.46, 20.81, 35.64,
2008,35, 0.268,301.97, 43.47, 20.81, 32.14,
2008,36, 0.241,300.35, 37.67, 20.94, 29.31,
2008,37, 0.215,298.04, 33.06, 23.96, 28.51,
2008,38, 0.194,295.38, 31.60, 31.83, 31.71,
2008,39, 0.180,293.33, 34.56, 31.20, 32.88,
2008,40, 0.172,291.68, 41.09, 23.82, 32.45,
2008,41, 0.169,290.04, 50.19, 12.88, 31.54,
2008,42, 0.168,288.33, 57.55,  4.16, 30.85,
2008,43, 0.170,286.92, 65.16,  0.62, 32.89,
2008,44, 0.166,284.64, 69.72,  0.69, 35.21,
2008,45, 0.162,282.12, 73.60,  1.56, 37.58,
2008,46, 0.154,279.80, 76.70,  2.01, 39.35,
2008,47, 0.142,276.95, 77.93,  4.08, 41.01,
2008,48, 0.126,273.90, 78.34,  8.25, 43.29,
2008,49, 0.109,270.52, 75.88, 14.85, 45.37,
2008,50, 0.090,267.04, 69.39, 21.51, 45.45,
2008,51, 0.074,263.06, 64.95, 32.72, 48.84,
2008,52, 0.060,259.40, 59.94, 44.27, 52.11,
2009, 1, 0.052,257.06, 58.52, 52.21, 55.37,
2009, 2, 0.045,255.42, 50.52, 57.10, 53.81,
2009, 3, 0.037,254.15, 40.47, 61.71, 51.09,
2009, 4, 0.037,254.18, 39.57, 62.92, 51.25,
2009, 5, 0.043,255.93, 41.70, 59.98, 50.84,
2009, 6, 0.048,258.56, 41.29, 55.34, 48.31,
2009, 7, 0.058,262.59, 42.47, 47.99, 45.23,
2009, 8, 0.070,266.77, 46.28, 41.57, 43.92,
2009, 9, 0.086,270.84, 50.88, 36.42, 43.65,
2009,10, 0.104,275.02, 54.69, 31.89, 43.29,
2009,11, 0.120,278.89, 57.14, 26.40, 41.77,
2009,12, 0.144,282.41, 62.71, 22.85, 42.78,
2009,13, 0.177,286.47, 71.74, 17.20, 44.47,
2009,14, 0.208,290.38, 76.90, 10.71, 43.81,
2009,15, 0.231,293.05, 76.49,  8.30, 42.40,
2009,16, 0.250,294.28, 73.11, 12.26, 42.68,
2009,17, 0.272,295.40, 70.57, 18.69, 44.63,
2009,18, 0.295,296.68, 69.20, 25.62, 47.41,
2009,19, 0.319,297.68, 67.64, 34.12, 50.88,
2009,20, 0.344,298.75, 67.02, 37.99, 52.51,
2009,21, 0.364,299.68, 66.90, 39.87, 53.39,
2009,22, 0.379,300.66, 65.06, 37.45, 51.26,
2009,23, 0.388,301.88, 63.11, 28.50, 45.80,
2009,24, 0.389,302.35, 59.82, 25.45, 42.63,
2009,25, 0.390,302.88, 60.21, 23.05, 41.63,
2009,26, 0.389,303.57, 60.67, 19.32, 39.99,
2009,27, 0.381,303.74, 57.71, 19.44, 38.57,
2009,28, 0.369,303.50, 54.01, 21.44, 37.72,
2009,29, 0.359,303.21, 52.71, 25.16, 38.93,
2009,30, 0.348,302.96, 52.59, 28.93, 40.76,
2009,31, 0.336,302.88, 53.06, 30.04, 41.55,
2009,32, 0.323,302.74, 52.91, 29.86, 41.38,
2009,33, 0.308,302.53, 50.75, 29.21, 39.98,
2009,34, 0.289,301.97, 47.39, 30.02, 38.70,
2009,35, 0.271,301.23, 45.62, 28.94, 37.28,
2009,36, 0.255,300.01, 46.19, 25.42, 35.80,
2009,37, 0.243,298.36, 49.05, 21.60, 35.33,
2009,38, 0.228,296.25, 51.44, 22.83, 37.14,
2009,39, 0.213,293.90, 54.01, 25.37, 39.69,
2009,40, 0.202,291.60, 57.88, 24.89, 41.38,
2009,41, 0.189,289.31, 60.73, 20.76, 40.75,
2009,42, 0.175,286.38, 61.39, 22.85, 42.12,
2009,43, 0.156,282.45, 59.43, 34.52, 46.97,
2009,44, 0.134,278.36, 54.72, 39.59, 47.15,
2009,45, 0.112,275.21, 49.72, 39.54, 44.63,
2009,46, 0.098,272.23, 48.00, 39.79, 43.90,
2009,47, 0.085,268.20, 46.19, 46.40, 46.30,
2009,48, 0.077,264.80, 46.82, 50.32, 48.57,
2009,49, 0.073,262.24, 49.70, 51.06, 50.38,
2009,50, 0.071,259.67, 53.05, 52.52, 52.78,
2009,51, 0.063,256.67, 55.04, 58.14, 56.59,
2009,52, 0.054,253.95, 54.22, 64.55, 59.38,
2010, 1, 0.041,255.19, 45.99, 58.17, 52.08,
2010, 2, 0.039,255.77, 45.43, 54.06, 49.75,
2010, 3, 0.037,255.23, 42.35, 55.29, 48.82,
2010, 4, 0.033,254.38, 36.60, 59.65, 48.13,
2010, 5, 0.030,254.66, 31.70, 61.87, 46.79,
2010, 6, 0.034,256.61, 31.64, 59.17, 45.41,
2010, 7, 0.038,258.92, 29.62, 57.16, 43.39,
2010, 8, 0.043,261.63, 29.11, 55.36, 42.23,
2010, 9, 0.055,265.99, 33.10, 50.23, 41.67,
2010,10, 0.072,270.88, 37.47, 44.53, 41.00,
2010,11, 0.091,274.79, 42.57, 40.15, 41.36,
2010,12, 0.108,279.27, 46.10, 34.23, 40.16,
2010,13, 0.127,283.15, 49.49, 29.85, 39.67,
2010,14, 0.154,287.02, 54.86, 23.75, 39.31,
2010,15, 0.187,290.91, 59.65, 17.39, 38.52,
2010,16, 0.226,293.71, 64.62, 15.38, 40.00,
2010,17, 0.259,295.94, 66.44, 15.79, 41.11,
2010,18, 0.288,297.62, 66.69, 19.16, 42.92,
2010,19, 0.314,298.74, 65.62, 25.87, 45.75,
2010,20, 0.337,299.14, 64.30, 34.88, 49.59,
2010,21, 0.362,299.73, 65.93, 39.71, 52.82,
2010,22, 0.387,300.82, 68.90, 36.25, 52.58,
2010,23, 0.405,301.56, 72.31, 31.65, 51.98,
2010,24, 0.414,301.96, 74.57, 29.43, 52.00,
2010,25, 0.418,302.24, 77.03, 29.41, 53.22,
2010,26, 0.417,302.15, 77.04, 32.85, 54.94,
2010,27, 0.419,302.23, 78.04, 33.39, 55.72,
2010,28, 0.413,302.42, 76.60, 31.18, 53.89,
2010,29, 0.400,302.92, 73.90, 27.53, 50.71,
2010,30, 0.383,303.64, 70.21, 22.50, 46.36,
2010,31, 0.358,304.00, 63.77, 19.97, 41.87,
2010,32, 0.330,303.80, 56.06, 20.52, 38.29,
2010,33, 0.306,302.98, 49.63, 25.02, 37.33,
2010,34, 0.290,301.74, 47.69, 31.84, 39.76,
2010,35, 0.277,300.33, 49.18, 37.05, 43.12,
2010,36, 0.262,298.53, 50.06, 39.51, 44.78,
2010,37, 0.249,296.74, 52.21, 38.48, 45.34,
2010,38, 0.233,294.92, 53.76, 37.60, 45.68,
2010,39, 0.218,292.75, 55.30, 38.03, 46.67,
2010,40, 0.203,289.46, 57.84, 47.91, 52.87,
2010,41, 0.190,287.05, 60.51, 44.11, 52.31,
2010,42, 0.177,285.84, 61.77, 27.73, 44.75,
2010,43, 0.163,284.06, 61.74, 22.36, 42.05,
2010,44, 0.146,282.16, 59.48, 16.53, 38.01,
2010,45, 0.132,280.46, 57.52, 12.32, 34.92,
2010,46, 0.117,277.67, 55.59, 14.84, 35.22,
2010,47, 0.103,273.54, 53.54, 22.79, 38.17,
2010,48, 0.089,269.49, 52.44, 30.52, 41.48,
2010,49, 0.075,265.82, 50.07, 37.06, 43.57,
2010,50, 0.066,263.86, 47.75, 36.75, 42.25,
2010,51, 0.056,262.12, 46.08, 37.63, 41.85,
2010,52, 0.049,260.25, 44.55, 41.41, 42.98,
2011, 1, 0.040,258.21, 41.54, 48.08, 44.81,
2011, 2, 0.036,257.47, 38.00, 49.36, 43.68,
2011, 3, 0.035,257.48, 36.16, 48.77, 42.46,
2011, 4, 0.032,257.24, 32.14, 51.37, 41.76,
2011, 5, 0.032,258.16, 30.22, 51.81, 41.02,
2011, 6, 0.035,260.62, 29.36, 48.21, 38.78,
2011, 7, 0.040,263.28, 27.88, 45.76, 36.82,
2011, 8, 0.045,265.57, 27.99, 45.64, 36.81,
2011, 9, 0.054,268.51, 29.92, 44.45, 37.18,
2011,10, 0.068,272.34, 33.19, 41.26, 37.22,
2011,11, 0.083,276.16, 36.89, 36.41, 36.65,
2011,12, 0.099,279.92, 40.57, 32.13, 36.35,
2011,13, 0.115,282.80, 43.58, 31.03, 37.30,
2011,14, 0.137,286.15, 47.03, 26.83, 36.93,
2011,15, 0.163,290.06, 49.97, 20.58, 35.28,
2011,16, 0.193,293.58, 52.32, 15.56, 33.94,
2011,17, 0.222,295.97, 53.08, 15.29, 34.18,
2011,18, 0.253,297.81, 54.68, 17.55, 36.12,
2011,19, 0.285,298.92, 55.26, 24.18, 39.72,
2011,20, 0.318,299.78, 57.25, 28.88, 43.07,
2011,21, 0.352,300.31, 61.89, 33.94, 47.92,
2011,22, 0.374,300.80, 63.02, 35.87, 49.44,
2011,23, 0.387,301.23, 62.99, 34.18, 48.59,
2011,24, 0.390,300.67, 60.73, 41.39, 51.06,
2011,25, 0.393,299.91, 63.07, 51.97, 57.52,
2011,26, 0.400,299.66, 67.71, 57.19, 62.45,
2011,27, 0.409,299.79, 73.71, 56.83, 65.27,
2011,28, 0.417,300.32, 80.07, 50.98, 65.53,
2011,29, 0.415,300.83, 82.66, 47.21, 64.93,
2011,30, 0.407,301.13, 83.53, 45.96, 64.74,
2011,31, 0.395,301.51, 83.88, 42.21, 63.05,
2011,32, 0.375,301.38, 80.16, 41.76, 60.96,
2011,33, 0.352,301.27, 75.10, 40.27, 57.68,
2011,34, 0.333,301.39, 71.51, 34.81, 53.16,
2011,35, 0.308,300.91, 66.37, 31.38, 48.87,
2011,36, 0.280,300.02, 59.72, 24.59, 42.16,
2011,37, 0.253,298.73, 54.19, 16.91, 35.55,
2011,38, 0.229,297.15, 51.34, 12.15, 31.75,
2011,39, 0.205,295.15, 48.42, 11.38, 29.90,
2011,40, 0.182,292.65, 46.10, 13.56, 29.83,
2011,41, 0.162,290.12, 45.81, 12.30, 29.06,
2011,42, 0.141,287.10, 43.83, 16.19, 30.01,
2011,43, 0.124,284.16, 42.71, 21.85, 32.28,
2011,44, 0.111,281.44, 42.02, 21.05, 31.53,
2011,45, 0.098,278.93, 40.64, 20.09, 30.36,
2011,46, 0.086,275.77, 39.72, 23.39, 31.56,
2011,47, 0.075,271.97, 38.32, 29.76, 34.04,
2011,48, 0.065,268.27, 37.96, 36.03, 36.99,
2011,49, 0.058,263.42, 37.74, 47.95, 42.84,
2011,50, 0.052,259.72, 35.93, 54.92, 45.42,
2011,51, 0.048,256.61, 38.95, 60.99, 49.97,
2011,52, 0.045,254.51, 42.48, 64.69, 53.59,
2012, 1, 0.044,253.03, 48.05, 67.29, 57.67,
2012, 2, 0.043,251.97, 48.61, 69.13, 58.87,
2012, 3, 0.041,251.68, 46.00, 69.86, 57.93,
2012, 4, 0.039,252.99, 42.63, 66.68, 54.65,
2012, 5, 0.038,254.85, 38.64, 63.61, 51.12,
2012, 6, 0.037,257.00, 32.42, 60.58, 46.50,
2012, 7, 0.036,258.70, 26.11, 60.52, 43.31,
2012, 8, 0.037,261.47, 23.85, 58.37, 41.11,
2012, 9, 0.039,264.63, 21.89, 56.46, 39.18,
2012,10, 0.046,267.85, 20.72, 55.35, 38.04,
2012,11, 0.057,271.89, 23.82, 50.61, 37.22,
2012,12, 0.071,276.93, 27.58, 42.72, 35.15,
2012,13, 0.089,282.10, 32.14, 33.50, 32.82,
2012,14, 0.113,287.07, 37.32, 23.26, 30.29,
2012,15, 0.142,291.41, 42.11, 15.02, 28.56,
2012,16, 0.176,295.36, 46.36,  8.14, 27.25,
2012,17, 0.214,298.61, 50.53,  4.45, 27.49,
2012,18, 0.245,300.88, 51.80,  3.82, 27.81,
2012,19, 0.269,302.33, 49.35,  4.95, 27.15,
2012,20, 0.287,302.84, 44.91,  8.53, 26.72,
2012,21, 0.299,302.58, 39.31, 16.74, 28.03,
2012,22, 0.332,304.99, 43.18,  6.53, 24.85,
2012,23, 0.345,305.37, 40.63,  5.77, 23.20,
2012,24, 0.351,305.62, 38.56,  5.47, 22.02,
2012,25, 0.353,305.98, 39.18,  5.42, 22.30,
2012,26, 0.352,306.39, 39.81,  5.72, 22.76,
2012,27, 0.340,306.60, 35.50,  5.92, 20.71,
2012,28, 0.330,306.85, 33.89,  5.79, 19.84,
2012,29, 0.317,306.69, 31.97,  6.21, 19.09,
2012,30, 0.307,306.65, 32.56,  5.90, 19.23,
2012,31, 0.295,306.10, 31.93,  7.59, 19.76,
2012,32, 0.283,305.06, 31.49, 11.69, 21.59,
2012,33, 0.278,303.48, 34.26, 20.82, 27.54,
2012,34, 0.280,301.87, 42.08, 30.78, 36.43,
2012,35, 0.284,300.47, 52.92, 36.07, 44.49,
2012,36, 0.289,299.46, 64.98, 30.57, 47.77,
2012,37, 0.291,298.29, 75.18, 22.24, 48.71,
2012,38, 0.292,296.99, 83.53, 15.46, 49.50,
2012,39, 0.294,295.42, 90.00, 11.32, 50.66,
2012,40, 0.298,293.67, 93.65,  7.78, 50.71,
2012,41, 0.296,291.32, 95.12,  5.34, 50.23,
2012,42, 0.287,288.70, 95.45,  5.01, 50.23,
2012,43, 0.279,286.17, 95.67,  7.79, 51.73,
2012,44, 0.267,283.37, 95.38,  8.99, 52.19,
2012,45, 0.248,280.81, 94.83,  9.32, 52.07,
2012,46, 0.223,278.13, 93.68, 11.05, 52.37,
2012,47, 0.190,274.67, 90.77, 16.03, 53.40,
2012,48, 0.152,270.79, 85.28, 23.76, 54.52,
2012,49, 0.126,268.21, 80.96, 25.93, 53.45,
2012,50, 0.105,266.19, 75.63, 25.85, 50.74,
2012,51, 0.089,264.73, 72.97, 25.55, 49.26,
2012,52, 0.080,263.98, 73.78, 25.01, 49.39,
2013, 1, 0.068,259.52, 69.05, 41.78, 55.42,
2013, 2, 0.065,260.30, 66.96, 36.68, 51.82,
2013, 3, 0.060,260.12, 62.37, 37.28, 49.82,
2013, 4, 0.062,261.49, 62.89, 35.15, 49.02,
2013, 5, 0.070,263.86, 65.12, 31.62, 48.37,
2013, 6, 0.084,267.38, 69.00, 25.42, 47.21,
2013, 7, 0.104,270.80, 72.74, 21.12, 46.93,
2013, 8, 0.125,274.40, 76.93, 17.66, 47.29,
2013, 9, 0.146,277.99, 79.68, 15.49, 47.58,
2013,10, 0.162,280.94, 79.22, 14.65, 46.93,
2013,11, 0.173,282.39, 77.35, 16.70, 47.02,
2013,12, 0.184,284.45, 76.17, 17.83, 47.00,
2013,13, 0.197,286.45, 75.72, 19.32, 47.52,
2013,14, 0.217,288.73, 76.35, 18.78, 47.56,
2013,15, 0.248,291.64, 78.27, 15.80, 47.04,
2013,16, 0.283,294.27, 79.96, 14.31, 47.13,
2013,17, 0.314,296.47, 80.28, 16.83, 48.55,
2013,18, 0.337,298.04, 79.70, 22.25, 50.98,
2013,19, 0.356,299.17, 77.67, 27.80, 52.73,
2013,20, 0.372,300.00, 75.36, 31.02, 53.19,
2013,21, 0.385,300.23, 73.37, 36.62, 54.99,
2013,22, 0.395,300.45, 70.52, 43.46, 56.99,
2013,23, 0.402,300.83, 68.69, 43.11, 55.90,
2013,24, 0.405,301.21, 67.08, 42.36, 54.72,
2013,25, 0.403,301.52, 65.78, 42.68, 54.23,
2013,26, 0.396,301.51, 63.17, 45.57, 54.37,
2013,27, 0.391,301.54, 60.93, 46.51, 53.72,
2013,28, 0.383,301.56, 59.53, 46.73, 53.13,
2013,29, 0.371,301.40, 56.46, 48.23, 52.35,
2013,30, 0.355,301.57, 53.95, 47.59, 50.77,
2013,31, 0.335,301.79, 50.20, 44.04, 47.12,
2013,32, 0.309,301.66, 44.14, 42.12, 43.13,
2013,33, 0.281,300.63, 36.28, 47.92, 42.10,
2013,34, 0.251,298.96, 28.13, 59.22, 43.68,
2013,35, 0.220,296.52, 21.08, 74.11, 47.60,
2013,36, 0.191,293.69, 15.79, 85.14, 50.46,
2013,37, 0.170,291.24, 13.98, 89.86, 51.92,
2013,38, 0.155,289.24, 14.52, 91.73, 53.12,
2013,39, 0.151,287.78, 18.80, 87.96, 53.38,
2013,40, 0.152,286.37, 26.28, 80.12, 53.20,
2013,41, 0.153,285.17, 34.06, 65.47, 49.78,
2013,42, 0.148,283.57, 39.05, 51.99, 45.54,
2013,43, 0.141,282.14, 42.12, 38.00, 40.07,
2013,44, 0.132,280.83, 43.55, 24.21, 33.88,
2013,45, 0.161,280.03, 59.58, 14.19, 36.88,
2013,46, 0.149,277.74, 61.48, 13.67, 37.58,
2013,47, 0.134,275.75, 63.66, 12.28, 37.97,
2013,48, 0.116,273.25, 64.84, 13.96, 39.40,
2013,49, 0.100,270.70, 63.86, 16.50, 40.18,
2013,50, 0.086,268.49, 61.04, 17.76, 39.40,
2013,51, 0.074,266.10, 60.54, 21.34, 40.94,
2013,52, 0.066,264.23, 61.39, 25.01, 43.20,
2014, 1, 0.062,262.81, 64.07, 27.97, 46.02,
2014, 2, 0.058,261.46, 61.37, 31.72, 46.54,
2014, 3, 0.054,260.19, 57.96, 36.67, 47.31,
2014, 4, 0.055,260.83, 56.48, 37.15, 46.81,
2014, 5, 0.059,263.03, 55.76, 34.02, 44.89,
2014, 6, 0.068,266.51, 56.18, 28.12, 42.15,
2014, 7, 0.082,270.36, 57.75, 22.49, 40.12,
2014, 8, 0.101,274.82, 62.24, 16.32, 39.28,
2014, 9, 0.122,279.21, 66.92, 11.59, 39.26,
2014,10, 0.144,282.93, 70.59,  8.21, 39.40,
2014,11, 0.162,285.76, 73.16,  5.28, 39.22,
2014,12, 0.181,288.37, 75.45,  3.83, 39.64,
2014,13, 0.197,290.43, 76.67,  4.66, 40.67,
2014,14, 0.218,292.14, 77.48,  5.96, 41.72,
2014,15, 0.246,293.55, 77.85,  8.05, 42.95,
2014,16, 0.278,294.70, 78.32, 12.41, 45.36,
2014,17, 0.308,295.82, 78.68, 20.66, 49.67,
2014,18, 0.334,296.82, 78.72, 30.49, 54.61,
2014,19, 0.357,297.93, 78.16, 37.13, 57.65,
2014,20, 0.375,298.61, 76.74, 42.39, 59.56,
2014,21, 0.391,298.80, 75.52, 48.80, 62.16,
2014,22, 0.402,299.06, 73.83, 54.92, 64.37,
2014,23, 0.415,299.62, 75.33, 53.50, 64.41,
2014,24, 0.421,299.95, 75.82, 53.79, 64.81,
2014,25, 0.418,300.21, 74.41, 54.87, 64.64,
2014,26, 0.410,300.45, 70.98, 55.42, 63.20,
2014,27, 0.401,300.86, 66.76, 52.75, 59.75,
2014,28, 0.388,301.39, 62.18, 48.56, 55.37,
2014,29, 0.372,302.21, 57.58, 41.80, 49.69,
2014,30, 0.352,303.14, 53.22, 34.49, 43.86,
2014,31, 0.329,303.74, 47.85, 27.32, 37.59,
2014,32, 0.306,304.05, 42.92, 20.77, 31.85,
2014,33, 0.284,303.65, 37.99, 19.84, 28.91,
2014,34, 0.261,302.87, 33.82, 21.97, 27.89,
2014,35, 0.240,301.80, 31.61, 23.38, 27.49,
2014,36, 0.221,300.49, 31.89, 20.57, 26.23,
2014,37, 0.206,299.17, 32.86, 15.46, 24.16,
2014,38, 0.193,297.61, 34.34, 14.13, 24.24,
2014,39, 0.185,295.34, 36.22, 16.21, 26.22,
2014,40, 0.182,292.69, 40.56, 18.30, 29.43,
2014,41, 0.176,290.12, 44.79, 17.12, 30.96,
2014,42, 0.165,287.61, 46.52, 15.82, 31.17,
2014,43, 0.153,285.27, 46.95, 14.64, 30.80,
2014,44, 0.139,282.85, 46.31, 11.70, 29.01,
2014,45, 0.159,280.68, 58.92, 10.67, 34.79,
2014,46, 0.140,277.64, 57.36, 14.30, 35.83,
2014,47, 0.117,273.72, 54.73, 22.34, 38.54,
2014,48, 0.095,270.21, 51.93, 28.15, 40.04,
2014,49, 0.079,267.44, 49.11, 31.14, 40.12,
2014,50, 0.067,264.59, 45.60, 34.89, 40.24,
2014,51, 0.059,262.29, 46.44, 37.70, 42.07,
2014,52, 0.054,260.36, 48.05, 41.31, 44.68,
2015, 1, 0.052,259.32, 52.39, 42.42, 47.41,
2015, 2, 0.050,259.18, 52.10, 41.13, 46.61,
2015, 3, 0.050,259.92, 52.42, 38.16, 45.29,
2015, 4, 0.058,262.78, 57.92, 30.62, 44.27,
2015, 5, 0.069,266.43, 63.91, 22.78, 43.35,
2015, 6, 0.084,270.24, 67.98, 16.06, 42.02,
2015, 7, 0.100,273.84, 69.76, 11.36, 40.56,
2015, 8, 0.117,277.81, 72.16,  6.81, 39.48,
2015, 9, 0.132,281.47, 72.76,  4.43, 38.60,
2015,10, 0.144,283.89, 70.55,  5.17, 37.86,
2015,11, 0.154,285.25, 68.88,  7.01, 37.95,
2015,12, 0.165,286.58, 68.05, 10.24, 39.14,
2015,13, 0.178,288.15, 68.27, 13.10, 40.68,
2015,14, 0.197,289.94, 68.90, 14.29, 41.59,
2015,15, 0.223,291.72, 69.11, 15.54, 42.32,
2015,16, 0.253,293.61, 69.88, 17.50, 43.69,
2015,17, 0.286,295.58, 71.36, 22.12, 46.74,
2015,18, 0.316,297.04, 72.66, 29.16, 50.91,
2015,19, 0.340,297.75, 72.09, 38.64, 55.37,
2015,20, 0.364,298.66, 72.57, 42.18, 57.38,
2015,21, 0.390,300.05, 75.12, 38.15, 56.64,
2015,22, 0.405,300.64, 75.09, 41.71, 58.40,
2015,23, 0.416,300.96, 75.81, 41.84, 58.82,
2015,24, 0.422,300.91, 76.43, 44.82, 60.62,
2015,25, 0.421,300.56, 76.07, 50.96, 63.52,
2015,26, 0.419,300.11, 75.54, 57.58, 66.56,
2015,27, 0.419,299.90, 76.22, 60.27, 68.25,
2015,28, 0.418,300.09, 77.24, 58.54, 67.89,
2015,29, 0.413,300.40, 77.56, 56.23, 66.89,
2015,30, 0.403,300.78, 77.28, 53.97, 65.63,
2015,31, 0.387,301.04, 75.73, 50.35, 63.04,
2015,32, 0.361,301.20, 71.07, 46.11, 58.59,
2015,33, 0.337,301.27, 66.28, 41.92, 54.10,
2015,34, 0.312,301.12, 60.90, 38.62, 49.76,
2015,35, 0.283,300.67, 54.85, 34.29, 44.57,
2015,36, 0.256,300.44, 49.94, 21.26, 35.60,
2015,37, 0.233,299.65, 47.00, 11.32, 29.16,
2015,38, 0.214,298.44, 44.80,  6.72, 25.76,
2015,39, 0.197,296.40, 42.25,  6.32, 24.29,
2015,40, 0.186,293.36, 42.41, 11.95, 27.18,
2015,41, 0.173,290.47, 43.51, 13.84, 28.68,
2015,42, 0.157,288.13, 43.37, 11.62, 27.51,
2015,43, 0.139,285.31, 41.65, 14.92, 28.31,
2015,44, 0.121,282.52, 39.16, 14.27, 26.74,
2015,45, 0.130,280.24, 46.80, 13.87, 30.34,
2015,46, 0.111,276.67, 44.42, 20.01, 32.21,
2015,47, 0.094,273.22, 43.04, 25.30, 34.17,
2015,48, 0.079,270.60, 42.66, 26.66, 34.66,
2015,49, 0.070,268.79, 42.97, 25.41, 34.19,
2015,50, 0.064,266.85, 42.82, 25.25, 34.04,
2015,51, 0.059,264.73, 46.05, 27.44, 36.75,
2015,52, 0.056,263.05, 49.79, 30.15, 39.97,
2016, 1, 0.053,260.81, 53.59, 36.31, 44.95,
2016, 2, 0.051,259.33, 52.90, 40.22, 46.56,
2016, 3, 0.049,259.10, 52.36, 40.68, 46.52,
2016, 4, 0.051,260.33, 51.79, 38.74, 45.27,
2016, 5, 0.054,263.19, 51.21, 33.03, 42.12,
2016, 6, 0.062,267.16, 50.71, 25.28, 38.00,
2016, 7, 0.070,270.78, 49.20, 20.49, 34.85,
2016, 8, 0.078,274.09, 48.09, 18.09, 33.09,
2016, 9, 0.084,276.65, 45.68, 19.26, 32.47,
2016,10, 0.091,278.82, 43.00, 21.16, 32.08,
2016,11, 0.117,283.02, 51.55, 14.50, 33.02,
2016,12, 0.134,285.59, 54.71, 13.69, 34.20,
2016,13, 0.154,288.30, 58.34, 12.42, 35.38,
2016,14, 0.179,290.83, 61.95, 10.80, 36.38,
2016,15, 0.208,292.57, 64.08, 11.99, 38.03,
2016,16, 0.243,294.02, 66.62, 15.56, 41.09,
2016,17, 0.275,294.87, 67.80, 26.17, 46.99,
2016,18, 0.301,294.89, 67.87, 43.50, 55.69,
2016,19, 0.325,295.12, 66.95, 58.35, 62.65,
2016,20, 0.349,295.70, 66.83, 66.39, 66.61,
2016,21, 0.371,296.19, 67.54, 72.15, 69.84,
2016,22, 0.388,296.68, 67.47, 75.04, 71.26,
2016,23, 0.404,297.42, 69.20, 71.95, 70.58,
2016,24, 0.416,298.31, 73.07, 67.55, 70.31,
2016,25, 0.423,299.19, 76.93, 63.10, 70.01,
2016,26, 0.424,299.82, 78.03, 60.12, 69.07,
2016,27, 0.422,300.46, 77.53, 55.57, 66.55,
2016,28, 0.415,300.90, 76.01, 52.03, 64.02,
2016,29, 0.405,301.32, 74.05, 48.71, 61.38,
2016,30, 0.391,301.63, 71.88, 46.94, 59.41,
2016,31, 0.373,301.87, 69.24, 43.21, 56.23,
2016,32, 0.350,301.89, 65.49, 39.81, 52.65,
2016,33, 0.327,301.69, 61.19, 37.95, 49.57,
2016,34, 0.304,301.34, 56.62, 36.52, 46.57,
2016,35, 0.277,300.50, 51.81, 35.93, 43.87,
2016,36, 0.252,299.38, 47.88, 31.29, 39.59,
2016,37, 0.228,297.68, 44.11, 29.78, 36.93,
2016,38, 0.206,295.51, 40.80, 33.83, 37.32,
2016,39, 0.189,292.72, 38.50, 41.38, 39.94,
2016,40, 0.179,289.63, 39.50, 48.37, 43.93,
2016,41, 0.170,286.94, 42.06, 48.25, 45.15,
2016,42, 0.157,284.16, 43.18, 46.80, 45.00,
2016,43, 0.142,281.36, 42.65, 43.87, 43.27,
2016,44, 0.128,279.07, 41.89, 35.38, 38.63,
2016,45, 0.145,276.68, 52.85, 33.32, 43.08,
2016,46, 0.130,273.71, 52.95, 34.85, 43.90,
2016,47, 0.114,270.54, 53.32, 38.14, 45.73,
2016,48, 0.097,267.64, 53.14, 40.35, 46.75,
2016,49, 0.084,265.33, 52.34, 40.72, 46.53,
2016,50, 0.070,262.47, 47.77, 44.41, 46.09,
2016,51, 0.059,259.79, 46.15, 48.67, 47.41,
2016,52, 0.052,257.88, 45.94, 51.86, 48.90,
2017, 1, 0.048,256.39, 47.44, 54.50, 50.97,
2017, 2, 0.045,255.76, 46.11, 54.70, 50.40,
2017, 3, 0.041,255.03, 43.08, 56.74, 49.91,
2017, 4, 0.041,255.90, 41.37, 55.47, 48.42,
2017, 5, 0.044,258.00, 41.04, 52.00, 46.52,
2017, 6, 0.051,261.01, 41.42, 46.77, 44.09,
2017, 7, 0.061,264.85, 42.36, 40.39, 41.37,
2017, 8, 0.075,270.33, 46.17, 30.41, 38.29,
2017, 9, 0.092,276.28, 50.66, 20.58, 35.62,
2017,10, 0.108,280.44, 52.24, 16.04, 34.14,
2017,11, 0.125,283.77, 55.46, 11.95, 33.71,
2017,12, 0.145,287.03, 59.72,  8.63, 34.17,
2017,13, 0.167,289.82, 63.94,  6.87, 35.41,
2017,14, 0.189,291.75, 65.86,  7.41, 36.63,
2017,15, 0.217,293.58, 67.48,  7.85, 37.66,
2017,16, 0.250,295.40, 69.03,  9.11, 39.07,
2017,17, 0.280,296.63, 69.46, 15.99, 42.72,
2017,18, 0.307,297.75, 69.88, 24.36, 47.12,
2017,19, 0.333,298.84, 69.69, 30.54, 50.11,
2017,20, 0.354,299.55, 69.00, 34.93, 51.96,
2017,21, 0.374,299.79, 68.72, 40.42, 54.56,
2017,22, 0.386,299.64, 66.25, 50.23, 58.24,
2017,23, 0.396,300.12, 65.11, 49.29, 57.20,
2017,24, 0.404,300.97, 65.86, 44.90, 55.38,
2017,25, 0.404,300.93, 66.22, 48.39, 57.31,
2017,26, 0.401,300.80, 65.26, 52.24, 58.75,
2017,27, 0.398,300.94, 64.82, 51.89, 58.35,
2017,28, 0.392,300.97, 64.10, 51.77, 57.93,
2017,29, 0.384,301.35, 63.65, 48.60, 56.12,
2017,30, 0.373,302.19, 63.13, 42.07, 52.60,
2017,31, 0.356,303.02, 60.75, 33.12, 46.94,
2017,32, 0.333,303.44, 56.73, 25.89, 41.31,
2017,33, 0.306,303.05, 50.21, 25.14, 37.67,
2017,34, 0.278,302.46, 42.98, 25.72, 34.35,
2017,35, 0.251,301.63, 37.49, 25.10, 31.30,
2017,36, 0.225,300.24, 33.67, 23.19, 28.43,
2017,37, 0.205,298.17, 32.49, 25.32, 28.90,
2017,38, 0.189,295.93, 32.12, 30.21, 31.16,
2017,39, 0.176,293.37, 31.66, 35.23, 33.45,
2017,40, 0.164,290.31, 32.38, 41.79, 37.08,
2017,41, 0.146,286.62, 31.28, 51.28, 41.29,
2017,42, 0.126,282.60, 30.13, 60.16, 45.17,
2017,43, 0.107,278.32, 28.40, 65.76, 47.09,
2017,44, 0.093,275.79, 27.56, 55.31, 41.42,
2017,45, 0.102,272.92, 34.84, 53.69, 44.27,
2017,46, 0.096,270.24, 36.99, 52.49, 44.74,
2017,47, 0.089,268.01, 39.74, 50.70, 45.22,
2017,48, 0.080,266.43, 42.19, 46.42, 44.31,
2017,49, 0.073,265.41, 44.42, 41.03, 42.73,
2017,50, 0.065,263.76, 43.33, 39.42, 41.38,
2017,51, 0.060,262.07, 46.94, 39.47, 43.21,
2017,52, 0.057,261.10, 50.76, 40.77, 45.77,
2018, 1, 0.055,259.86, 55.63, 39.75, 47.69,
2018, 2, 0.053,259.50, 55.31, 40.17, 47.74,
2018, 3, 0.050,259.01, 53.11, 42.08, 47.60,
2018, 4, 0.050,259.30, 50.36, 42.99, 46.68,
2018, 5, 0.051,260.03, 47.41, 43.97, 45.69,
2018, 6, 0.057,262.26, 45.36, 43.37, 44.36,
2018, 7, 0.065,264.67, 43.98, 42.95, 43.47,
2018, 8, 0.072,267.29, 43.55, 41.06, 42.30,
2018, 9, 0.078,269.75, 42.62, 41.37, 42.00,
2018,10, 0.084,271.84, 40.24, 43.11, 41.68,
2018,11, 0.098,273.36, 40.65, 47.82, 44.23,
2018,12, 0.118,277.28, 46.10, 43.34, 44.72,
2018,13, 0.145,282.15, 54.01, 34.36, 44.18,
2018,14, 0.182,287.58, 62.15, 23.26, 42.70,
2018,15, 0.220,291.69, 67.95, 15.83, 41.89,
2018,16, 0.257,294.50, 71.80, 12.90, 42.35,
2018,17, 0.290,296.54, 73.34, 16.03, 44.69,
2018,18, 0.318,298.07, 74.08, 21.74, 47.91,
2018,19, 0.342,299.24, 73.48, 27.11, 50.30,
2018,20, 0.363,300.21, 72.53, 29.18, 50.85,
2018,21, 0.380,300.81, 71.70, 31.54, 51.61,
2018,22, 0.391,301.52, 69.24, 34.40, 51.82,
2018,23, 0.397,301.93, 66.33, 33.56, 49.95,
2018,24, 0.398,302.14, 63.93, 34.01, 48.97,
2018,25, 0.396,302.29, 62.87, 35.65, 49.26,
2018,26, 0.393,302.03, 61.85, 40.89, 51.37,
2018,27, 0.389,301.64, 60.46, 45.50, 52.98,
2018,28, 0.385,301.49, 60.77, 47.09, 53.93,
2018,29, 0.380,301.73, 61.66, 45.21, 53.44,
2018,30, 0.370,302.13, 62.14, 42.44, 52.29,
2018,31, 0.357,302.59, 61.60, 36.75, 49.18,
2018,32, 0.339,303.37, 60.36, 26.41, 43.38,
2018,33, 0.318,303.50, 56.62, 20.88, 38.75,
2018,34, 0.293,303.02, 51.26, 20.14, 35.70,
2018,35, 0.269,302.37, 47.81, 17.48, 32.65,
2018,36, 0.249,301.19, 46.50, 13.48, 29.99,
2018,37, 0.232,299.28, 46.85, 13.95, 30.39,
2018,38, 0.223,297.27, 50.09, 16.89, 33.49,
2018,39, 0.221,295.37, 54.62, 15.58, 35.10,
2018,40, 0.218,293.05, 57.70, 14.51, 36.10,
2018,41, 0.209,290.55, 59.24, 12.51, 35.88,
2018,42, 0.197,288.17, 60.08, 10.31, 35.20,
2018,43, 0.181,285.44, 58.35, 12.75, 35.55,
2018,44, 0.161,282.08, 55.63, 15.75, 35.67,
2018,45, 0.176,278.25, 65.82, 23.40, 44.61,
2018,46, 0.151,273.20, 62.72, 36.77, 49.74,
2018,47, 0.123,268.40, 57.71, 48.35, 53.03,
2018,48, 0.096,264.40, 52.55, 55.35, 53.95,
2018,49, 0.076,261.16, 47.00, 59.32, 53.17,
2018,50, 0.062,257.97, 41.17, 63.99, 52.58,
2018,51, 0.053,255.03, 40.43, 68.70, 54.56,
2018,52, 0.048,252.80, 40.91, 72.38, 56.64,
2019, 1, 0.045,251.49, 44.52, 73.62, 59.07,
2019, 2, 0.045,251.93, 46.34, 68.87, 57.60,
2019, 3, 0.046,253.34, 47.60, 61.99, 54.79,
2019, 4, 0.050,256.55, 50.52, 51.79, 51.16,
2019, 5, 0.059,260.94, 55.01, 40.48, 47.74,
2019, 6, 0.075,266.27, 61.69, 27.99, 44.84,
2019, 7, 0.097,271.95, 68.74, 16.36, 42.55,
2019, 8, 0.117,277.01, 72.64,  8.50, 40.57,
2019, 9, 0.134,281.17, 74.10,  4.67, 39.38,
2019,10, 0.149,284.33, 73.48,  3.09, 38.29,
2019,11, 0.162,286.59, 73.45,  1.82, 37.63,
2019,12, 0.177,288.86, 74.00,  1.40, 37.70,
2019,13, 0.191,290.96, 74.11,  1.99, 38.05,
2019,14, 0.212,292.82, 75.23,  2.74, 38.99,
2019,15, 0.241,294.46, 76.32,  3.72, 40.02,
2019,16, 0.271,295.71, 76.53,  7.27, 41.90,
2019,17, 0.299,296.69, 76.15, 15.44, 45.79,
2019,18, 0.325,297.39, 76.14, 26.52, 51.33,
2019,19, 0.349,298.04, 75.76, 36.10, 55.93,
2019,20, 0.374,298.62, 76.50, 42.01, 59.26,
2019,21, 0.395,299.07, 77.82, 46.24, 62.02,
2019,22, 0.409,299.58, 77.81, 50.19, 64.00,
2019,23, 0.419,300.12, 78.03, 48.45, 63.24,
2019,24, 0.422,300.76, 77.12, 45.56, 61.34,
2019,25, 0.416,301.08, 73.96, 45.83, 59.89,
2019,26, 0.409,301.12, 70.46, 48.32, 59.39,
2019,27, 0.403,301.05, 67.77, 50.31, 59.04,
2019,28, 0.397,300.99, 66.92, 51.00, 58.96,
2019,29, 0.391,301.08, 67.02, 50.52, 58.77,
2019,30, 0.370,301.06, 61.24, 51.52, 56.38,
2019,31, 0.354,301.61, 59.79, 45.10, 52.44,
2019,32, 0.334,301.98, 57.13, 38.63, 47.88,
2019,33, 0.313,302.04, 53.82, 34.18, 44.00,
2019,34, 0.292,302.28, 50.42, 26.99, 38.71,
2019,35, 0.266,301.82, 46.20, 22.58, 34.39,
2019,36, 0.242,300.83, 43.22, 16.69, 29.96,
2019,37, 0.221,299.28, 40.79, 13.75, 27.27,
2019,38, 0.204,297.20, 40.22, 17.32, 28.77,
2019,39, 0.194,295.14, 41.38, 17.50, 29.44,
2019,40, 0.188,293.09, 43.83, 13.95, 28.89,
2019,41, 0.183,290.82, 47.88,  9.72, 28.81,
2019,42, 0.173,288.38, 49.92,  8.38, 29.16,
2019,43, 0.160,285.75, 49.59, 10.31, 29.96,
2019,44, 0.147,283.04, 49.41,  9.58, 29.49,
2019,45, 0.169,281.10, 62.77,  7.28, 35.02,
2019,46, 0.156,278.58, 64.39,  8.50, 36.44,
2019,47, 0.139,275.65, 65.43, 12.13, 38.78,
2019,48, 0.120,273.14, 66.51, 13.96, 40.23,
2019,49, 0.103,271.09, 65.01, 14.25, 39.63,
2019,50, 0.089,268.93, 62.81, 15.28, 39.04,
2019,51, 0.082,267.28, 67.60, 15.72, 41.66,
2019,52, 0.077,265.87, 72.11, 17.66, 44.89,
2020, 1, 0.073,265.08, 76.12, 18.34, 47.23,
2020, 2, 0.074,265.51, 78.58, 15.40, 46.99,
2020, 3, 0.075,265.94, 79.35, 14.49, 46.92,
2020, 4, 0.078,267.13, 79.02, 14.07, 46.55,
2020, 5, 0.085,269.20, 79.41, 12.32, 45.87,
2020, 6, 0.098,272.05, 81.03,  9.26, 45.14,
2020, 7, 0.115,275.21, 81.70,  6.22, 43.96,
2020, 8, 0.133,278.53, 82.90,  3.87, 43.39,
2020, 9, 0.152,281.90, 84.37,  2.45, 43.41,
2020,10, 0.169,284.55, 83.84,  2.42, 43.13,
2020,11, 0.183,286.52, 83.76,  2.09, 42.93,
2020,12, 0.199,288.50, 83.77,  2.69, 43.23,
2020,13, 0.213,290.34, 83.47,  4.28, 43.87,
2020,14, 0.230,291.81, 82.19,  6.50, 44.35,
2020,15, 0.250,293.02, 79.56,  9.57, 44.56,
2020,16, 0.269,293.95, 75.59, 15.36, 45.48,
2020,17, 0.283,295.02, 70.46, 24.82, 47.64,
2020,18,-1.000, -1.00, -1.00, -1.00, -1.00,
2020,19,-1.000, -1.00, -1.00, -1.00, -1.00,
2020,20,-1.000, -1.00, -1.00, -1.00, -1.00,
2020,21,-1.000, -1.00, -1.00, -1.00, -1.00,
2020,22,-1.000, -1.00, -1.00, -1.00, -1.00,
2020,23,-1.000, -1.00, -1.00, -1.00, -1.00,
2020,24,-1.000, -1.00, -1.00, -1.00, -1.00,
2020,25,-1.000, -1.00, -1.00, -1.00, -1.00,
2020,26,-1.000, -1.00, -1.00, -1.00, -1.00,
2020,27,-1.000, -1.00, -1.00, -1.00, -1.00,
2020,28,-1.000, -1.00, -1.00, -1.00, -1.00,
2020,29,-1.000, -1.00, -1.00, -1.00, -1.00,
2020,30,-1.000, -1.00, -1.00, -1.00, -1.00,
2020,31,-1.000, -1.00, -1.00, -1.00, -1.00,
2020,32,-1.000, -1.00, -1.00, -1.00, -1.00,
2020,33,-1.000, -1.00, -1.00, -1.00, -1.00,
2020,34,-1.000, -1.00, -1.00, -1.00, -1.00,
2020,35,-1.000, -1.00, -1.00, -1.00, -1.00,
2020,36,-1.000, -1.00, -1.00, -1.00, -1.00,
2020,37,-1.000, -1.00, -1.00, -1.00, -1.00,
2020,38,-1.000, -1.00, -1.00, -1.00, -1.00,
2020,39,-1.000, -1.00, -1.00, -1.00, -1.00,
2020,40,-1.000, -1.00, -1.00, -1.00, -1.00,
2020,41,-1.000, -1.00, -1.00, -1.00, -1.00,
2020,42,-1.000, -1.00, -1.00, -1.00, -1.00,
2020,43,-1.000, -1.00, -1.00, -1.00, -1.00,
2020,44,-1.000, -1.00, -1.00, -1.00, -1.00,
2020,45,-1.000, -1.00, -1.00, -1.00, -1.00,
2020,46,-1.000, -1.00, -1.00, -1.00, -1.00,
2020,47,-1.000, -1.00, -1.00, -1.00, -1.00,
2020,48,-1.000, -1.00, -1.00, -1.00, -1.00,
2020,49,-1.000, -1.00, -1.00, -1.00, -1.00,
2020,50,-1.000, -1.00, -1.00, -1.00, -1.00,
2020,51,-1.000, -1.00, -1.00, -1.00, -1.00,
2020,52,-1.000, -1.00, -1.00, -1.00, -1.00,
</pre></tt>