Mean data for UKR  Province= 17: Odessa,  from 1982 to 2020, weekly<br><tt><pre>1982, 1, 0.067,266.69, 41.66, 37.50, 39.58,
1982, 2, 0.064,267.80, 41.90, 34.64, 38.27,
1982, 3, 0.061,268.21, 40.71, 33.80, 37.26,
1982, 4, 0.055,268.14, 35.53, 35.58, 35.55,
1982, 5, 0.048,268.13, 30.39, 37.23, 33.81,
1982, 6, 0.045,268.56, 27.46, 39.23, 33.35,
1982, 7, 0.045,269.52, 24.81, 40.23, 32.52,
1982, 8, 0.049,271.19, 24.53, 40.06, 32.30,
1982, 9, 0.052,272.64, 23.39, 42.25, 32.82,
1982,10, 0.059,275.04, 22.38, 42.31, 32.34,
1982,11, 0.075,277.91, 25.94, 40.30, 33.12,
1982,12, 0.093,281.51, 28.22, 38.25, 33.23,
1982,13, 0.107,284.45, 27.06, 37.81, 32.44,
1982,14, 0.120,286.54, 25.56, 39.95, 32.76,
1982,15, 0.127,287.95, 23.26, 49.19, 36.23,
1982,16, 0.145,289.21, 20.79, 64.14, 42.47,
1982,17, 0.169,290.19, 19.37, 77.76, 48.57,
1982,18, 0.196,291.97, 19.37, 80.51, 49.94,
1982,19, 0.225,294.18, 20.37, 77.06, 48.71,
1982,20, 0.248,295.40, 21.03, 75.36, 48.20,
1982,21, 0.267,295.99, 22.19, 76.65, 49.42,
1982,22, 0.279,296.11, 23.37, 81.15, 52.26,
1982,23, 0.284,296.02, 24.05, 86.07, 55.06,
1982,24, 0.290,296.37, 26.65, 86.57, 56.61,
1982,25, 0.295,296.59, 29.53, 88.87, 59.20,
1982,26, 0.296,296.68, 32.59, 90.81, 61.70,
1982,27, 0.295,296.90, 34.88, 91.50, 63.19,
1982,28, 0.289,297.01, 36.05, 91.16, 63.61,
1982,29, 0.292,297.53, 41.37, 87.21, 64.29,
1982,30, 0.296,298.25, 46.55, 80.87, 63.71,
1982,31, 0.293,298.89, 49.40, 73.97, 61.68,
1982,32, 0.289,299.52, 52.73, 65.46, 59.09,
1982,33, 0.285,299.84, 55.20, 58.35, 56.77,
1982,34, 0.277,299.91, 56.03, 53.00, 54.51,
1982,35, 0.266,299.78, 56.21, 46.40, 51.31,
1982,36, 0.252,299.35, 54.86, 38.14, 46.50,
1982,37, 0.232,298.56, 50.41, 32.34, 41.37,
1982,38, 0.214,297.34, 47.04, 29.92, 38.48,
1982,39, 0.195,295.54, 42.82, 31.19, 37.00,
1982,40, 0.170,293.36, 35.74, 32.86, 34.30,
1982,41, 0.146,291.29, 30.03, 27.55, 28.79,
1982,42, 0.126,288.79, 27.17, 25.14, 26.16,
1982,43, 0.108,285.95, 25.11, 28.53, 26.82,
1982,44, 0.091,283.67, 22.74, 25.24, 23.99,
1982,45, 0.076,281.81, 19.92, 22.74, 21.33,
1982,46, 0.062,278.71, 17.11, 28.72, 22.92,
1982,47, 0.051,274.89, 14.38, 38.79, 26.59,
1982,48, 0.045,270.99, 14.13, 48.26, 31.20,
1982,49, 0.040,267.88, 13.85, 51.44, 32.65,
1982,50, 0.036,265.32, 12.54, 51.81, 32.17,
1982,51, 0.036,263.48, 14.41, 52.37, 33.39,
1982,52, 0.037,262.83, 16.05, 50.70, 33.38,
1983, 1, 0.036,263.18, 17.58, 48.33, 32.95,
1983, 2, 0.036,264.11, 21.25, 45.94, 33.60,
1983, 3, 0.037,264.51, 23.84, 44.72, 34.28,
1983, 4, 0.039,264.76, 25.29, 45.05, 35.17,
1983, 5, 0.041,266.47, 26.02, 41.86, 33.94,
1983, 6, 0.041,267.43, 24.59, 42.46, 33.53,
1983, 7, 0.042,268.71, 23.28, 42.52, 32.90,
1983, 8, 0.046,271.00, 23.27, 40.55, 31.91,
1983, 9, 0.053,274.04, 23.87, 38.12, 30.99,
1983,10, 0.063,278.20, 24.42, 33.00, 28.71,
1983,11, 0.073,281.64, 25.04, 28.27, 26.65,
1983,12, 0.090,285.36, 27.31, 24.38, 25.84,
1983,13, 0.112,289.21, 29.58, 19.12, 24.35,
1983,14, 0.131,291.68, 30.47, 16.38, 23.42,
1983,15, 0.152,293.94, 33.46, 15.10, 24.28,
1983,16, 0.173,295.55, 31.49, 17.84, 24.66,
1983,17, 0.194,296.99, 28.60, 20.61, 24.61,
1983,18, 0.218,298.55, 27.33, 22.56, 24.94,
1983,19, 0.237,299.15, 24.98, 30.41, 27.69,
1983,20, 0.247,299.67, 21.63, 36.41, 29.02,
1983,21, 0.255,300.28, 18.93, 39.20, 29.07,
1983,22, 0.258,300.22, 16.75, 46.62, 31.68,
1983,23, 0.261,300.02, 16.65, 53.68, 35.16,
1983,24, 0.264,299.62, 16.82, 60.27, 38.55,
1983,25, 0.271,299.52, 19.90, 64.59, 42.24,
1983,26, 0.278,299.56, 24.80, 67.25, 46.03,
1983,27, 0.279,299.47, 28.26, 71.16, 49.71,
1983,28, 0.275,299.03, 30.01, 75.51, 52.76,
1983,29, 0.269,298.70, 30.87, 78.03, 54.45,
1983,30, 0.261,298.17, 30.46, 81.20, 55.83,
1983,31, 0.261,298.06, 34.12, 80.28, 57.20,
1983,32, 0.262,298.60, 38.82, 72.87, 55.84,
1983,33, 0.261,299.28, 42.18, 63.24, 52.71,
1983,34, 0.257,299.70, 44.70, 55.16, 49.93,
1983,35, 0.250,300.34, 46.76, 41.54, 44.15,
1983,36, 0.236,300.32, 46.00, 28.93, 37.46,
1983,37, 0.218,299.78, 42.44, 20.55, 31.50,
1983,38, 0.197,298.59, 37.60, 17.48, 27.54,
1983,39, 0.178,296.72, 33.52, 18.51, 26.01,
1983,40, 0.160,294.52, 30.81, 19.83, 25.32,
1983,41, 0.140,291.41, 27.30, 25.38, 26.34,
1983,42, 0.120,287.89, 24.80, 32.49, 28.65,
1983,43, 0.101,283.90, 22.26, 43.61, 32.93,
1983,44, 0.086,279.03, 20.44, 54.66, 37.55,
1983,45, 0.074,275.36, 19.05, 58.75, 38.90,
1983,46, 0.065,271.93, 18.36, 62.94, 40.65,
1983,47, 0.059,268.39, 18.91, 69.35, 44.13,
1983,48, 0.055,265.48, 20.49, 72.17, 46.33,
1983,49, 0.051,262.07, 21.09, 74.29, 47.69,
1983,50, 0.046,259.00, 19.82, 75.14, 47.48,
1983,51, 0.042,256.95, 19.23, 75.83, 47.53,
1983,52, 0.041,255.63, 19.41, 75.04, 47.22,
1984, 1, 0.040,255.01, 21.29, 74.64, 47.97,
1984, 2, 0.038,253.75, 23.06, 78.69, 50.87,
1984, 3, 0.036,251.81, 23.07, 83.12, 53.10,
1984, 4, 0.034,250.39, 21.83, 86.16, 53.99,
1984, 5, 0.031,249.30, 19.41, 89.97, 54.69,
1984, 6, 0.029,249.41, 17.19, 92.70, 54.94,
1984, 7, 0.028,250.40, 14.61, 93.42, 54.02,
1984, 8, 0.029,251.72, 13.15, 94.08, 53.61,
1984, 9, 0.029,254.38, 11.29, 93.46, 52.37,
1984,10, 0.029,257.42,  7.56, 93.00, 50.28,
1984,11, 0.034,262.35,  6.23, 89.77, 48.00,
1984,12, 0.044,269.04,  6.03, 82.58, 44.30,
1984,13, 0.054,275.47,  4.41, 73.45, 38.93,
1984,14, 0.070,281.34,  5.65, 64.57, 35.11,
1984,15, 0.092,286.00, 10.34, 60.37, 35.36,
1984,16, 0.118,289.42, 11.15, 62.76, 36.96,
1984,17, 0.152,292.26, 13.38, 61.65, 37.52,
1984,18, 0.191,294.13, 17.57, 62.85, 40.21,
1984,19, 0.231,295.50, 22.55, 65.42, 43.99,
1984,20, 0.271,296.63, 29.83, 64.63, 47.23,
1984,21, 0.306,297.09, 37.93, 67.28, 52.60,
1984,22, 0.331,296.91, 44.92, 74.55, 59.74,
1984,23, 0.348,296.26, 52.36, 84.16, 68.26,
1984,24, 0.366,296.37, 62.70, 86.52, 74.61,
1984,25, 0.383,296.92, 72.77, 86.24, 79.50,
1984,26, 0.390,296.89, 78.39, 89.15, 83.77,
1984,27, 0.392,297.01, 82.03, 90.75, 86.39,
1984,28, 0.391,297.32, 84.34, 88.86, 86.60,
1984,29, 0.383,297.55, 83.41, 87.10, 85.25,
1984,30, 0.368,297.60, 79.76, 85.78, 82.77,
1984,31, 0.350,297.31, 76.19, 86.02, 81.11,
1984,32, 0.336,297.29, 75.88, 82.79, 79.34,
1984,33, 0.327,297.18, 77.11, 79.61, 78.36,
1984,34, 0.313,296.86, 75.45, 78.84, 77.14,
1984,35, 0.292,296.42, 70.82, 76.87, 73.84,
1984,36, 0.267,295.93, 63.93, 70.95, 67.44,
1984,37, 0.238,295.44, 54.46, 62.98, 58.72,
1984,38, 0.208,294.44, 44.02, 59.69, 51.86,
1984,39, 0.182,292.96, 35.68, 59.87, 47.78,
1984,40, 0.161,291.21, 30.91, 57.57, 44.24,
1984,41, 0.146,289.20, 29.88, 49.82, 39.85,
1984,42, 0.130,286.90, 29.18, 43.29, 36.24,
1984,43, 0.110,283.72, 26.13, 45.74, 35.93,
1984,44, 0.090,279.63, 22.16, 51.28, 36.72,
1984,45, 0.077,274.67, 20.49, 62.92, 41.71,
1984,46, 0.064,270.55, 18.04, 70.25, 44.14,
1984,47, 0.055,267.82, 16.86, 72.46, 44.66,
1984,48, 0.050,265.95, 17.61, 70.61, 44.11,
1984,49, 0.043,266.78, 16.39, 55.64, 36.02,
1984,50,-1.000, -1.00, -1.00, -1.00, -1.00,
1984,51,-1.000, -1.00, -1.00, -1.00, -1.00,
1984,52,-1.000, -1.00, -1.00, -1.00, -1.00,
1985, 1,-1.000, -1.00, -1.00, -1.00, -1.00,
1985, 2,-1.000, -1.00, -1.00, -1.00, -1.00,
1985, 3,-1.000, -1.00, -1.00, -1.00, -1.00,
1985, 4,-1.000, -1.00, -1.00, -1.00, -1.00,
1985, 5,-1.000, -1.00, -1.00, -1.00, -1.00,
1985, 6,-1.000, -1.00, -1.00, -1.00, -1.00,
1985, 7,-1.000, -1.00, -1.00, -1.00, -1.00,
1985, 8,-1.000, -1.00, -1.00, -1.00, -1.00,
1985, 9, 0.020,262.68,  7.48, 70.20, 38.84,
1985,10, 0.018,260.99,  4.68, 81.35, 43.01,
1985,11, 0.021,263.92,  3.01, 82.33, 42.67,
1985,12, 0.026,267.52,  1.79, 82.99, 42.39,
1985,13, 0.037,272.41,  1.10, 79.34, 40.22,
1985,14, 0.052,278.63,  2.12, 71.48, 36.80,
1985,15, 0.072,283.77,  3.77, 70.57, 37.17,
1985,16, 0.099,287.71,  5.14, 72.34, 38.74,
1985,17, 0.137,290.39,  8.41, 74.71, 41.56,
1985,18, 0.179,292.72, 13.17, 73.95, 43.56,
1985,19, 0.216,294.94, 16.99, 69.90, 43.44,
1985,20, 0.250,296.43, 22.00, 66.21, 44.10,
1985,21, 0.278,295.84, 27.44, 77.91, 52.68,
1985,22, 0.304,295.64, 34.77, 85.09, 59.93,
1985,23, 0.324,296.07, 43.45, 85.95, 64.70,
1985,24, 0.339,296.13, 50.81, 88.65, 69.73,
1985,25, 0.349,296.50, 56.92, 89.84, 73.38,
1985,26, 0.351,296.75, 59.63, 90.39, 75.01,
1985,27, 0.349,297.12, 61.33, 89.94, 75.63,
1985,28, 0.346,297.75, 63.34, 85.63, 74.48,
1985,29, 0.344,298.49, 65.62, 79.93, 72.77,
1985,30, 0.341,299.21, 67.47, 73.41, 70.44,
1985,31, 0.332,300.04, 67.75, 64.83, 66.29,
1985,32, 0.322,300.74, 69.09, 55.59, 62.34,
1985,33, 0.311,301.14, 68.61, 47.60, 58.11,
1985,34, 0.293,300.96, 65.20, 43.77, 54.48,
1985,35, 0.275,300.21, 61.45, 41.96, 51.71,
1985,36, 0.255,298.74, 57.52, 43.16, 50.34,
1985,37, 0.232,296.99, 51.93, 46.87, 49.40,
1985,38, 0.214,295.37, 48.36, 49.26, 48.81,
1985,39, 0.196,293.68, 44.83, 51.02, 47.93,
1985,40, 0.175,291.59, 39.70, 52.19, 45.94,
1985,41, 0.154,289.02, 35.33, 50.96, 43.15,
1985,42, 0.135,286.45, 32.32, 47.14, 39.73,
1985,43, 0.116,283.98, 29.24, 43.45, 36.35,
1985,44, 0.100,281.26, 27.05, 40.88, 33.96,
1985,45, 0.083,278.17, 23.57, 43.54, 33.55,
1985,46, 0.066,274.81, 18.58, 48.94, 33.76,
1985,47, 0.048,271.88, 12.62, 53.29, 32.95,
1985,48, 0.038,268.95,  9.56, 57.47, 33.52,
1985,49, 0.033,266.25,  8.25, 58.05, 33.15,
1985,50, 0.029,263.40,  7.09, 59.10, 33.10,
1985,51, 0.029,260.99,  8.07, 61.21, 34.64,
1985,52, 0.028,258.64,  8.90, 64.33, 36.62,
1986, 1, 0.028,257.28, 11.74, 66.22, 38.98,
1986, 2, 0.029,257.14, 16.09, 66.86, 41.47,
1986, 3, 0.029,257.43, 17.79, 65.61, 41.70,
1986, 4, 0.027,257.77, 16.98, 64.98, 40.98,
1986, 5, 0.025,257.38, 15.14, 67.37, 41.26,
1986, 6, 0.023,257.63, 13.66, 69.88, 41.77,
1986, 7, 0.023,259.19, 11.72, 69.07, 40.39,
1986, 8, 0.024,260.67, 10.22, 69.58, 39.90,
1986, 9, 0.026,262.87,  9.78, 70.05, 39.91,
1986,10, 0.032,266.20,  8.95, 68.26, 38.60,
1986,11, 0.046,271.03, 12.01, 62.80, 37.41,
1986,12, 0.066,277.41, 15.98, 53.45, 34.72,
1986,13, 0.092,284.26, 20.38, 39.24, 29.81,
1986,14, 0.123,289.07, 26.89, 28.94, 27.91,
1986,15, 0.156,292.81, 34.15, 21.81, 27.98,
1986,16, 0.186,295.09, 35.55, 21.36, 28.46,
1986,17, 0.218,297.06, 37.03, 20.48, 28.76,
1986,18, 0.252,298.43, 39.47, 24.06, 31.77,
1986,19, 0.277,299.79, 39.83, 25.22, 32.52,
1986,20, 0.294,301.39, 39.17, 21.86, 30.52,
1986,21, 0.302,302.17, 36.91, 24.00, 30.46,
1986,22, 0.302,302.42, 33.34, 29.32, 31.33,
1986,23, 0.296,302.56, 29.52, 34.20, 31.86,
1986,24, 0.289,302.53, 26.18, 37.62, 31.90,
1986,25, 0.279,302.67, 22.37, 39.21, 30.79,
1986,26, 0.268,302.81, 19.58, 41.24, 30.41,
1986,27, 0.260,302.61, 18.93, 46.69, 32.81,
1986,28, 0.251,302.40, 19.29, 49.93, 34.61,
1986,29, 0.245,302.43, 20.21, 49.63, 34.92,
1986,30, 0.245,302.86, 23.33, 45.28, 34.30,
1986,31, 0.246,303.50, 27.32, 38.30, 32.81,
1986,32, 0.243,303.27, 29.68, 36.07, 32.87,
1986,33, 0.239,303.30, 31.26, 30.71, 30.98,
1986,34, 0.233,303.25, 32.14, 24.92, 28.53,
1986,35, 0.219,302.40, 29.59, 22.71, 26.15,
1986,36, 0.201,300.87, 26.43, 23.59, 25.01,
1986,37, 0.184,299.09, 23.47, 27.07, 25.27,
1986,38, 0.167,296.92, 21.08, 34.17, 27.62,
1986,39, 0.150,294.55, 18.31, 42.01, 30.16,
1986,40, 0.128,291.49, 14.16, 53.31, 33.73,
1986,41, 0.105,288.50,  9.82, 55.30, 32.56,
1986,42, 0.083,285.98,  7.27, 49.20, 28.24,
1986,43, 0.066,282.65,  5.77, 52.22, 28.99,
1986,44, 0.053,278.94,  4.83, 55.23, 30.03,
1986,45, 0.044,276.06,  4.15, 55.31, 29.73,
1986,46, 0.037,273.56,  4.01, 55.47, 29.74,
1986,47, 0.034,271.32,  4.71, 56.28, 30.49,
1986,48, 0.030,268.40,  4.50, 60.21, 32.35,
1986,49, 0.028,264.89,  4.70, 63.87, 34.28,
1986,50, 0.028,262.25,  5.69, 63.76, 34.72,
1986,51, 0.028,259.84,  6.84, 65.87, 36.35,
1986,52, 0.028,257.45,  7.96, 68.96, 38.46,
1987, 1, 0.027,254.78, 10.06, 75.28, 42.67,
1987, 2, 0.026,253.56, 13.52, 79.38, 46.45,
1987, 3, 0.025,253.51, 15.20, 78.38, 46.79,
1987, 4, 0.023,253.89, 14.33, 76.68, 45.50,
1987, 5, 0.021,254.12, 12.94, 76.97, 44.96,
1987, 6, 0.021,255.61, 12.21, 75.80, 44.00,
1987, 7, 0.022,258.20, 10.96, 71.99, 41.48,
1987, 8, 0.023,260.22, 10.11, 70.66, 40.38,
1987, 9, 0.026,261.87,  9.94, 72.44, 41.19,
1987,10, 0.031,263.23,  8.61, 76.13, 42.37,
1987,11, 0.034,264.58,  6.48, 81.84, 44.16,
1987,12, 0.039,266.75,  4.04, 87.78, 45.91,
1987,13, 0.048,269.71,  1.69, 91.15, 46.42,
1987,14, 0.059,273.95,  1.08, 91.96, 46.52,
1987,15, 0.077,280.30,  4.99, 87.20, 46.10,
1987,16, 0.105,285.98,  6.49, 84.94, 45.72,
1987,17, 0.132,290.46,  6.22, 76.24, 41.23,
1987,18, 0.159,293.09,  6.04, 72.38, 39.21,
1987,19, 0.191,294.96,  7.73, 70.69, 39.21,
1987,20, 0.222,297.16, 11.04, 59.71, 35.38,
1987,21, 0.250,298.21, 15.30, 57.63, 36.47,
1987,22, 0.275,299.16, 21.20, 56.14, 38.67,
1987,23, 0.299,300.05, 30.53, 54.20, 42.37,
1987,24, 0.317,300.67, 39.82, 52.56, 46.19,
1987,25, 0.329,301.28, 46.82, 50.74, 48.78,
1987,26, 0.333,301.87, 51.09, 48.93, 50.01,
1987,27, 0.327,302.10, 51.03, 50.78, 50.90,
1987,28, 0.321,302.23, 52.09, 51.30, 51.69,
1987,29, 0.313,302.13, 51.76, 52.09, 51.92,
1987,30, 0.300,301.70, 48.89, 54.38, 51.64,
1987,31, 0.288,300.89, 46.89, 58.67, 52.78,
1987,32, 0.283,300.26, 49.40, 60.02, 54.71,
1987,33, 0.277,299.73, 51.42, 59.67, 55.54,
1987,34, 0.271,299.03, 52.74, 60.87, 56.80,
1987,35, 0.259,298.03, 51.89, 62.46, 57.17,
1987,36, 0.250,297.21, 54.06, 58.78, 56.42,
1987,37, 0.239,296.10, 54.16, 56.39, 55.28,
1987,38, 0.219,294.14, 49.66, 62.48, 56.07,
1987,39, 0.197,292.16, 43.59, 68.24, 55.92,
1987,40, 0.171,289.70, 35.82, 72.89, 54.35,
1987,41, 0.145,286.16, 29.27, 77.17, 53.22,
1987,42, 0.118,282.02, 22.81, 81.79, 52.30,
1987,43, 0.091,277.47, 16.60, 86.67, 51.63,
1987,44, 0.072,273.18, 13.14, 87.71, 50.43,
1987,45, 0.058,269.87, 10.93, 86.61, 48.77,
1987,46, 0.049,267.50,  9.89, 83.94, 46.92,
1987,47, 0.043,266.28,  9.76, 78.78, 44.27,
1987,48, 0.039,265.65,  9.96, 71.52, 40.74,
1987,49, 0.039,265.68, 12.38, 60.09, 36.24,
1987,50, 0.038,265.63, 13.16, 50.48, 31.82,
1987,51, 0.035,265.51, 13.34, 45.41, 29.37,
1987,52, 0.035,265.73, 14.20, 41.76, 27.98,
1988, 1, 0.036,266.08, 17.51, 39.68, 28.59,
1988, 2, 0.035,266.03, 20.62, 40.36, 30.49,
1988, 3, 0.035,266.45, 22.48, 39.16, 30.82,
1988, 4, 0.036,266.92, 23.15, 39.12, 31.13,
1988, 5, 0.038,267.36, 23.48, 39.49, 31.48,
1988, 6, 0.039,268.14, 23.18, 40.53, 31.85,
1988, 7, 0.041,268.78, 22.45, 42.33, 32.39,
1988, 8, 0.047,269.72, 23.28, 44.28, 33.78,
1988, 9, 0.050,270.73, 22.58, 47.76, 35.17,
1988,10, 0.053,272.41, 19.61, 50.09, 34.85,
1988,11, 0.064,274.76, 20.58, 50.57, 35.57,
1988,12, 0.077,278.27, 20.81, 49.78, 35.29,
1988,13, 0.090,281.84, 19.39, 48.28, 33.83,
1988,14, 0.110,284.98, 21.28, 47.72, 34.50,
1988,15, 0.138,287.18, 27.16, 53.59, 40.38,
1988,16, 0.171,288.97, 30.05, 65.19, 47.62,
1988,17, 0.202,290.25, 31.03, 76.32, 53.67,
1988,18, 0.227,291.27, 30.53, 83.94, 57.23,
1988,19, 0.251,292.43, 30.35, 88.01, 59.18,
1988,20, 0.275,293.58, 31.99, 87.74, 59.87,
1988,21, 0.294,294.32, 33.83, 87.69, 60.76,
1988,22, 0.306,294.74, 35.29, 89.26, 62.27,
1988,23, 0.316,295.25, 38.94, 89.82, 64.38,
1988,24, 0.332,296.20, 46.62, 86.85, 66.74,
1988,25, 0.338,297.01, 51.00, 84.86, 67.93,
1988,26, 0.338,297.87, 53.39, 81.04, 67.21,
1988,27, 0.343,298.79, 58.37, 76.78, 67.57,
1988,28, 0.349,299.52, 64.78, 72.06, 68.42,
1988,29, 0.349,299.96, 68.02, 68.67, 68.35,
1988,30, 0.345,300.08, 69.31, 66.78, 68.05,
1988,31, 0.337,299.97, 70.14, 65.64, 67.89,
1988,32, 0.324,300.09, 69.80, 61.04, 65.42,
1988,33, 0.304,299.88, 65.06, 58.06, 61.56,
1988,34, 0.278,298.81, 56.48, 62.43, 59.46,
1988,35, 0.254,297.40, 49.32, 68.02, 58.67,
1988,36, 0.235,295.79, 45.33, 72.01, 58.67,
1988,37, 0.216,294.24, 41.44, 74.09, 57.76,
1988,38, 0.202,292.68, 39.85, 76.81, 58.33,
1988,39, 0.196,291.08, 42.85, 79.55, 61.20,
1988,40, 0.196,289.52, 49.15, 75.98, 62.57,
1988,41, 0.196,286.69, 55.32, 75.79, 65.55,
1988,42, 0.192,284.24, 58.95, 68.15, 63.55,
1988,43, 0.187,281.25, 61.67, 64.72, 63.20,
1988,44, 0.176,278.31, 62.24, 60.00, 61.12,
1988,45, 0.154,276.28, 57.73, 54.19, 55.96,
1988,46, 0.129,274.96, 50.76, 47.96, 49.36,
1988,47, 0.103,273.12, 42.67, 47.19, 44.93,
1988,48, 0.088,271.58, 38.83, 45.46, 42.15,
1988,49, 0.078,270.35, 37.45, 41.16, 39.30,
1988,50, 0.068,270.18, 35.14, 33.20, 34.17,
1988,51, 0.067,270.64, 37.69, 26.88, 32.28,
1988,52, 0.069,271.58, 40.60, 22.24, 31.42,
1989, 1, 0.069,272.49, 41.92, 19.20, 30.56,
1989, 2, 0.071,273.74, 45.86, 16.04, 30.95,
1989, 3, 0.072,275.07, 46.91, 13.08, 30.00,
1989, 4, 0.074,276.51, 47.47, 11.53, 29.50,
1989, 5, 0.080,277.86, 49.92,  9.75, 29.83,
1989, 6, 0.089,279.58, 53.82,  8.36, 31.09,
1989, 7, 0.098,281.42, 55.65,  7.10, 31.37,
1989, 8, 0.104,283.00, 55.74,  7.13, 31.44,
1989, 9, 0.114,284.88, 55.91,  7.58, 31.75,
1989,10, 0.127,286.63, 56.47,  8.59, 32.53,
1989,11, 0.142,288.39, 57.70,  6.96, 32.33,
1989,12, 0.161,290.14, 59.63,  7.90, 33.77,
1989,13, 0.185,291.83, 61.04,  9.32, 35.18,
1989,14, 0.211,293.16, 62.32, 10.08, 36.20,
1989,15, 0.236,294.37, 64.08, 13.41, 38.75,
1989,16, 0.264,295.51, 64.10, 19.08, 41.59,
1989,17, 0.290,296.50, 62.84, 25.76, 44.30,
1989,18, 0.311,297.46, 60.95, 32.81, 46.88,
1989,19, 0.325,298.05, 57.54, 41.16, 49.35,
1989,20, 0.330,298.39, 53.34, 48.32, 50.83,
1989,21, 0.331,298.86, 48.94, 51.65, 50.29,
1989,22, 0.327,299.01, 44.52, 56.86, 50.69,
1989,23, 0.319,298.80, 41.00, 63.63, 52.31,
1989,24, 0.314,298.90, 39.19, 66.13, 52.66,
1989,25, 0.314,299.32, 39.57, 66.31, 52.94,
1989,26, 0.317,300.02, 43.13, 63.63, 53.38,
1989,27, 0.315,300.57, 45.14, 62.62, 53.88,
1989,28, 0.307,301.00, 45.28, 60.57, 52.92,
1989,29, 0.297,301.38, 44.08, 57.62, 50.85,
1989,30, 0.282,301.51, 40.57, 55.78, 48.17,
1989,31, 0.268,301.71, 37.55, 52.25, 44.90,
1989,32, 0.251,301.74, 33.66, 48.20, 40.93,
1989,33, 0.237,301.32, 30.58, 46.65, 38.62,
1989,34, 0.226,300.64, 29.11, 46.94, 38.03,
1989,35, 0.215,299.31, 28.09, 50.38, 39.24,
1989,36, 0.206,297.59, 30.15, 54.49, 42.32,
1989,37, 0.201,296.15, 33.98, 55.30, 44.64,
1989,38, 0.199,294.36, 39.75, 59.67, 49.71,
1989,39, 0.203,292.74, 48.57, 61.33, 54.95,
1989,40, 0.210,291.00, 57.87, 58.89, 58.38,
1989,41, 0.209,288.98, 62.90, 50.95, 56.92,
1989,42, 0.207,286.88, 67.21, 41.97, 54.59,
1989,43, 0.209,284.97, 72.61, 35.03, 53.82,
1989,44, 0.206,283.03, 76.43, 28.54, 52.48,
1989,45, 0.196,280.83, 77.57, 27.68, 52.62,
1989,46, 0.184,278.22, 78.38, 30.86, 54.62,
1989,47, 0.177,276.20, 81.71, 32.17, 56.94,
1989,48, 0.167,274.99, 84.48, 29.90, 57.19,
1989,49, 0.155,274.41, 87.07, 24.31, 55.69,
1989,50, 0.138,273.06, 85.46, 21.96, 53.71,
1989,51, 0.120,272.40, 78.81, 20.27, 49.54,
1989,52, 0.109,273.52, 72.78, 15.55, 44.17,
1990, 1, 0.104,274.50, 69.28, 12.61, 40.95,
1990, 2, 0.097,275.22, 65.75, 11.21, 38.48,
1990, 3, 0.095,276.14, 63.70,  9.67, 36.68,
1990, 4, 0.099,277.94, 64.35,  7.25, 35.80,
1990, 5, 0.106,279.95, 66.43,  3.73, 35.08,
1990, 6, 0.115,281.75, 69.45,  2.08, 35.76,
1990, 7, 0.132,283.34, 75.58,  1.52, 38.55,
1990, 8, 0.148,285.09, 80.25,  1.25, 40.75,
1990, 9, 0.164,287.22, 82.08,  1.06, 41.57,
1990,10, 0.183,289.32, 84.26,  0.87, 42.56,
1990,11, 0.198,289.95, 84.22,  1.79, 43.00,
1990,12, 0.214,291.87, 83.57,  1.57, 42.57,
1990,13, 0.228,293.77, 79.63,  1.71, 40.67,
1990,14, 0.239,294.38, 73.68,  4.46, 39.07,
1990,15, 0.248,294.33, 68.38, 13.72, 41.05,
1990,16, 0.261,294.27, 62.78, 28.38, 45.58,
1990,17, 0.279,294.90, 58.85, 39.69, 49.27,
1990,18, 0.299,295.97, 56.55, 46.48, 51.51,
1990,19, 0.313,296.97, 52.96, 51.67, 52.32,
1990,20, 0.322,297.67, 50.07, 55.18, 52.63,
1990,21, 0.321,298.10, 44.81, 58.63, 51.72,
1990,22, 0.311,298.45, 37.89, 61.89, 49.89,
1990,23, 0.298,298.84, 31.55, 63.55, 47.55,
1990,24, 0.289,299.42, 27.65, 62.00, 44.82,
1990,25, 0.284,300.71, 25.68, 54.73, 40.21,
1990,26, 0.280,301.79, 25.62, 49.01, 37.31,
1990,27, 0.276,302.28, 26.62, 48.95, 37.78,
1990,28, 0.271,302.53, 28.63, 48.82, 38.72,
1990,29, 0.268,302.74, 30.70, 47.41, 39.06,
1990,30, 0.262,302.77, 31.58, 46.26, 38.92,
1990,31, 0.256,302.67, 31.98, 45.13, 38.55,
1990,32, 0.254,302.55, 35.30, 42.10, 38.70,
1990,33, 0.252,302.13, 38.44, 40.30, 39.37,
1990,34, 0.249,301.49, 41.20, 39.99, 40.59,
1990,35, 0.241,300.57, 42.12, 39.54, 40.83,
1990,36, 0.231,299.31, 43.58, 38.71, 41.15,
1990,37, 0.223,297.97, 45.43, 38.00, 41.71,
1990,38, 0.213,296.56, 46.66, 37.52, 42.09,
1990,39, 0.207,294.99, 49.67, 36.86, 43.26,
1990,40, 0.203,293.39, 53.54, 32.14, 42.84,
1990,41, 0.197,291.52, 56.20, 24.38, 40.29,
1990,42, 0.189,289.47, 57.65, 17.89, 37.77,
1990,43, 0.174,286.48, 55.97, 24.22, 40.09,
1990,44, 0.158,283.95, 53.60, 23.24, 38.42,
1990,45, 0.143,282.46, 51.80, 18.60, 35.20,
1990,46, 0.128,280.61, 49.59, 18.55, 34.07,
1990,47, 0.115,278.20, 48.05, 22.35, 35.20,
1990,48, 0.100,275.65, 45.11, 26.85, 35.98,
1990,49, 0.087,273.50, 42.81, 28.12, 35.47,
1990,50, 0.076,271.89, 40.50, 26.65, 33.58,
1990,51, 0.068,270.71, 38.16, 26.66, 32.41,
1990,52, 0.064,269.62, 36.74, 28.75, 32.75,
1991, 1, 0.063,269.30, 37.71, 29.34, 33.52,
1991, 2, 0.062,269.28, 39.87, 30.13, 35.00,
1991, 3, 0.063,268.65, 41.12, 32.50, 36.81,
1991, 4, 0.059,267.02, 37.75, 38.87, 38.31,
1991, 5, 0.055,266.41, 34.44, 42.42, 38.43,
1991, 6, 0.054,267.02, 32.10, 44.02, 38.06,
1991, 7, 0.054,268.05, 29.87, 44.81, 37.34,
1991, 8, 0.059,269.80, 29.93, 44.45, 37.19,
1991, 9, 0.072,272.83, 33.42, 42.11, 37.76,
1991,10, 0.088,276.94, 36.25, 37.13, 36.69,
1991,11, 0.101,280.91, 37.34, 30.89, 34.12,
1991,12, 0.117,284.63, 38.43, 27.15, 32.79,
1991,13, 0.135,287.27, 38.28, 26.86, 32.57,
1991,14, 0.152,289.17, 37.88, 28.08, 32.98,
1991,15, 0.177,290.74, 40.95, 33.63, 37.29,
1991,16, 0.213,292.04, 44.69, 44.17, 44.43,
1991,17, 0.252,292.94, 48.33, 56.05, 52.19,
1991,18, 0.285,294.00, 51.30, 64.14, 57.72,
1991,19, 0.307,294.37, 50.91, 75.81, 63.36,
1991,20, 0.326,294.56, 51.20, 82.82, 67.01,
1991,21, 0.344,295.04, 53.75, 84.64, 69.19,
1991,22, 0.362,296.01, 58.95, 82.22, 70.59,
1991,23, 0.375,296.99, 65.65, 78.81, 72.23,
1991,24, 0.385,298.03, 72.47, 73.68, 73.07,
1991,25, 0.391,299.15, 77.86, 68.29, 73.08,
1991,26, 0.392,300.14, 79.99, 63.05, 71.52,
1991,27, 0.378,300.13, 75.57, 66.30, 70.93,
1991,28, 0.364,299.94, 72.09, 68.85, 70.47,
1991,29, 0.356,300.12, 71.10, 67.33, 69.22,
1991,30, 0.351,300.29, 72.24, 65.09, 68.66,
1991,31, 0.341,300.06, 71.78, 64.90, 68.34,
1991,32, 0.326,299.48, 70.86, 65.95, 68.41,
1991,33, 0.312,298.88, 69.09, 66.26, 67.67,
1991,34, 0.301,298.65, 69.34, 63.89, 66.62,
1991,35, 0.285,298.27, 67.49, 60.26, 63.88,
1991,36, 0.265,297.42, 63.42, 56.75, 60.08,
1991,37, 0.246,296.47, 58.99, 52.81, 55.90,
1991,38, 0.229,295.83, 55.92, 45.11, 50.52,
1991,39, 0.210,294.82, 51.90, 38.73, 45.32,
1991,40, 0.190,292.77, 46.28, 38.70, 42.49,
1991,41, 0.168,290.17, 41.35, 37.82, 39.59,
1991,42, 0.151,287.43, 39.65, 36.95, 38.30,
1991,43, 0.133,284.17, 37.08, 41.67, 39.38,
1991,44, 0.109,281.08, 31.51, 41.40, 36.45,
1991,45, 0.090,278.18, 26.75, 42.77, 34.76,
1991,46, 0.075,275.58, 23.84, 44.29, 34.06,
1991,47, 0.065,272.84, 22.15, 48.01, 35.08,
1991,48, 0.055,270.50, 20.93, 49.86, 35.39,
1991,49, 0.048,268.70, 19.46, 47.43, 33.44,
1991,50, 0.046,267.91, 20.57, 41.29, 30.93,
1991,51, 0.045,267.96, 21.61, 36.08, 28.85,
1991,52, 0.042,268.00, 20.49, 33.94, 27.22,
1992, 1, 0.041,267.66, 21.88, 34.48, 28.18,
1992, 2, 0.040,267.88, 24.84, 34.41, 29.63,
1992, 3, 0.042,268.14, 27.22, 33.98, 30.60,
1992, 4, 0.042,268.34, 27.42, 34.96, 31.19,
1992, 5, 0.041,268.30, 25.71, 36.75, 31.23,
1992, 6, 0.040,268.33, 24.28, 39.89, 32.08,
1992, 7, 0.041,268.84, 22.55, 42.22, 32.38,
1992, 8, 0.042,270.19, 20.99, 43.06, 32.03,
1992, 9, 0.045,271.78, 19.95, 45.02, 32.48,
1992,10, 0.049,274.16, 17.59, 45.40, 31.49,
1992,11, 0.057,277.16, 17.54, 43.30, 30.42,
1992,12, 0.069,280.46, 17.64, 42.63, 30.14,
1992,13, 0.083,283.21, 17.25, 43.40, 30.33,
1992,14, 0.103,285.86, 19.30, 43.71, 31.50,
1992,15, 0.128,288.70, 24.46, 44.99, 34.72,
1992,16, 0.157,291.22, 26.04, 49.51, 37.78,
1992,17, 0.192,293.78, 28.06, 48.11, 38.08,
1992,18, 0.227,296.06, 30.56, 45.01, 37.79,
1992,19, 0.251,297.43, 29.96, 46.84, 38.40,
1992,20, 0.267,298.17, 28.64, 50.49, 39.57,
1992,21, 0.277,298.63, 27.15, 54.06, 40.61,
1992,22, 0.283,298.55, 26.06, 61.08, 43.57,
1992,23, 0.288,298.63, 26.98, 65.34, 46.16,
1992,24, 0.297,299.14, 31.53, 64.49, 48.01,
1992,25, 0.304,300.03, 35.49, 60.54, 48.01,
1992,26, 0.308,301.02, 39.04, 55.31, 47.18,
1992,27, 0.307,301.98, 41.58, 51.24, 46.41,
1992,28, 0.300,302.88, 42.25, 45.85, 44.05,
1992,29, 0.291,303.60, 41.12, 40.31, 40.72,
1992,30, 0.279,304.43, 38.83, 32.85, 35.84,
1992,31, 0.265,305.11, 35.88, 25.48, 30.68,
1992,32, 0.250,305.30, 33.08, 19.72, 26.40,
1992,33, 0.236,304.96, 29.67, 16.98, 23.33,
1992,34, 0.221,304.01, 26.11, 17.75, 21.93,
1992,35, 0.204,302.53, 22.20, 20.88, 21.54,
1992,36, 0.185,300.14, 18.34, 29.78, 24.06,
1992,37, 0.166,297.64, 14.62, 40.50, 27.56,
1992,38, 0.147,295.03, 10.67, 52.47, 31.57,
1992,39, 0.131,292.02,  8.64, 68.39, 38.52,
1992,40, 0.117,289.21,  8.72, 77.67, 43.20,
1992,41, 0.105,286.73, 10.10, 73.84, 41.97,
1992,42, 0.093,283.89, 11.78, 69.86, 40.82,
1992,43, 0.082,280.75, 12.96, 67.22, 40.09,
1992,44, 0.072,277.50, 13.78, 64.00, 38.89,
1992,45, 0.067,274.67, 15.50, 62.66, 39.08,
1992,46, 0.063,271.89, 17.21, 63.85, 40.53,
1992,47, 0.060,269.45, 18.91, 65.13, 42.02,
1992,48, 0.057,267.61, 21.37, 63.79, 42.58,
1992,49, 0.055,266.08, 23.32, 59.03, 41.18,
1992,50, 0.054,265.21, 25.30, 52.40, 38.85,
1992,51, 0.054,265.00, 28.04, 47.27, 37.65,
1992,52, 0.055,265.04, 30.23, 43.89, 37.06,
1993, 1, 0.056,266.60, 33.25, 37.86, 35.55,
1993, 2, 0.058,268.56, 37.40, 32.26, 34.83,
1993, 3, 0.060,270.49, 39.86, 26.82, 33.34,
1993, 4, 0.063,272.40, 41.02, 23.18, 32.10,
1993, 5, 0.066,273.80, 41.92, 21.05, 31.49,
1993, 6, 0.067,274.19, 41.02, 23.30, 32.16,
1993, 7, 0.064,274.14, 36.54, 27.29, 31.92,
1993, 8, 0.059,273.20, 30.43, 34.56, 32.50,
1993, 9, 0.054,272.17, 24.87, 43.85, 34.36,
1993,10, 0.053,271.64, 19.73, 52.42, 36.07,
1993,11, 0.056,271.79, 16.67, 59.58, 38.12,
1993,12, 0.064,273.74, 15.16, 64.53, 39.84,
1993,13, 0.077,276.56, 14.12, 66.66, 40.39,
1993,14, 0.098,280.04, 16.44, 67.39, 41.91,
1993,15, 0.129,283.42, 23.81, 71.47, 47.64,
1993,16, 0.171,286.84, 30.17, 77.54, 53.85,
1993,17, 0.211,290.40, 34.04, 75.49, 54.76,
1993,18, 0.246,292.59, 36.91, 75.41, 56.16,
1993,19, 0.280,293.79, 40.51, 80.10, 60.31,
1993,20, 0.312,294.81, 45.73, 80.31, 63.02,
1993,21, 0.341,295.48, 52.38, 80.73, 66.56,
1993,22, 0.363,296.17, 59.73, 80.60, 70.16,
1993,23, 0.378,297.08, 67.53, 77.96, 72.74,
1993,24, 0.383,297.46, 71.95, 78.11, 75.03,
1993,25, 0.382,297.63, 72.65, 80.36, 76.51,
1993,26, 0.374,297.77, 70.73, 81.66, 76.19,
1993,27, 0.367,298.32, 69.95, 79.97, 74.96,
1993,28, 0.359,299.04, 69.67, 75.39, 72.53,
1993,29, 0.355,300.05, 70.78, 67.71, 69.24,
1993,30, 0.345,300.96, 69.71, 59.79, 64.75,
1993,31, 0.332,301.42, 67.94, 54.29, 61.11,
1993,32, 0.312,301.23, 64.16, 52.14, 58.15,
1993,33, 0.286,300.24, 56.28, 55.39, 55.83,
1993,34, 0.261,299.10, 47.92, 60.04, 53.98,
1993,35, 0.244,297.86, 43.86, 63.85, 53.85,
1993,36, 0.229,296.10, 42.59, 69.00, 55.79,
1993,37, 0.216,294.38, 42.29, 72.38, 57.34,
1993,38, 0.201,292.67, 40.45, 76.26, 58.36,
1993,39, 0.181,291.11, 35.71, 77.68, 56.69,
1993,40, 0.157,289.45, 29.72, 74.68, 52.20,
1993,41, 0.136,287.34, 25.83, 67.55, 46.69,
1993,42, 0.120,285.35, 25.03, 56.94, 40.99,
1993,43, 0.108,283.09, 25.38, 50.41, 37.89,
1993,44, 0.097,280.54, 25.45, 45.73, 35.59,
1993,45, 0.085,278.02, 24.28, 44.32, 34.30,
1993,46, 0.071,275.95, 21.43, 42.98, 32.20,
1993,47, 0.057,274.97, 17.77, 38.27, 28.02,
1993,48, 0.047,274.37, 15.77, 32.80, 24.29,
1993,49, 0.039,273.73, 14.25, 27.10, 20.67,
1993,50, 0.035,273.76, 14.57, 19.31, 16.94,
1993,51, 0.033,273.62, 15.48, 16.00, 15.74,
1993,52, 0.031,273.57, 14.96, 15.56, 15.26,
1994, 1, 0.033,272.91, 17.42, 17.85, 17.64,
1994, 2, 0.037,272.18, 22.64, 20.93, 21.79,
1994, 3, 0.040,271.73, 25.76, 23.05, 24.40,
1994, 4, 0.048,271.40, 30.98, 26.15, 28.56,
1994, 5, 0.053,271.50, 33.32, 27.78, 30.55,
1994, 6, 0.056,272.37, 34.02, 28.60, 31.31,
1994, 7, 0.059,274.08, 33.43, 27.42, 30.43,
1994, 8, 0.064,276.76, 33.57, 24.31, 28.94,
1994, 9, 0.072,279.27, 34.22, 23.22, 28.72,
1994,10, 0.079,282.06, 32.78, 21.71, 27.24,
1994,11, 0.089,285.06, 32.56, 17.32, 24.94,
1994,12, 0.100,287.64, 31.74, 16.46, 24.10,
1994,13, 0.114,290.12, 30.32, 15.95, 23.13,
1994,14, 0.133,292.28, 31.14, 14.46, 22.80,
1994,15, 0.155,293.64, 34.32, 18.20, 26.26,
1994,16, 0.180,294.66, 34.03, 26.15, 30.09,
1994,17, 0.206,295.55, 32.81, 34.73, 33.77,
1994,18, 0.234,296.40, 32.72, 42.89, 37.81,
1994,19, 0.256,296.88, 31.65, 52.40, 42.03,
1994,20, 0.273,297.08, 30.97, 60.38, 45.68,
1994,21, 0.285,297.02, 30.36, 67.79, 49.08,
1994,22, 0.299,297.21, 33.13, 72.15, 52.64,
1994,23, 0.315,297.98, 39.52, 70.80, 55.16,
1994,24, 0.326,298.90, 45.57, 66.85, 56.21,
1994,25, 0.330,300.03, 48.00, 61.20, 54.60,
1994,26, 0.328,301.11, 48.78, 55.35, 52.07,
1994,27, 0.318,302.03, 47.11, 51.66, 49.39,
1994,28, 0.300,302.43, 42.38, 50.10, 46.24,
1994,29, 0.281,302.46, 36.95, 49.78, 43.36,
1994,30, 0.264,302.44, 32.74, 48.73, 40.74,
1994,31, 0.251,302.13, 29.92, 48.94, 39.43,
1994,32, 0.239,301.43, 28.42, 50.43, 39.43,
1994,33, 0.232,300.57, 28.54, 52.53, 40.54,
1994,34, 0.232,300.11, 32.25, 51.27, 41.76,
1994,35, 0.237,299.89, 39.96, 45.37, 42.67,
1994,36, 0.251,300.71, 54.52, 25.67, 40.09,
1994,37,-1.000, -1.00, -1.00, -1.00, -1.00,
1994,38,-1.000, -1.00, -1.00, -1.00, -1.00,
1994,39,-1.000, -1.00, -1.00, -1.00, -1.00,
1994,40,-1.000, -1.00, -1.00, -1.00, -1.00,
1994,41,-1.000, -1.00, -1.00, -1.00, -1.00,
1994,42,-1.000, -1.00, -1.00, -1.00, -1.00,
1994,43,-1.000, -1.00, -1.00, -1.00, -1.00,
1994,44,-1.000, -1.00, -1.00, -1.00, -1.00,
1994,45,-1.000, -1.00, -1.00, -1.00, -1.00,
1994,46,-1.000, -1.00, -1.00, -1.00, -1.00,
1994,47,-1.000, -1.00, -1.00, -1.00, -1.00,
1994,48,-1.000, -1.00, -1.00, -1.00, -1.00,
1994,49,-1.000, -1.00, -1.00, -1.00, -1.00,
1994,50,-1.000, -1.00, -1.00, -1.00, -1.00,
1994,51,-1.000, -1.00, -1.00, -1.00, -1.00,
1994,52,-1.000, -1.00, -1.00, -1.00, -1.00,
1995, 1,-1.000, -1.00, -1.00, -1.00, -1.00,
1995, 2,-1.000, -1.00, -1.00, -1.00, -1.00,
1995, 3,-1.000, -1.00, -1.00, -1.00, -1.00,
1995, 4,-1.000, -1.00, -1.00, -1.00, -1.00,
1995, 5,-1.000, -1.00, -1.00, -1.00, -1.00,
1995, 6,-1.000, -1.00, -1.00, -1.00, -1.00,
1995, 7, 0.081,278.59, 45.06, 15.02, 30.04,
1995, 8, 0.092,281.24, 48.11, 12.05, 30.08,
1995, 9, 0.103,283.16, 49.47, 12.48, 30.98,
1995,10, 0.115,284.74, 50.26, 14.17, 32.22,
1995,11, 0.128,285.87, 50.60, 15.01, 32.81,
1995,12, 0.140,286.79, 49.58, 19.89, 34.73,
1995,13, 0.156,287.69, 48.14, 25.92, 37.03,
1995,14, 0.181,289.48, 49.73, 27.46, 38.59,
1995,15, 0.208,291.32, 53.21, 31.02, 42.11,
1995,16, 0.242,293.40, 55.31, 34.61, 44.96,
1995,17, 0.270,294.27, 54.98, 45.01, 50.00,
1995,18, 0.301,295.65, 56.61, 49.44, 53.03,
1995,19, 0.328,296.92, 58.05, 52.28, 55.17,
1995,20, 0.350,297.89, 60.47, 53.38, 56.92,
1995,21, 0.364,299.02, 61.95, 51.05, 56.50,
1995,22, 0.368,300.28, 61.92, 47.09, 54.50,
1995,23, 0.365,301.15, 61.51, 45.63, 53.57,
1995,24, 0.353,301.38, 57.48, 47.03, 52.25,
1995,25, 0.333,301.22, 48.91, 51.33, 50.12,
1995,26, 0.320,301.44, 44.68, 52.53, 48.60,
1995,27, 0.309,301.96, 42.62, 52.03, 47.32,
1995,28, 0.301,302.41, 42.98, 50.12, 46.55,
1995,29, 0.296,302.71, 44.06, 47.81, 45.93,
1995,30, 0.289,302.85, 44.25, 45.64, 44.95,
1995,31, 0.284,302.91, 45.64, 43.13, 44.38,
1995,32, 0.278,302.62, 47.27, 41.43, 44.35,
1995,33, 0.272,302.06, 48.72, 40.89, 44.81,
1995,34, 0.267,301.28, 50.80, 41.78, 46.29,
1995,35, 0.262,300.11, 53.71, 43.99, 48.85,
1995,36, 0.261,298.69, 60.38, 45.19, 52.79,
1995,37, 0.257,297.13, 64.50, 47.14, 55.82,
1995,38, 0.258,295.61, 71.63, 48.38, 60.01,
1995,39, 0.262,294.43, 79.82, 44.20, 62.01,
1995,40, 0.259,292.85, 82.66, 39.20, 60.93,
1995,41, 0.247,290.71, 81.48, 33.41, 57.45,
1995,42, 0.230,288.25, 78.54, 29.55, 54.05,
1995,43, 0.206,285.34, 71.60, 32.96, 52.28,
1995,44, 0.174,282.28, 61.88, 34.50, 48.19,
1995,45, 0.144,279.40, 52.89, 36.65, 44.77,
1995,46, 0.115,276.34, 43.63, 41.13, 42.38,
1995,47, 0.094,273.83, 36.91, 44.06, 40.49,
1995,48, 0.075,271.75, 30.78, 44.93, 37.85,
1995,49, 0.060,269.46, 25.44, 44.92, 35.18,
1995,50, 0.044,267.16, 16.96, 44.76, 30.86,
1995,51, 0.032,264.35,  9.80, 49.54, 29.67,
1995,52, 0.024,261.09,  4.85, 57.01, 30.93,
1996, 1, 0.015,258.15,  0.79, 64.71, 32.75,
1996, 2, 0.008,256.12,  0.33, 71.51, 35.92,
1996, 3, 0.004,255.08,  0.17, 73.73, 36.95,
1996, 4, 0.001,254.66,  0.10, 74.50, 37.30,
1996, 5, 0.001,254.67,  0.11, 75.60, 37.85,
1996, 6, 0.001,254.83,  0.10, 78.16, 39.13,
1996, 7, 0.003,255.62,  0.13, 79.24, 39.69,
1996, 8, 0.006,257.47,  0.42, 78.21, 39.31,
1996, 9, 0.010,260.36,  1.16, 76.35, 38.75,
1996,10, 0.021,264.40,  3.10, 72.66, 37.88,
1996,11, 0.032,268.27,  4.77, 70.64, 37.71,
1996,12, 0.046,272.18,  6.67, 70.37, 38.52,
1996,13, 0.068,276.10,  9.56, 69.70, 39.63,
1996,14, 0.096,280.61, 15.57, 67.04, 41.30,
1996,15, 0.134,285.45, 25.59, 63.58, 44.58,
1996,16, 0.176,290.02, 31.82, 58.91, 45.36,
1996,17, 0.222,294.35, 38.01, 43.90, 40.95,
1996,18, 0.267,297.52, 44.57, 32.24, 38.41,
1996,19, 0.309,299.48, 51.23, 27.81, 39.52,
1996,20, 0.342,301.25, 57.11, 22.83, 39.97,
1996,21, 0.359,302.39, 59.96, 22.01, 40.98,
1996,22, 0.363,303.27, 59.93, 22.39, 41.16,
1996,23, 0.360,304.41, 59.84, 19.64, 39.74,
1996,24, 0.347,305.17, 55.46, 16.99, 36.22,
1996,25, 0.332,305.48, 48.69, 16.67, 32.68,
1996,26, 0.317,305.68, 43.55, 18.37, 30.96,
1996,27, 0.301,305.36, 38.49, 25.46, 31.98,
1996,28, 0.284,304.89, 34.80, 31.31, 33.05,
1996,29, 0.267,304.56, 30.32, 33.78, 32.05,
1996,30, 0.249,303.96, 25.60, 37.21, 31.41,
1996,31, 0.234,303.11, 21.92, 41.71, 31.82,
1996,32, 0.219,301.54, 18.30, 49.98, 34.14,
1996,33, 0.212,300.06, 17.68, 56.81, 37.25,
1996,34, 0.205,298.50, 17.79, 64.89, 41.34,
1996,35, 0.199,296.42, 18.91, 76.21, 47.56,
1996,36, 0.190,293.97, 20.64, 87.83, 54.24,
1996,37, 0.186,291.99, 25.63, 93.58, 59.60,
1996,38, 0.193,290.84, 36.34, 93.48, 64.91,
1996,39, 0.203,290.08, 48.26, 89.30, 68.78,
1996,40, 0.209,289.15, 56.90, 79.21, 68.06,
1996,41, 0.211,287.90, 63.48, 62.61, 63.05,
1996,42, 0.207,286.24, 66.94, 48.59, 57.77,
1996,43, 0.201,284.57, 68.97, 38.62, 53.79,
1996,44, 0.192,283.09, 70.21, 28.76, 49.48,
1996,45, 0.173,280.10, 67.29, 32.73, 50.01,
1996,46, 0.153,276.86, 63.52, 38.79, 51.15,
1996,47, 0.132,273.55, 58.40, 45.67, 52.03,
1996,48, 0.105,268.50, 48.68, 59.97, 54.33,
1996,49, 0.080,264.09, 38.30, 67.18, 52.74,
1996,50, 0.059,260.19, 27.82, 71.52, 49.67,
1996,51, 0.047,258.17, 21.99, 71.68, 46.84,
1996,52, 0.036,257.53, 14.64, 68.63, 41.64,
1997, 1, 0.029,257.41, 11.13, 66.95, 39.04,
1997, 2, 0.025,257.85, 12.11, 65.93, 39.02,
1997, 3, 0.024,259.16, 13.61, 61.19, 37.40,
1997, 4, 0.032,262.05, 19.98, 52.98, 36.48,
1997, 5, 0.051,265.66, 31.03, 44.19, 37.61,
1997, 6, 0.072,269.02, 42.83, 37.89, 40.36,
1997, 7, 0.099,272.98, 56.21, 30.45, 43.33,
1997, 8, 0.127,276.85, 68.27, 24.11, 46.19,
1997, 9, 0.146,279.77, 72.48, 21.85, 47.16,
1997,10, 0.160,282.16, 72.72, 21.38, 47.05,
1997,11, 0.174,284.32, 72.97, 19.69, 46.33,
1997,12, 0.187,285.75, 71.03, 23.37, 47.20,
1997,13, 0.203,287.32, 68.28, 27.09, 47.69,
1997,14, 0.223,288.75, 66.76, 30.45, 48.60,
1997,15, 0.248,290.34, 67.81, 35.80, 51.81,
1997,16, 0.280,292.29, 69.27, 41.94, 55.61,
1997,17, 0.321,294.42, 73.39, 43.03, 58.21,
1997,18, 0.353,295.78, 75.63, 47.85, 61.74,
1997,19, 0.378,296.85, 76.91, 52.66, 64.78,
1997,20, 0.393,297.57, 77.24, 56.00, 66.62,
1997,21, 0.400,297.76, 76.64, 61.40, 69.02,
1997,22, 0.397,297.64, 74.24, 68.40, 71.32,
1997,23, 0.394,297.81, 74.68, 71.81, 73.25,
1997,24, 0.392,298.23, 76.57, 71.71, 74.14,
1997,25, 0.388,298.40, 76.40, 73.77, 75.09,
1997,26, 0.381,298.33, 74.84, 76.91, 75.88,
1997,27, 0.371,297.84, 72.32, 83.52, 77.92,
1997,28, 0.355,296.70, 68.13, 92.76, 80.45,
1997,29, 0.348,296.23, 67.48, 96.19, 81.84,
1997,30, 0.343,296.00, 68.49, 97.04, 82.77,
1997,31, 0.338,295.72, 70.49, 97.36, 83.93,
1997,32, 0.326,295.14, 71.04, 98.72, 84.88,
1997,33, 0.319,294.60, 72.65, 99.22, 85.93,
1997,34, 0.314,294.34, 75.86, 98.96, 87.41,
1997,35, 0.311,293.98, 80.65, 97.64, 89.14,
1997,36, 0.305,293.48, 84.83, 93.14, 88.98,
1997,37, 0.296,292.97, 86.27, 86.13, 86.20,
1997,38, 0.279,292.15, 83.93, 82.21, 83.07,
1997,39, 0.258,291.31, 78.02, 77.08, 77.55,
1997,40, 0.233,289.39, 69.51, 77.13, 73.32,
1997,41, 0.210,286.96, 62.67, 73.23, 67.95,
1997,42, 0.192,285.38, 59.55, 56.89, 58.22,
1997,43, 0.173,283.39, 55.88, 47.65, 51.76,
1997,44, 0.150,280.99, 51.04, 42.24, 46.64,
1997,45, 0.122,277.76, 42.75, 45.44, 44.09,
1997,46, 0.096,274.77, 34.59, 48.82, 41.71,
1997,47, 0.078,272.39, 29.45, 50.67, 40.06,
1997,48, 0.066,269.00, 26.73, 57.25, 41.99,
1997,49, 0.060,266.82, 27.59, 55.63, 41.61,
1997,50, 0.059,265.94, 30.12, 49.19, 39.66,
1997,51, 0.058,265.65, 32.54, 44.53, 38.54,
1997,52, 0.057,265.43, 33.14, 42.35, 37.74,
1998, 1, 0.057,265.15, 34.32, 42.24, 38.28,
1998, 2, 0.059,266.12, 38.50, 39.80, 39.15,
1998, 3, 0.061,268.05, 41.15, 34.05, 37.60,
1998, 4, 0.064,269.88, 41.42, 30.35, 35.88,
1998, 5, 0.067,271.70, 42.05, 27.04, 34.54,
1998, 6, 0.070,273.41, 42.42, 25.50, 33.96,
1998, 7, 0.071,275.10, 40.57, 24.52, 32.55,
1998, 8, 0.074,276.52, 38.82, 25.05, 31.93,
1998, 9, 0.076,276.87, 36.33, 30.08, 33.21,
1998,10, 0.083,278.37, 34.71, 32.42, 33.56,
1998,11, 0.093,280.32, 34.54, 32.37, 33.46,
1998,12, 0.106,282.69, 34.38, 33.46, 33.92,
1998,13, 0.123,285.99, 34.03, 31.12, 32.58,
1998,14, 0.148,288.96, 36.60, 28.07, 32.33,
1998,15, 0.183,291.76, 43.79, 26.92, 35.36,
1998,16, 0.213,292.81, 45.36, 37.20, 41.28,
1998,17, 0.242,293.48, 45.51, 49.57, 47.54,
1998,18, 0.266,294.11, 44.34, 61.12, 52.73,
1998,19, 0.288,294.61, 43.55, 71.61, 57.58,
1998,20, 0.313,295.16, 45.99, 75.90, 60.95,
1998,21, 0.339,295.77, 51.56, 77.24, 64.40,
1998,22, 0.361,296.57, 58.41, 76.75, 67.58,
1998,23, 0.376,297.45, 66.15, 74.56, 70.36,
1998,24, 0.384,297.99, 72.39, 73.53, 72.96,
1998,25, 0.389,298.37, 76.67, 74.15, 75.41,
1998,26, 0.388,298.72, 78.05, 74.09, 76.07,
1998,27, 0.386,299.30, 79.36, 72.57, 75.97,
1998,28, 0.386,300.16, 82.09, 66.96, 74.53,
1998,29, 0.384,301.04, 84.04, 60.40, 72.22,
1998,30, 0.380,301.74, 85.60, 54.14, 69.87,
1998,31, 0.368,301.85, 84.71, 51.42, 68.07,
1998,32, 0.350,301.38, 82.93, 51.25, 67.09,
1998,33, 0.336,300.66, 81.76, 52.21, 66.99,
1998,34, 0.321,299.62, 79.68, 55.95, 67.81,
1998,35, 0.307,298.65, 78.70, 56.93, 67.81,
1998,36, 0.294,297.35, 78.48, 57.35, 67.92,
1998,37, 0.284,295.63, 79.48, 60.82, 70.15,
1998,38, 0.276,293.94, 81.72, 64.51, 73.11,
1998,39, 0.266,291.89, 82.10, 71.40, 76.75,
1998,40, 0.257,289.73, 81.63, 73.81, 77.72,
1998,41, 0.249,287.48, 82.33, 67.70, 75.02,
1998,42, 0.241,285.10, 83.15, 59.77, 71.46,
1998,43, 0.230,282.96, 82.79, 51.32, 67.05,
1998,44, 0.211,280.19, 79.15, 47.81, 63.48,
1998,45, 0.184,276.87, 72.53, 50.70, 61.62,
1998,46, 0.151,272.82, 62.43, 58.91, 60.67,
1998,47, 0.124,269.22, 54.00, 65.51, 59.75,
1998,48, 0.104,266.80, 48.53, 66.33, 57.43,
1998,49, 0.090,265.35, 45.71, 60.90, 53.30,
1998,50, 0.081,263.75, 44.87, 56.85, 50.86,
1998,51, 0.076,263.32, 45.17, 52.22, 48.69,
1998,52, 0.070,263.36, 42.44, 48.46, 45.45,
1999, 1, 0.068,263.40, 42.36, 47.09, 44.72,
1999, 2, 0.069,263.89, 45.17, 46.31, 45.74,
1999, 3, 0.071,264.41, 46.73, 44.99, 45.86,
1999, 4, 0.074,265.47, 47.34, 43.27, 45.30,
1999, 5, 0.082,266.99, 50.59, 40.97, 45.78,
1999, 6, 0.095,269.22, 56.67, 37.95, 47.31,
1999, 7, 0.107,271.49, 60.65, 35.04, 47.84,
1999, 8, 0.117,273.64, 62.45, 33.47, 47.96,
1999, 9, 0.129,276.06, 63.40, 32.71, 48.06,
1999,10, 0.144,278.64, 64.44, 31.94, 48.19,
1999,11, 0.161,280.86, 66.30, 30.98, 48.64,
1999,12, 0.183,283.72, 69.13, 30.47, 49.80,
1999,13, 0.208,286.36, 70.54, 30.65, 50.60,
1999,14, 0.237,288.22, 72.56, 32.76, 52.66,
1999,15, 0.269,289.87, 75.57, 38.56, 57.06,
1999,16, 0.302,291.43, 77.17, 48.08, 62.63,
1999,17, 0.333,292.29, 77.91, 60.95, 69.43,
1999,18, 0.366,293.51, 80.17, 67.89, 74.03,
1999,19, 0.391,294.86, 81.64, 70.78, 76.21,
1999,20, 0.410,296.22, 83.86, 67.74, 75.80,
1999,21, 0.422,297.80, 85.53, 60.92, 73.23,
1999,22, 0.426,299.17, 86.87, 55.84, 71.36,
1999,23, 0.419,300.02, 86.08, 54.18, 70.13,
1999,24, 0.407,300.56, 83.81, 53.08, 68.45,
1999,25, 0.392,300.88, 78.35, 53.40, 65.87,
1999,26, 0.378,301.19, 73.35, 53.77, 63.56,
1999,27, 0.359,300.98, 66.61, 58.86, 62.74,
1999,28, 0.339,300.79, 60.27, 61.54, 60.90,
1999,29, 0.322,300.71, 55.53, 62.10, 58.81,
1999,30, 0.307,300.45, 51.83, 63.19, 57.51,
1999,31, 0.293,299.93, 49.14, 65.36, 57.25,
1999,32, 0.280,299.29, 47.30, 66.84, 57.07,
1999,33, 0.271,298.86, 47.35, 65.72, 56.53,
1999,34, 0.266,298.37, 49.94, 65.43, 57.68,
1999,35, 0.259,297.56, 51.94, 65.94, 58.94,
1999,36, 0.249,296.81, 53.06, 61.93, 57.50,
1999,37, 0.235,296.16, 51.61, 55.25, 53.43,
1999,38, 0.217,295.18, 47.85, 51.54, 49.69,
1999,39, 0.196,293.47, 42.61, 53.74, 48.18,
1999,40, 0.174,290.86, 37.25, 60.97, 49.11,
1999,41, 0.153,287.62, 33.51, 66.40, 49.95,
1999,42, 0.137,285.29, 32.13, 58.34, 45.23,
1999,43, 0.122,282.72, 31.60, 53.45, 42.53,
1999,44, 0.107,279.74, 30.01, 50.89, 40.45,
1999,45, 0.092,277.08, 27.34, 49.55, 38.45,
1999,46, 0.073,274.70, 22.54, 49.22, 35.88,
1999,47, 0.057,272.59, 17.39, 49.65, 33.52,
1999,48, 0.045,270.11, 14.18, 52.15, 33.16,
1999,49, 0.038,267.42, 11.97, 53.31, 32.64,
1999,50, 0.032,265.62,  8.88, 50.55, 29.71,
1999,51, 0.027,263.61,  6.60, 52.05, 29.32,
1999,52, 0.024,261.54,  5.62, 55.46, 30.54,
2000, 1, 0.025,259.67,  9.21, 59.93, 34.57,
2000, 2, 0.026,258.80, 13.74, 63.03, 38.38,
2000, 3, 0.025,259.13, 15.26, 61.26, 38.26,
2000, 4, 0.026,259.72, 16.74, 59.57, 38.16,
2000, 5, 0.030,260.75, 18.67, 57.74, 38.20,
2000, 6, 0.034,263.00, 20.63, 54.53, 37.58,
2000, 7, 0.040,266.22, 21.75, 49.10, 35.42,
2000, 8, 0.048,269.59, 24.18, 44.01, 34.09,
2000, 9, 0.059,272.61, 27.17, 41.76, 34.47,
2000,10, 0.069,275.33, 27.76, 40.96, 34.36,
2000,11, 0.083,278.87, 29.39, 36.83, 33.11,
2000,12, 0.098,282.65, 30.42, 33.86, 32.14,
2000,13, 0.117,286.02, 31.23, 31.50, 31.36,
2000,14, 0.141,288.89, 33.92, 29.17, 31.54,
2000,15, 0.173,291.68, 40.11, 28.16, 34.13,
2000,16, 0.212,293.95, 44.74, 30.18, 37.46,
2000,17, 0.258,295.63, 50.89, 33.15, 42.02,
2000,18, 0.306,296.63, 58.66, 40.70, 49.68,
2000,19, 0.336,297.58, 61.28, 46.31, 53.80,
2000,20, 0.355,298.76, 62.13, 45.61, 53.87,
2000,21, 0.364,299.93, 61.89, 43.21, 52.55,
2000,22, 0.364,300.87, 60.33, 42.18, 51.26,
2000,23, 0.355,301.35, 57.22, 43.92, 50.57,
2000,24, 0.346,301.82, 54.48, 43.56, 49.02,
2000,25, 0.334,302.08, 49.46, 44.47, 46.97,
2000,26, 0.319,301.86, 44.09, 49.36, 46.72,
2000,27, 0.305,301.59, 40.33, 55.12, 47.72,
2000,28, 0.294,301.47, 39.23, 57.39, 48.31,
2000,29, 0.286,301.28, 39.00, 58.72, 48.86,
2000,30, 0.279,301.41, 39.29, 56.78, 48.03,
2000,31, 0.266,301.37, 37.22, 55.11, 46.17,
2000,32, 0.248,300.97, 33.14, 54.38, 43.76,
2000,33, 0.234,300.42, 29.85, 53.95, 41.90,
2000,34, 0.218,299.05, 26.07, 60.29, 43.18,
2000,35, 0.205,296.95, 23.73, 71.58, 47.65,
2000,36, 0.195,295.12, 25.17, 77.18, 51.17,
2000,37, 0.188,293.79, 27.72, 76.55, 52.14,
2000,38, 0.187,292.73, 32.93, 74.31, 53.62,
2000,39, 0.182,291.86, 36.45, 69.08, 52.76,
2000,40, 0.176,291.11, 39.43, 56.28, 47.86,
2000,41, 0.165,289.36, 40.27, 45.52, 42.90,
2000,42, 0.151,287.08, 39.73, 39.08, 39.40,
2000,43, 0.133,284.93, 37.30, 34.95, 36.13,
2000,44, 0.112,282.91, 32.69, 29.25, 30.97,
2000,45, 0.086,280.91, 24.94, 27.31, 26.12,
2000,46, 0.071,279.04, 21.32, 26.83, 24.08,
2000,47, 0.056,277.17, 17.15, 27.69, 22.42,
2000,48, 0.048,276.12, 16.05, 24.98, 20.52,
2000,49, 0.044,275.05, 16.80, 21.87, 19.33,
2000,50, 0.043,274.18, 17.71, 17.95, 17.83,
2000,51, 0.047,273.50, 22.37, 16.64, 19.51,
2000,52, 0.056,273.43, 30.74, 16.15, 23.45,
2001, 1, 0.074,272.93, 46.04, 17.78, 31.91,
2001, 2, 0.089,272.07, 57.77, 21.19, 39.48,
2001, 3, 0.110,272.46, 69.56, 20.79, 45.18,
2001, 4, 0.123,273.79, 73.97, 19.17, 46.57,
2001, 5, 0.128,274.75, 75.70, 18.43, 47.07,
2001, 6, 0.136,275.94, 77.93, 18.39, 48.16,
2001, 7, 0.145,277.52, 79.51, 17.65, 48.58,
2001, 8, 0.158,279.46, 82.39, 16.62, 49.50,
2001, 9, 0.172,281.13, 83.64, 17.88, 50.76,
2001,10, 0.188,282.50, 84.39, 20.35, 52.37,
2001,11, 0.212,284.51, 87.54, 18.96, 53.25,
2001,12, 0.235,286.46, 89.06, 20.58, 54.82,
2001,13, 0.257,288.08, 88.29, 23.71, 56.00,
2001,14, 0.278,289.28, 86.74, 27.67, 57.20,
2001,15, 0.298,290.26, 84.72, 36.19, 60.45,
2001,16, 0.323,291.85, 83.25, 45.07, 64.16,
2001,17, 0.351,293.25, 82.93, 52.86, 67.89,
2001,18, 0.378,294.01, 83.70, 63.42, 73.56,
2001,19, 0.401,294.65, 84.52, 72.43, 78.47,
2001,20, 0.416,295.50, 85.63, 74.59, 80.11,
2001,21, 0.419,295.97, 84.08, 76.61, 80.35,
2001,22, 0.412,296.29, 80.85, 79.21, 80.03,
2001,23, 0.400,296.56, 77.56, 81.29, 79.43,
2001,24, 0.387,297.12, 74.42, 79.97, 77.20,
2001,25, 0.372,298.06, 68.54, 76.16, 72.35,
2001,26, 0.357,299.22, 62.92, 69.58, 66.25,
2001,27, 0.343,300.67, 58.88, 61.21, 60.05,
2001,28, 0.328,301.78, 55.07, 54.14, 54.61,
2001,29, 0.314,302.51, 51.77, 48.80, 50.28,
2001,30, 0.300,303.18, 48.86, 42.89, 45.87,
2001,31, 0.285,303.41, 45.86, 39.42, 42.64,
2001,32, 0.266,302.92, 41.46, 39.38, 40.42,
2001,33, 0.250,302.24, 37.69, 39.77, 38.73,
2001,34, 0.238,301.12, 35.79, 43.32, 39.56,
2001,35, 0.229,299.42, 35.69, 49.93, 42.81,
2001,36, 0.227,297.75, 40.69, 53.39, 47.04,
2001,37, 0.228,296.32, 47.62, 53.96, 50.79,
2001,38, 0.232,295.37, 56.30, 49.65, 52.97,
2001,39, 0.235,293.98, 64.44, 48.03, 56.23,
2001,40, 0.237,292.31, 70.64, 44.34, 57.49,
2001,41, 0.235,290.01, 74.74, 40.35, 57.54,
2001,42, 0.230,287.55, 77.62, 36.22, 56.92,
2001,43, 0.221,284.76, 78.17, 37.36, 57.76,
2001,44, 0.205,281.36, 76.22, 39.82, 58.02,
2001,45, 0.185,277.54, 72.68, 46.48, 59.58,
2001,46, 0.160,273.95, 66.81, 52.92, 59.87,
2001,47, 0.134,270.29, 59.52, 60.69, 60.11,
2001,48, 0.107,265.32, 50.17, 73.53, 61.85,
2001,49, 0.086,260.92, 43.28, 79.39, 61.33,
2001,50, 0.072,257.89, 38.56, 79.52, 59.04,
2001,51, 0.063,255.94, 34.58, 79.24, 56.91,
2001,52, 0.058,254.27, 32.06, 79.22, 55.64,
2002, 1, 0.055,253.82, 32.11, 78.06, 55.09,
2002, 2, 0.054,255.93, 34.07, 71.83, 52.95,
2002, 3, 0.063,260.82, 40.71, 56.17, 48.44,
2002, 4, 0.074,266.50, 47.32, 40.28, 43.80,
2002, 5, 0.083,270.48, 51.59, 30.59, 41.09,
2002, 6, 0.094,273.97, 56.57, 23.92, 40.24,
2002, 7, 0.111,277.77, 63.08, 16.96, 40.02,
2002, 8, 0.125,280.17, 66.88, 14.72, 40.80,
2002, 9, 0.140,282.10, 69.54, 15.27, 42.41,
2002,10, 0.154,284.85, 69.58, 13.61, 41.60,
2002,11, 0.174,287.83, 72.15,  8.37, 40.26,
2002,12, 0.193,289.89, 73.31,  8.40, 40.86,
2002,13, 0.210,291.32, 71.05, 11.10, 41.08,
2002,14, 0.229,292.57, 68.77, 12.55, 40.66,
2002,15, 0.250,293.86, 68.20, 16.00, 42.10,
2002,16, 0.280,295.30, 68.43, 20.35, 44.39,
2002,17, 0.315,296.87, 70.84, 22.32, 46.58,
2002,18, 0.350,297.89, 74.42, 28.76, 51.59,
2002,19, 0.378,298.78, 76.90, 34.39, 55.64,
2002,20, 0.394,299.62, 77.52, 37.59, 57.55,
2002,21, 0.393,299.76, 73.70, 44.59, 59.15,
2002,22, 0.381,300.08, 67.42, 48.72, 58.07,
2002,23, 0.366,300.43, 62.12, 51.21, 56.66,
2002,24, 0.350,301.11, 56.67, 48.86, 52.77,
2002,25, 0.336,302.17, 50.93, 43.27, 47.10,
2002,26, 0.320,302.86, 45.03, 40.80, 42.91,
2002,27, 0.304,303.12, 39.98, 42.79, 41.38,
2002,28, 0.289,302.93, 36.97, 46.10, 41.53,
2002,29, 0.278,302.39, 35.55, 50.19, 42.87,
2002,30, 0.276,301.81, 38.04, 53.66, 45.85,
2002,31, 0.281,301.39, 43.85, 54.78, 49.32,
2002,32, 0.282,300.68, 49.54, 56.53, 53.04,
2002,33, 0.282,300.38, 54.09, 54.30, 54.20,
2002,34, 0.275,300.12, 55.21, 51.71, 53.46,
2002,35, 0.257,298.87, 51.09, 55.07, 53.08,
2002,36, 0.236,297.48, 46.05, 56.31, 51.18,
2002,37, 0.216,295.71, 41.63, 60.15, 50.89,
2002,38, 0.199,293.55, 38.37, 68.04, 53.20,
2002,39, 0.185,291.59, 36.85, 73.77, 55.31,
2002,40, 0.174,289.92, 37.28, 71.20, 54.24,
2002,41, 0.161,287.49, 37.29, 68.19, 52.74,
2002,42, 0.149,285.18, 38.23, 60.75, 49.49,
2002,43, 0.137,283.35, 38.84, 49.22, 44.03,
2002,44, 0.126,281.47, 39.27, 39.84, 39.55,
2002,45, 0.113,278.80, 38.11, 40.06, 39.09,
2002,46, 0.105,275.86, 39.09, 43.48, 41.29,
2002,47, 0.099,272.57, 41.19, 50.09, 45.64,
2002,48, 0.094,269.80, 44.04, 53.79, 48.91,
2002,49, 0.090,267.88, 47.29, 51.42, 49.35,
2002,50, 0.084,265.05, 49.21, 52.76, 50.98,
2002,51, 0.077,262.23, 47.37, 57.07, 52.22,
2002,52, 0.068,260.27, 41.13, 59.74, 50.43,
2003, 1, 0.057,257.65, 34.33, 65.80, 50.07,
2003, 2, 0.045,254.49, 27.82, 74.76, 51.29,
2003, 3, 0.037,252.09, 23.73, 79.59, 51.66,
2003, 4, 0.033,252.01, 21.02, 79.61, 50.32,
2003, 5, 0.028,253.47, 17.58, 77.78, 47.68,
2003, 6, 0.026,255.42, 15.18, 76.10, 45.64,
2003, 7, 0.025,257.60, 13.33, 73.71, 43.52,
2003, 8, 0.026,259.64, 11.47, 72.45, 41.96,
2003, 9, 0.029,262.90, 11.57, 69.74, 40.65,
2003,10, 0.038,267.36, 12.26, 64.55, 38.41,
2003,11, 0.053,271.91, 15.54, 59.46, 37.50,
2003,12, 0.071,276.57, 18.38, 55.34, 36.86,
2003,13, 0.089,281.34, 19.56, 49.51, 34.53,
2003,14, 0.110,285.52, 21.88, 44.27, 33.07,
2003,15, 0.133,289.57, 25.96, 39.88, 32.92,
2003,16, 0.159,293.20, 26.53, 35.58, 31.05,
2003,17, 0.192,296.67, 27.79, 24.51, 26.15,
2003,18, 0.230,299.77, 31.37, 14.53, 22.95,
2003,19, 0.264,301.87, 34.39, 10.08, 22.23,
2003,20, 0.293,303.35, 38.32,  8.81, 23.57,
2003,21, 0.313,303.71, 41.25, 13.34, 27.30,
2003,22, 0.331,303.84, 45.73, 19.02, 32.37,
2003,23, 0.345,303.94, 52.24, 23.95, 38.10,
2003,24, 0.351,303.25, 56.23, 32.38, 44.31,
2003,25, 0.353,302.25, 58.76, 43.12, 50.94,
2003,26, 0.354,301.13, 61.15, 55.35, 58.25,
2003,27, 0.353,300.26, 63.10, 65.55, 64.32,
2003,28, 0.352,299.82, 65.68, 69.85, 67.76,
2003,29, 0.349,299.49, 67.46, 72.16, 69.81,
2003,30, 0.345,299.52, 68.77, 70.93, 69.85,
2003,31, 0.340,299.76, 70.97, 67.16, 69.06,
2003,32, 0.328,300.10, 71.42, 60.95, 66.19,
2003,33, 0.309,300.07, 67.19, 56.56, 61.88,
2003,34, 0.287,299.15, 61.53, 59.64, 60.58,
2003,35, 0.269,298.20, 57.81, 60.77, 59.29,
2003,36, 0.255,297.34, 56.74, 56.87, 56.80,
2003,37, 0.240,296.04, 54.84, 56.01, 55.43,
2003,38, 0.226,294.45, 53.47, 58.28, 55.88,
2003,39, 0.212,292.49, 52.25, 63.06, 57.66,
2003,40, 0.197,290.29, 50.18, 65.62, 57.90,
2003,41, 0.183,287.71, 49.06, 64.08, 56.57,
2003,42, 0.170,284.93, 48.87, 61.20, 55.03,
2003,43, 0.158,282.65, 48.71, 53.80, 51.26,
2003,44, 0.149,280.96, 49.51, 42.63, 46.07,
2003,45, 0.136,279.58, 49.01, 35.11, 42.06,
2003,46, 0.120,277.34, 45.76, 35.56, 40.66,
2003,47, 0.107,274.47, 44.60, 40.63, 42.62,
2003,48, 0.096,271.14, 44.01, 47.35, 45.68,
2003,49, 0.089,267.48, 45.09, 52.56, 48.83,
2003,50, 0.081,263.18, 45.44, 59.20, 52.32,
2003,51, 0.074,257.53, 43.91, 71.97, 57.94,
2003,52, 0.065,249.83, 38.80, 86.73, 62.76,
2004, 1, 0.060,242.37, 36.50, 95.24, 65.87,
2004, 2,-1.000, -1.00, -1.00, -1.00, -1.00,
2004, 3,-1.000, -1.00, -1.00, -1.00, -1.00,
2004, 4,-1.000, -1.00, -1.00, -1.00, -1.00,
2004, 5, 0.063,244.15, 39.64, 92.99, 66.31,
2004, 6, 0.069,250.41, 41.57, 85.84, 63.71,
2004, 7, 0.076,256.72, 43.00, 74.97, 58.98,
2004, 8, 0.084,262.15, 44.26, 64.71, 54.48,
2004, 9, 0.091,265.96, 43.97, 60.24, 52.10,
2004,10, 0.096,268.09, 40.83, 61.82, 51.33,
2004,11,-1.000, -1.00, -1.00, -1.00, -1.00,
2004,12,-1.000, -1.00, -1.00, -1.00, -1.00,
2004,13,-1.000, -1.00, -1.00, -1.00, -1.00,
2004,14,-1.000, -1.00, -1.00, -1.00, -1.00,
2004,15,-1.000, -1.00, -1.00, -1.00, -1.00,
2004,16,-1.000, -1.00, -1.00, -1.00, -1.00,
2004,17,-1.000, -1.00, -1.00, -1.00, -1.00,
2004,18,-1.000, -1.00, -1.00, -1.00, -1.00,
2004,19,-1.000, -1.00, -1.00, -1.00, -1.00,
2004,20,-1.000, -1.00, -1.00, -1.00, -1.00,
2004,21,-1.000, -1.00, -1.00, -1.00, -1.00,
2004,22,-1.000, -1.00, -1.00, -1.00, -1.00,
2004,23,-1.000, -1.00, -1.00, -1.00, -1.00,
2004,24,-1.000, -1.00, -1.00, -1.00, -1.00,
2004,25, 0.410,299.57, 83.84, 64.87, 74.36,
2004,26, 0.397,299.65, 80.20, 66.56, 73.38,
2004,27, 0.381,299.22, 75.86, 72.97, 74.42,
2004,28, 0.366,298.97, 72.08, 75.74, 73.91,
2004,29,-1.000, -1.00, -1.00, -1.00, -1.00,
2004,30, 0.346,298.70, 69.49, 76.96, 73.22,
2004,31, 0.344,298.90, 72.80, 73.60, 73.20,
2004,32, 0.342,299.09, 77.76, 68.64, 73.20,
2004,33, 0.335,298.96, 79.93, 65.24, 72.59,
2004,34, 0.332,298.66, 83.34, 63.44, 73.39,
2004,35, 0.325,298.25, 85.54, 60.08, 72.81,
2004,36, 0.314,297.90, 86.03, 51.79, 68.91,
2004,37, 0.293,296.89, 82.71, 48.42, 65.56,
2004,38, 0.275,295.44, 79.76, 49.15, 64.45,
2004,39, 0.256,293.69, 76.19, 51.49, 63.84,
2004,40, 0.237,291.61, 70.99, 52.73, 61.86,
2004,41, 0.217,289.63, 66.38, 45.11, 55.75,
2004,42, 0.201,287.49, 64.21, 37.35, 50.78,
2004,43, 0.190,285.36, 64.71, 32.80, 48.75,
2004,44, 0.174,282.68, 62.48, 31.54, 47.01,
2004,45, 0.153,279.24, 58.03, 37.23, 47.63,
2004,46, 0.135,276.16, 54.72, 41.90, 48.31,
2004,47, 0.131,274.26, 57.82, 41.81, 49.82,
2004,48, 0.129,273.05, 63.44, 38.89, 51.17,
2004,49, 0.131,272.60, 71.75, 31.92, 51.83,
2004,50, 0.130,272.15, 77.81, 25.59, 51.70,
2004,51, 0.131,272.20, 82.85, 21.10, 51.97,
2004,52, 0.130,272.06, 83.28, 20.46, 51.87,
2005, 1, 0.125,271.80, 81.06, 21.23, 51.15,
2005, 2, 0.118,271.66, 78.24, 22.38, 50.31,
2005, 3, 0.107,270.49, 70.82, 26.69, 48.75,
2005, 4, 0.098,269.60, 62.75, 31.15, 46.95,
2005, 5, 0.088,268.47, 55.20, 36.15, 45.68,
2005, 6, 0.081,267.83, 48.84, 41.25, 45.05,
2005, 7, 0.078,267.84, 43.92, 44.87, 44.39,
2005, 8, 0.080,269.29, 41.75, 45.21, 43.48,
2005, 9, 0.086,271.62, 41.44, 44.79, 43.12,
2005,10, 0.102,275.15, 43.89, 41.70, 42.79,
2005,11, 0.121,279.19, 47.68, 36.01, 41.84,
2005,12, 0.144,283.27, 51.45, 31.66, 41.56,
2005,13, 0.168,286.49, 53.36, 29.61, 41.48,
2005,14, 0.194,289.70, 55.46, 25.42, 40.44,
2005,15, 0.219,292.24, 57.52, 25.22, 41.37,
2005,16, 0.248,293.91, 58.04, 30.66, 44.35,
2005,17, 0.281,295.35, 59.20, 35.35, 47.27,
2005,18, 0.317,296.61, 62.30, 40.35, 51.32,
2005,19, 0.349,297.33, 65.49, 47.96, 56.72,
2005,20, 0.375,298.12, 69.79, 50.78, 60.29,
2005,21, 0.390,298.58, 72.18, 54.17, 63.18,
2005,22, 0.398,298.88, 74.36, 58.10, 66.23,
2005,23, 0.398,298.91, 76.38, 63.00, 69.69,
2005,24, 0.393,298.91, 76.38, 66.35, 71.36,
2005,25, 0.384,298.86, 73.89, 70.35, 72.12,
2005,26, 0.375,299.02, 71.47, 71.91, 71.69,
2005,27, 0.366,299.63, 69.53, 70.21, 69.87,
2005,28, 0.355,300.26, 67.86, 66.37, 67.12,
2005,29, 0.342,300.65, 65.13, 63.26, 64.20,
2005,30, 0.333,301.11, 64.24, 58.80, 61.52,
2005,31, 0.326,301.13, 65.33, 56.59, 60.96,
2005,32, 0.322,301.09, 68.87, 53.11, 60.99,
2005,33, 0.318,301.12, 72.06, 48.09, 60.07,
2005,34, 0.309,300.88, 73.37, 44.71, 59.04,
2005,35, 0.297,300.52, 73.02, 39.46, 56.24,
2005,36, 0.282,299.90, 71.46, 32.56, 52.01,
2005,37, 0.262,298.97, 67.01, 27.87, 47.44,
2005,38, 0.244,297.66, 63.43, 26.09, 44.76,
2005,39, 0.225,296.05, 59.16, 24.73, 41.94,
2005,40, 0.208,294.00, 55.42, 24.24, 39.83,
2005,41, 0.192,292.14, 53.47, 17.11, 35.29,
2005,42, 0.174,289.84, 50.53, 13.37, 31.95,
2005,43, 0.155,287.23, 47.34, 16.71, 32.02,
2005,44, 0.137,284.17, 44.53, 20.02, 32.27,
2005,45, 0.121,280.92, 42.40, 25.74, 34.07,
2005,46, 0.106,278.15, 40.27, 29.54, 34.90,
2005,47, 0.093,275.87, 38.38, 31.85, 35.11,
2005,48, 0.083,273.12, 37.73, 36.68, 37.20,
2005,49, 0.076,270.61, 38.64, 38.67, 38.65,
2005,50, 0.071,268.32, 39.21, 39.31, 39.26,
2005,51, 0.066,266.09, 38.74, 42.49, 40.61,
2005,52, 0.061,263.96, 35.39, 46.91, 41.15,
2006, 1, 0.056,262.22, 33.57, 51.77, 42.67,
2006, 2, 0.054,261.19, 34.67, 55.55, 45.11,
2006, 3, 0.051,260.61, 33.76, 56.93, 45.34,
2006, 4, 0.049,260.28, 31.73, 58.13, 44.93,
2006, 5, 0.050,260.81, 31.25, 57.96, 44.60,
2006, 6, 0.050,261.73, 30.11, 58.39, 44.25,
2006, 7, 0.047,262.46, 26.13, 59.59, 42.86,
2006, 8, 0.048,263.50, 24.21, 60.61, 42.41,
2006, 9, 0.051,264.40, 23.15, 63.94, 43.55,
2006,10, 0.059,267.15, 22.56, 63.43, 42.99,
2006,11, 0.072,271.65, 24.30, 58.80, 41.55,
2006,12, 0.089,277.61, 26.15, 50.37, 38.26,
2006,13, 0.109,282.77, 27.76, 42.90, 35.33,
2006,14, 0.133,287.34, 30.76, 35.26, 33.01,
2006,15, 0.159,290.53, 35.19, 34.30, 34.75,
2006,16, 0.191,292.82, 37.48, 38.20, 37.84,
2006,17, 0.227,294.53, 40.21, 42.43, 41.32,
2006,18, 0.266,296.40, 44.45, 42.52, 43.49,
2006,19, 0.304,298.00, 49.34, 41.80, 45.57,
2006,20, 0.338,298.29, 55.63, 49.46, 52.55,
2006,21, 0.364,298.34, 61.92, 56.60, 59.26,
2006,22, 0.382,298.36, 67.42, 62.74, 65.08,
2006,23, 0.395,298.82, 74.86, 63.96, 69.41,
2006,24, 0.401,299.40, 81.00, 62.64, 71.82,
2006,25, 0.401,299.88, 82.68, 62.17, 72.43,
2006,26, 0.398,300.65, 82.90, 58.89, 70.90,
2006,27, 0.391,301.64, 81.97, 54.52, 68.25,
2006,28, 0.376,302.12, 77.93, 52.33, 65.13,
2006,29, 0.361,302.41, 74.16, 50.29, 62.23,
2006,30, 0.347,302.67, 70.87, 47.34, 59.11,
2006,31, 0.334,302.71, 69.32, 45.05, 57.18,
2006,32, 0.319,302.46, 68.33, 42.99, 55.66,
2006,33, 0.304,301.81, 65.52, 43.04, 54.28,
2006,34, 0.289,300.95, 63.14, 44.50, 53.82,
2006,35, 0.280,300.10, 63.81, 43.68, 53.74,
2006,36, 0.271,299.26, 65.82, 39.23, 52.53,
2006,37, 0.263,298.18, 67.66, 36.15, 51.91,
2006,38, 0.257,296.97, 71.07, 33.83, 52.45,
2006,39, 0.253,295.83, 74.37, 28.06, 51.21,
2006,40, 0.244,294.28, 74.49, 21.90, 48.19,
2006,41, 0.231,292.12, 72.87, 16.86, 44.87,
2006,42, 0.219,290.02, 72.52, 11.17, 41.85,
2006,43, 0.208,288.43, 72.19,  7.79, 39.99,
2006,44, 0.192,286.75, 70.65,  4.41, 37.53,
2006,45, 0.174,284.94, 68.03,  4.32, 36.17,
2006,46, 0.159,283.35, 66.50,  4.35, 35.43,
2006,47, 0.147,282.17, 66.82,  3.29, 35.06,
2006,48, 0.139,281.02, 70.14,  2.72, 36.43,
2006,49, 0.132,279.80, 74.10,  2.26, 38.18,
2006,50, 0.129,278.29, 80.18,  2.10, 41.14,
2006,51, 0.132,277.63, 87.24,  1.62, 44.43,
2006,52, 0.136,277.87, 91.19,  1.36, 46.28,
2007, 1, 0.139,278.13, 93.58,  1.35, 47.47,
2007, 2, 0.142,278.38, 95.17,  1.49, 48.33,
2007, 3, 0.146,278.85, 96.06,  1.46, 48.76,
2007, 4, 0.152,279.98, 95.95,  1.29, 48.62,
2007, 5, 0.153,280.47, 94.10,  2.07, 48.09,
2007, 6, 0.151,280.80, 90.41,  4.55, 47.48,
2007, 7, 0.151,281.43, 86.44,  6.64, 46.54,
2007, 8, 0.155,282.71, 83.62,  7.67, 45.64,
2007, 9, 0.164,284.32, 81.65,  9.02, 45.33,
2007,10, 0.174,286.47, 79.52,  8.97, 44.24,
2007,11, 0.189,288.46, 79.64,  6.50, 43.07,
2007,12, 0.208,290.41, 80.44,  6.74, 43.59,
2007,13, 0.231,292.23, 80.36,  7.67, 44.02,
2007,14, 0.256,293.81, 79.97,  7.04, 43.51,
2007,15, 0.279,295.21, 79.35,  8.62, 43.99,
2007,16, 0.306,296.71, 78.07, 10.55, 44.31,
2007,17, 0.331,298.55, 76.64,  8.93, 42.78,
2007,18, 0.350,300.32, 73.87,  8.00, 40.93,
2007,19, 0.359,301.92, 69.22,  6.20, 37.71,
2007,20, 0.359,303.33, 63.38,  5.29, 34.34,
2007,21, 0.352,304.64, 56.07,  3.99, 30.03,
2007,22, 0.336,305.81, 47.02,  2.79, 24.91,
2007,23, 0.315,306.71, 37.35,  2.65, 20.00,
2007,24, 0.295,307.05, 28.49,  3.26, 15.88,
2007,25, 0.275,307.24, 20.05,  3.72, 11.88,
2007,26, 0.260,307.75, 15.25,  3.17,  9.21,
2007,27, 0.246,308.57, 12.24,  1.93,  7.08,
2007,28, 0.232,309.00, 10.19,  1.60,  5.90,
2007,29, 0.221,308.95,  9.24,  1.80,  5.52,
2007,30, 0.214,308.70,  9.43,  2.27,  5.85,
2007,31, 0.210,308.23, 10.23,  3.41,  6.82,
2007,32, 0.207,307.35, 12.39,  5.33,  8.86,
2007,33, 0.207,306.19, 15.29,  8.54, 11.91,
2007,34, 0.210,304.89, 20.41, 11.87, 16.14,
2007,35, 0.217,303.57, 28.77, 13.20, 20.98,
2007,36, 0.222,301.58, 37.37, 17.55, 27.46,
2007,37, 0.229,299.66, 47.23, 21.80, 34.51,
2007,38, 0.236,298.17, 57.43, 21.53, 39.48,
2007,39, 0.237,296.42, 64.23, 21.69, 42.96,
2007,40, 0.240,294.70, 70.41, 17.64, 44.03,
2007,41, 0.236,291.97, 73.69, 19.20, 46.45,
2007,42, 0.228,288.67, 75.44, 24.98, 50.21,
2007,43, 0.220,285.07, 76.98, 34.72, 55.85,
2007,44, 0.210,282.33, 78.49, 33.54, 56.01,
2007,45, 0.200,280.16, 80.04, 31.82, 55.93,
2007,46, 0.188,277.97, 81.07, 32.39, 56.73,
2007,47, 0.168,275.68, 78.79, 34.86, 56.82,
2007,48, 0.144,272.84, 73.43, 39.81, 56.62,
2007,49, 0.109,269.51, 59.53, 44.59, 52.06,
2007,50, 0.087,267.69, 50.49, 42.64, 46.57,
2007,51, 0.073,266.82, 43.90, 40.51, 42.20,
2007,52, 0.065,266.73, 38.44, 38.17, 38.30,
2008, 1, 0.069,267.79, 43.19, 33.96, 38.58,
2008, 2, 0.077,269.21, 51.53, 30.18, 40.86,
2008, 3, 0.091,270.81, 61.25, 25.87, 43.56,
2008, 4, 0.107,272.69, 69.36, 22.44, 45.90,
2008, 5, 0.127,274.97, 79.00, 17.86, 48.43,
2008, 6, 0.145,277.42, 87.26, 14.21, 50.74,
2008, 7, 0.157,279.46, 89.53, 12.27, 50.90,
2008, 8, 0.165,281.99, 89.24,  9.68, 49.46,
2008, 9, 0.181,284.57, 90.19,  8.28, 49.23,
2008,10, 0.196,286.43, 90.44,  8.96, 49.70,
2008,11, 0.212,287.86, 90.23,  8.26, 49.24,
2008,12, 0.229,288.52, 89.61, 13.25, 51.43,
2008,13, 0.258,289.51, 91.54, 18.18, 54.86,
2008,14, 0.291,290.98, 93.50, 19.95, 56.72,
2008,15, 0.321,292.09, 94.28, 26.13, 60.21,
2008,16, 0.353,292.92, 94.81, 38.00, 66.40,
2008,17, 0.384,293.82, 95.26, 49.05, 72.16,
2008,18, 0.409,294.51, 94.95, 60.17, 77.56,
2008,19, 0.429,295.29, 94.88, 68.11, 81.50,
2008,20, 0.434,295.57, 92.27, 74.64, 83.46,
2008,21, 0.438,296.76, 91.36, 70.61, 80.99,
2008,22, 0.436,298.38, 90.48, 62.94, 76.71,
2008,23, 0.422,299.34, 87.34, 60.20, 73.77,
2008,24, 0.402,300.01, 81.43, 58.06, 69.74,
2008,25, 0.385,300.73, 75.10, 55.39, 65.25,
2008,26, 0.370,301.72, 69.32, 50.27, 59.79,
2008,27, 0.352,302.40, 63.25, 48.51, 55.88,
2008,28, 0.335,302.67, 58.56, 48.11, 53.34,
2008,29, 0.322,303.15, 56.04, 44.53, 50.29,
2008,30, 0.309,303.59, 53.17, 40.28, 46.72,
2008,31, 0.292,303.17, 49.09, 41.66, 45.37,
2008,32, 0.280,303.12, 48.41, 38.04, 43.22,
2008,33, 0.268,303.72, 46.91, 27.90, 37.40,
2008,34, 0.253,303.42, 43.38, 23.91, 33.65,
2008,35, 0.236,302.14, 38.61, 25.67, 32.14,
2008,36, 0.216,299.92, 34.27, 33.14, 33.70,
2008,37, 0.200,297.27, 31.81, 45.17, 38.49,
2008,38, 0.192,295.30, 34.02, 50.48, 42.25,
2008,39, 0.191,293.82, 39.70, 49.82, 44.76,
2008,40, 0.194,292.55, 48.32, 41.58, 44.95,
2008,41, 0.197,291.13, 56.02, 28.06, 42.04,
2008,42, 0.197,290.17, 62.21,  9.89, 36.05,
2008,43, 0.198,288.91, 67.66,  3.81, 35.74,
2008,44, 0.189,286.06, 69.15,  8.60, 38.88,
2008,45, 0.180,283.81, 71.23, 10.48, 40.85,
2008,46, 0.172,282.50, 73.36,  8.48, 40.92,
2008,47, 0.162,280.62, 75.20, 10.50, 42.85,
2008,48, 0.150,278.21, 75.95, 15.12, 45.53,
2008,49, 0.132,275.19, 73.68, 20.95, 47.31,
2008,50, 0.111,272.14, 66.59, 25.43, 46.01,
2008,51, 0.096,270.30, 60.79, 27.65, 44.22,
2008,52, 0.089,268.79, 56.67, 30.81, 43.74,
2009, 1, 0.082,267.16, 52.78, 35.41, 44.09,
2009, 2, 0.078,266.60, 51.84, 37.93, 44.89,
2009, 3, 0.078,267.45, 51.70, 35.85, 43.77,
2009, 4, 0.080,268.25, 51.05, 35.15, 43.10,
2009, 5, 0.084,269.18, 52.39, 34.30, 43.35,
2009, 6, 0.091,270.75, 54.81, 33.14, 43.98,
2009, 7, 0.104,273.65, 58.91, 28.57, 43.74,
2009, 8, 0.117,276.35, 62.26, 25.39, 43.82,
2009, 9, 0.130,278.45, 64.02, 25.47, 44.75,
2009,10, 0.146,280.50, 65.57, 26.11, 45.84,
2009,11, 0.167,283.31, 68.98, 22.76, 45.87,
2009,12, 0.194,287.00, 73.36, 18.44, 45.90,
2009,13, 0.228,290.31, 78.21, 14.82, 46.52,
2009,14, 0.261,292.82, 81.59, 11.28, 46.43,
2009,15, 0.296,295.27, 84.83,  8.24, 46.54,
2009,16, 0.324,297.03, 84.27,  8.20, 46.24,
2009,17, 0.347,297.74, 81.97, 15.39, 48.68,
2009,18, 0.371,298.72, 81.63, 21.81, 51.72,
2009,19, 0.393,299.76, 81.92, 25.83, 53.88,
2009,20, 0.406,300.60, 81.52, 29.13, 55.33,
2009,21, 0.410,301.45, 80.20, 30.34, 55.27,
2009,22, 0.404,302.33, 77.14, 30.28, 53.71,
2009,23, 0.388,303.40, 72.21, 27.69, 49.95,
2009,24, 0.366,304.07, 64.13, 25.70, 44.91,
2009,25, 0.342,304.41, 53.92, 25.45, 39.69,
2009,26, 0.321,304.80, 45.59, 25.63, 35.61,
2009,27, 0.303,305.19, 39.70, 26.89, 33.29,
2009,28, 0.285,305.33, 35.27, 27.93, 31.60,
2009,29, 0.270,305.26, 31.87, 28.39, 30.13,
2009,30, 0.258,305.15, 29.87, 28.09, 28.98,
2009,31, 0.250,305.39, 29.35, 24.34, 26.84,
2009,32, 0.241,305.34, 29.06, 20.53, 24.79,
2009,33, 0.232,305.01, 28.58, 17.76, 23.17,
2009,34, 0.225,304.36, 28.44, 16.34, 22.39,
2009,35, 0.219,303.47, 29.57, 14.16, 21.87,
2009,36, 0.213,302.24, 32.79, 11.78, 22.28,
2009,37, 0.206,300.55, 35.37, 13.85, 24.61,
2009,38, 0.198,298.31, 37.20, 20.56, 28.88,
2009,39, 0.191,296.43, 39.99, 21.89, 30.94,
2009,40, 0.187,294.66, 44.74, 18.58, 31.66,
2009,41, 0.181,292.35, 47.91, 16.14, 32.03,
2009,42, 0.172,289.40, 49.63, 18.64, 34.14,
2009,43, 0.163,286.74, 50.92, 21.98, 36.45,
2009,44, 0.155,284.18, 52.88, 21.83, 37.35,
2009,45, 0.145,281.56, 53.35, 24.05, 38.70,
2009,46, 0.135,279.51, 53.64, 24.48, 39.06,
2009,47, 0.120,276.59, 51.55, 30.44, 40.99,
2009,48, 0.106,272.10, 48.86, 43.18, 46.02,
2009,49, 0.088,266.72, 43.87, 55.86, 49.86,
2009,50, 0.073,261.16, 39.07, 67.06, 53.06,
2009,51, 0.061,256.14, 33.38, 78.06, 55.72,
2009,52, 0.054,252.83, 29.03, 83.04, 56.03,
2010, 1, 0.045,253.32, 24.30, 78.41, 51.35,
2010, 2, 0.044,253.83, 26.41, 77.21, 51.81,
2010, 3, 0.039,253.12, 24.58, 77.87, 51.23,
2010, 4, 0.038,252.93, 23.59, 77.50, 50.55,
2010, 5, 0.043,254.41, 26.59, 74.44, 50.52,
2010, 6, 0.053,257.35, 31.48, 69.47, 50.47,
2010, 7, 0.068,261.80, 37.98, 61.00, 49.49,
2010, 8, 0.085,266.27, 44.45, 53.18, 48.82,
2010, 9, 0.106,271.65, 51.15, 44.58, 47.87,
2010,10, 0.131,277.00, 57.57, 36.44, 47.01,
2010,11, 0.158,281.97, 64.06, 27.39, 45.72,
2010,12, 0.182,285.53, 67.86, 24.05, 45.96,
2010,13, 0.207,288.80, 69.09, 21.08, 45.09,
2010,14, 0.237,292.45, 71.76, 13.37, 42.56,
2010,15, 0.270,294.64, 75.37, 12.20, 43.78,
2010,16, 0.306,295.42, 77.65, 20.01, 48.83,
2010,17, 0.337,296.26, 78.38, 28.27, 53.32,
2010,18, 0.361,297.22, 77.66, 35.72, 56.69,
2010,19, 0.378,297.38, 76.06, 48.44, 62.25,
2010,20, 0.391,297.48, 75.85, 57.39, 66.62,
2010,21, 0.401,297.75, 76.30, 62.04, 69.17,
2010,22, 0.405,298.18, 77.03, 64.51, 70.77,
2010,23, 0.404,298.57, 78.88, 66.08, 72.48,
2010,24, 0.397,298.80, 78.31, 67.50, 72.90,
2010,25, 0.389,299.20, 76.27, 67.89, 72.08,
2010,26, 0.382,299.58, 74.71, 67.70, 71.20,
2010,27, 0.382,300.12, 76.97, 66.60, 71.78,
2010,28, 0.381,300.57, 79.64, 64.18, 71.91,
2010,29, 0.380,301.30, 81.89, 58.49, 70.19,
2010,30, 0.376,302.25, 83.11, 50.01, 66.56,
2010,31, 0.363,302.76, 81.83, 43.94, 62.88,
2010,32, 0.342,302.75, 78.38, 40.02, 59.20,
2010,33, 0.324,302.36, 75.02, 38.27, 56.64,
2010,34, 0.309,301.41, 73.07, 40.62, 56.84,
2010,35, 0.297,300.00, 73.08, 44.83, 58.95,
2010,36, 0.285,298.28, 73.24, 48.87, 61.06,
2010,37, 0.273,296.63, 73.52, 51.68, 62.60,
2010,38, 0.261,295.07, 73.07, 53.41, 63.24,
2010,39, 0.251,293.43, 73.21, 54.79, 64.00,
2010,40, 0.242,291.15, 73.13, 57.97, 65.55,
2010,41, 0.231,289.08, 72.87, 50.06, 61.46,
2010,42, 0.221,287.52, 73.12, 35.61, 54.36,
2010,43, 0.215,286.48, 75.06, 23.04, 49.05,
2010,44, 0.206,284.88, 76.20, 16.53, 46.37,
2010,45, 0.196,283.34, 77.42, 13.58, 45.50,
2010,46, 0.183,281.66, 77.32, 13.28, 45.30,
2010,47, 0.170,278.71, 77.07, 20.04, 48.56,
2010,48, 0.156,276.08, 76.61, 25.06, 50.83,
2010,49, 0.135,272.80, 72.52, 30.93, 51.73,
2010,50, 0.113,269.61, 65.99, 35.24, 50.61,
2010,51, 0.094,267.49, 57.20, 38.05, 47.62,
2010,52, 0.081,265.76, 48.76, 41.20, 44.98,
2011, 1, 0.067,264.21, 39.64, 45.19, 42.42,
2011, 2, 0.057,263.78, 34.97, 47.21, 41.09,
2011, 3, 0.056,264.78, 35.68, 44.14, 39.91,
2011, 4, 0.062,266.38, 38.83, 40.53, 39.68,
2011, 5, 0.070,267.99, 43.02, 37.58, 40.30,
2011, 6, 0.079,270.06, 47.23, 34.95, 41.09,
2011, 7, 0.096,273.12, 54.15, 30.04, 42.10,
2011, 8, 0.113,275.52, 60.23, 27.79, 44.01,
2011, 9, 0.128,279.03, 63.23, 23.86, 43.54,
2011,10, 0.143,283.03, 63.95, 18.85, 41.40,
2011,11, 0.154,285.77, 62.98, 15.00, 38.99,
2011,12, 0.172,288.48, 63.86, 13.35, 38.61,
2011,13, 0.193,290.50, 63.88, 14.27, 39.07,
2011,14, 0.214,291.82, 62.61, 16.16, 39.39,
2011,15, 0.241,293.40, 64.62, 19.02, 41.82,
2011,16, 0.277,294.89, 67.33, 23.90, 45.61,
2011,17, 0.310,296.09, 68.79, 29.74, 49.27,
2011,18, 0.341,297.25, 70.60, 35.49, 53.05,
2011,19, 0.368,298.20, 72.56, 40.80, 56.68,
2011,20, 0.390,298.83, 75.49, 45.15, 60.32,
2011,21, 0.406,299.46, 78.30, 47.30, 62.80,
2011,22, 0.414,300.58, 80.94, 44.63, 62.78,
2011,23, 0.412,301.56, 82.51, 42.21, 62.36,
2011,24, 0.398,301.50, 79.25, 45.81, 62.53,
2011,25, 0.386,301.31, 75.11, 50.30, 62.71,
2011,26, 0.378,301.53, 73.26, 51.53, 62.39,
2011,27, 0.372,301.84, 72.92, 52.74, 62.83,
2011,28, 0.368,302.15, 73.90, 51.94, 62.92,
2011,29, 0.363,302.39, 74.42, 50.28, 62.35,
2011,30, 0.356,302.54, 74.65, 48.27, 61.46,
2011,31, 0.348,302.84, 75.47, 44.19, 59.83,
2011,32, 0.335,302.77, 75.55, 40.74, 58.15,
2011,33, 0.321,302.68, 73.98, 36.38, 55.18,
2011,34, 0.307,302.77, 72.47, 29.58, 51.03,
2011,35, 0.291,302.65, 69.54, 21.14, 45.34,
2011,36, 0.270,302.20, 64.77, 11.65, 38.21,
2011,37, 0.249,301.13, 59.27,  7.83, 33.55,
2011,38, 0.233,299.65, 56.34,  6.91, 31.62,
2011,39, 0.216,297.75, 53.82,  7.41, 30.62,
2011,40, 0.199,295.42, 50.08,  9.95, 30.02,
2011,41, 0.182,292.84, 47.89, 10.60, 29.25,
2011,42, 0.165,290.12, 46.44, 11.15, 28.79,
2011,43, 0.149,287.66, 44.81, 14.35, 29.58,
2011,44, 0.137,285.76, 44.69, 11.12, 27.91,
2011,45, 0.124,283.78, 44.11, 10.99, 27.55,
2011,46, 0.111,281.57, 43.02, 13.65, 28.33,
2011,47, 0.098,279.10, 41.43, 18.32, 29.88,
2011,48, 0.087,276.90, 40.16, 21.68, 30.92,
2011,49, 0.076,274.30, 38.90, 25.35, 32.13,
2011,50, 0.067,271.73, 36.73, 27.65, 32.19,
2011,51, 0.061,269.14, 34.77, 32.48, 33.62,
2011,52, 0.056,266.70, 31.58, 38.40, 34.99,
2012, 1, 0.051,264.64, 29.30, 43.50, 36.40,
2012, 2, 0.048,263.32, 30.21, 48.24, 39.23,
2012, 3, 0.046,262.10, 29.91, 51.88, 40.89,
2012, 4, 0.043,261.56, 27.48, 54.25, 40.86,
2012, 5, 0.042,261.85, 26.26, 54.90, 40.58,
2012, 6, 0.042,262.56, 24.83, 56.18, 40.50,
2012, 7, 0.043,263.85, 23.36, 56.15, 39.76,
2012, 8, 0.049,266.39, 24.72, 53.50, 39.11,
2012, 9, 0.056,269.88, 25.49, 50.07, 37.78,
2012,10, 0.065,274.02, 25.69, 45.28, 35.48,
2012,11, 0.081,278.79, 28.57, 37.50, 33.04,
2012,12, 0.099,283.49, 31.38, 31.29, 31.33,
2012,13, 0.120,287.39, 33.07, 26.58, 29.82,
2012,14, 0.144,290.61, 35.71, 21.65, 28.68,
2012,15, 0.175,293.49, 41.55, 18.22, 29.89,
2012,16, 0.214,296.16, 45.85, 15.09, 30.47,
2012,17, 0.254,298.14, 49.82, 14.10, 31.96,
2012,18, 0.289,299.40, 52.25, 17.67, 34.96,
2012,19, 0.315,300.10, 52.85, 23.72, 38.28,
2012,20, 0.333,300.17, 53.32, 33.33, 43.33,
2012,21, 0.345,299.99, 53.67, 42.99, 48.33,
2012,22, 0.362,302.50, 58.63, 29.65, 44.14,
2012,23, 0.367,303.51, 61.73, 28.00, 44.86,
2012,24, 0.366,304.39, 62.69, 24.60, 43.65,
2012,25, 0.359,305.32, 61.29, 19.97, 40.63,
2012,26, 0.349,306.01, 58.34, 18.01, 38.18,
2012,27, 0.326,306.47, 50.49, 18.56, 34.53,
2012,28, 0.313,306.92, 48.04, 17.56, 32.80,
2012,29, 0.300,307.31, 45.01, 14.92, 29.97,
2012,30, 0.286,307.57, 42.03, 12.43, 27.23,
2012,31, 0.270,307.32, 38.18, 12.00, 25.09,
2012,32, 0.255,306.73, 35.78, 11.83, 23.80,
2012,33, 0.244,305.94, 34.30, 11.94, 23.12,
2012,34, 0.236,305.13, 34.21, 11.44, 22.83,
2012,35, 0.232,304.21, 36.77,  9.99, 23.38,
2012,36, 0.227,303.46, 40.57,  6.09, 23.33,
2012,37, 0.218,302.48, 42.17,  4.14, 23.16,
2012,38, 0.210,301.16, 44.00,  2.96, 23.48,
2012,39, 0.201,299.33, 45.65,  2.83, 24.24,
2012,40, 0.193,297.30, 47.26,  2.66, 24.96,
2012,41, 0.191,295.36, 52.22,  1.32, 26.77,
2012,42, 0.190,292.82, 57.27,  0.76, 29.01,
2012,43, 0.184,289.73, 59.87,  2.78, 31.33,
2012,44, 0.176,286.47, 61.28,  7.37, 34.33,
2012,45, 0.167,283.63, 62.75, 12.04, 37.40,
2012,46, 0.160,281.31, 64.87, 15.15, 40.01,
2012,47, 0.149,278.16, 65.49, 22.88, 44.19,
2012,48, 0.138,274.74, 65.49, 31.21, 48.35,
2012,49, 0.125,271.80, 64.46, 34.92, 49.69,
2012,50, 0.112,268.39, 61.83, 39.40, 50.62,
2012,51, 0.101,265.93, 57.99, 42.75, 50.37,
2012,52, 0.091,264.95, 52.49, 42.94, 47.71,
2013, 1, 0.084,263.41, 48.79, 46.79, 47.79,
2013, 2, 0.083,264.78, 51.49, 43.32, 47.40,
2013, 3, 0.082,265.55, 51.73, 41.48, 46.60,
2013, 4, 0.083,265.78, 50.94, 42.20, 46.56,
2013, 5, 0.086,266.77, 51.82, 40.98, 46.39,
2013, 6, 0.096,268.99, 55.78, 37.80, 46.78,
2013, 7, 0.112,272.61, 61.85, 31.20, 46.51,
2013, 8, 0.134,275.84, 69.07, 26.62, 47.81,
2013, 9, 0.164,279.23, 76.68, 23.19, 49.90,
2013,10, 0.190,282.72, 80.38, 19.63, 49.98,
2013,11, 0.203,284.75, 78.03, 18.21, 48.09,
2013,12, 0.224,287.34, 77.48, 17.43, 47.44,
2013,13, 0.243,289.62, 75.74, 17.67, 46.69,
2013,14, 0.264,291.97, 74.65, 15.65, 45.14,
2013,15, 0.290,294.38, 75.69, 14.41, 45.04,
2013,16, 0.323,296.50, 76.84, 14.69, 45.77,
2013,17, 0.358,298.12, 78.26, 16.66, 47.46,
2013,18, 0.384,299.15, 79.30, 21.22, 50.27,
2013,19, 0.400,299.80, 78.80, 26.38, 52.59,
2013,20, 0.408,299.93, 78.03, 33.99, 56.01,
2013,21, 0.410,299.34, 77.19, 46.50, 61.85,
2013,22, 0.406,299.38, 75.96, 53.35, 64.66,
2013,23, 0.402,299.85, 76.36, 55.31, 65.84,
2013,24, 0.395,300.07, 76.12, 57.16, 66.64,
2013,25, 0.387,300.38, 74.11, 58.43, 66.28,
2013,26, 0.377,300.84, 71.59, 57.90, 64.75,
2013,27, 0.368,301.17, 70.01, 58.65, 64.34,
2013,28, 0.357,301.30, 68.29, 59.09, 63.71,
2013,29, 0.345,301.57, 66.28, 57.35, 61.83,
2013,30, 0.332,302.02, 63.50, 53.49, 58.51,
2013,31, 0.315,302.41, 60.18, 48.99, 54.59,
2013,32, 0.297,302.74, 56.82, 43.51, 50.17,
2013,33, 0.276,301.95, 51.12, 45.82, 48.47,
2013,34, 0.254,300.47, 44.57, 53.75, 49.15,
2013,35, 0.233,297.98, 38.55, 67.19, 52.87,
2013,36, 0.213,295.35, 34.78, 77.94, 56.37,
2013,37, 0.198,293.31, 33.45, 82.66, 58.06,
2013,38, 0.187,291.69, 33.65, 85.46, 59.56,
2013,39, 0.177,290.35, 34.66, 86.37, 60.51,
2013,40, 0.171,289.04, 37.02, 81.67, 59.36,
2013,41, 0.167,287.43, 41.52, 70.83, 56.20,
2013,42, 0.168,285.93, 48.10, 55.22, 51.67,
2013,43, 0.165,284.80, 52.07, 37.10, 44.57,
2013,44, 0.165,283.82, 56.99, 23.86, 40.42,
2013,45, 0.176,282.60, 67.37, 18.43, 42.89,
2013,46, 0.174,280.04, 71.53, 21.09, 46.30,
2013,47, 0.174,277.77, 76.72, 23.25, 50.00,
2013,48, 0.170,275.86, 80.83, 24.44, 52.64,
2013,49, 0.167,274.24, 83.56, 23.72, 53.64,
2013,50, 0.158,273.17, 84.04, 20.90, 52.46,
2013,51, 0.143,272.22, 81.53, 20.64, 51.08,
2013,52, 0.129,271.01, 76.76, 23.78, 50.26,
2014, 1, 0.112,269.30, 69.21, 28.86, 49.03,
2014, 2, 0.095,267.06, 60.54, 36.67, 48.60,
2014, 3, 0.081,264.89, 51.79, 43.71, 47.74,
2014, 4, 0.075,263.80, 46.33, 47.90, 47.11,
2014, 5, 0.074,264.36, 44.55, 47.70, 46.12,
2014, 6, 0.081,266.65, 47.10, 44.37, 45.73,
2014, 7, 0.096,270.39, 52.77, 37.60, 45.17,
2014, 8, 0.123,275.08, 63.06, 28.97, 45.98,
2014, 9, 0.156,279.33, 73.03, 23.12, 48.04,
2014,10, 0.189,283.15, 80.13, 18.52, 49.30,
2014,11, 0.212,286.14, 81.58, 13.87, 47.70,
2014,12, 0.240,288.90, 83.83, 12.20, 48.00,
2014,13, 0.265,290.92, 84.08, 13.05, 48.54,
2014,14, 0.291,292.47, 83.98, 13.85, 48.90,
2014,15, 0.316,293.71, 83.98, 18.26, 51.12,
2014,16, 0.344,294.84, 83.07, 26.39, 54.73,
2014,17, 0.370,295.83, 81.79, 35.12, 58.46,
2014,18, 0.389,296.56, 80.20, 43.32, 61.77,
2014,19, 0.402,297.35, 79.03, 48.05, 63.55,
2014,20, 0.407,297.57, 77.00, 54.36, 65.68,
2014,21, 0.406,297.86, 75.20, 58.55, 66.88,
2014,22, 0.400,298.34, 72.81, 61.40, 67.10,
2014,23, 0.394,299.06, 72.25, 61.45, 66.85,
2014,24, 0.382,299.71, 69.87, 60.14, 65.01,
2014,25, 0.369,300.28, 65.39, 59.25, 62.32,
2014,26, 0.354,300.91, 60.66, 57.27, 58.97,
2014,27, 0.342,301.60, 57.82, 55.33, 56.58,
2014,28, 0.330,302.32, 55.94, 51.32, 53.65,
2014,29, 0.317,303.17, 53.35, 45.27, 49.32,
2014,30, 0.303,304.03, 50.34, 38.35, 44.35,
2014,31, 0.287,304.60, 46.99, 32.64, 39.82,
2014,32, 0.272,305.00, 44.79, 26.89, 35.83,
2014,33, 0.257,305.01, 41.53, 23.33, 32.42,
2014,34, 0.241,304.81, 37.46, 21.42, 29.42,
2014,35, 0.225,304.09, 34.28, 20.09, 27.16,
2014,36, 0.210,302.73, 32.72, 20.44, 26.57,
2014,37, 0.197,301.22, 32.19, 19.14, 25.66,
2014,38, 0.185,299.47, 31.75, 19.02, 25.39,
2014,39, 0.171,297.09, 30.81, 23.72, 27.24,
2014,40, 0.160,294.26, 30.68, 31.01, 30.83,
2014,41, 0.149,291.36, 31.85, 35.50, 33.67,
2014,42, 0.137,288.17, 32.72, 36.99, 34.85,
2014,43, 0.124,285.10, 32.58, 34.89, 33.73,
2014,44, 0.112,281.47, 32.10, 38.46, 35.28,
2014,45, 0.105,276.90, 33.22, 49.40, 41.32,
2014,46, 0.091,272.58, 30.74, 57.78, 44.26,
2014,47, 0.080,269.30, 29.03, 62.08, 45.58,
2014,48, 0.073,267.28, 29.44, 61.37, 45.42,
2014,49, 0.070,265.37, 30.33, 58.85, 44.61,
2014,50, 0.068,264.50, 31.35, 53.10, 42.22,
2014,51, 0.064,264.34, 31.81, 48.47, 40.14,
2014,52, 0.059,263.32, 30.62, 48.93, 39.77,
2015, 1, 0.056,262.98, 31.46, 48.50, 39.98,
2015, 2, 0.056,263.70, 34.68, 46.90, 40.78,
2015, 3, 0.058,265.07, 37.52, 42.86, 40.18,
2015, 4, 0.068,267.02, 42.51, 38.45, 40.47,
2015, 5, 0.079,269.40, 47.97, 33.33, 40.64,
2015, 6, 0.090,272.10, 53.37, 28.95, 41.15,
2015, 7, 0.103,275.02, 57.32, 24.55, 40.91,
2015, 8, 0.119,278.18, 61.75, 20.21, 40.95,
2015, 9, 0.138,281.35, 64.73, 17.30, 40.98,
2015,10, 0.157,284.42, 65.80, 14.80, 40.28,
2015,11, 0.169,286.28, 63.97, 13.46, 38.68,
2015,12, 0.188,288.03, 63.30, 15.36, 39.32,
2015,13, 0.207,289.59, 62.17, 18.43, 40.28,
2015,14, 0.230,291.24, 62.40, 19.73, 41.05,
2015,15, 0.255,292.85, 63.80, 23.19, 43.49,
2015,16, 0.284,294.44, 63.89, 29.22, 46.55,
2015,17, 0.318,296.04, 65.16, 33.33, 49.25,
2015,18, 0.347,297.20, 67.01, 37.89, 52.45,
2015,19, 0.370,297.80, 68.53, 44.17, 56.36,
2015,20, 0.388,298.57, 70.73, 45.93, 58.33,
2015,21, 0.400,299.70, 73.41, 43.62, 58.52,
2015,22, 0.404,300.72, 74.74, 42.49, 58.62,
2015,23, 0.402,301.51, 75.80, 42.36, 59.08,
2015,24, 0.390,301.82, 73.13, 43.66, 58.40,
2015,25, 0.373,302.10, 67.11, 44.73, 55.92,
2015,26, 0.357,302.74, 61.65, 43.00, 52.33,
2015,27, 0.344,303.32, 58.53, 42.18, 50.36,
2015,28, 0.332,304.10, 56.42, 38.01, 47.23,
2015,29, 0.320,304.96, 54.31, 31.82, 43.07,
2015,30, 0.306,305.67, 51.60, 25.97, 38.78,
2015,31, 0.290,306.15, 48.37, 20.80, 34.58,
2015,32, 0.272,306.42, 44.46, 15.85, 30.15,
2015,33, 0.253,306.40, 39.37, 12.56, 25.95,
2015,34, 0.236,306.22, 34.37, 10.25, 22.29,
2015,35, 0.218,305.33, 30.20,  9.90, 20.04,
2015,36, 0.203,304.18, 28.48,  8.35, 18.41,
2015,37, 0.189,302.30, 27.57,  9.78, 18.68,
2015,38, 0.176,300.01, 26.50, 13.95, 20.22,
2015,39, 0.163,297.60, 25.98, 18.58, 22.26,
2015,40, 0.153,294.85, 26.93, 24.86, 25.88,
2015,41, 0.143,291.99, 28.91, 29.30, 29.10,
2015,42, 0.136,289.60, 32.24, 25.19, 28.70,
2015,43, 0.129,287.86, 35.19, 15.23, 25.19,
2015,44, 0.125,286.40, 38.35,  8.04, 23.19,
2015,45, 0.127,284.90, 44.32,  5.93, 25.13,
2015,46, 0.125,282.65, 47.38,  8.32, 27.85,
2015,47, 0.122,280.14, 50.42, 12.45, 31.45,
2015,48, 0.120,277.66, 53.51, 16.69, 35.11,
2015,49, 0.120,275.63, 57.00, 18.16, 37.59,
2015,50, 0.117,273.87, 59.13, 18.29, 38.71,
2015,51, 0.110,272.26, 59.79, 20.50, 40.14,
2015,52, 0.104,269.84, 59.17, 27.48, 43.31,
2016, 1, 0.096,267.21, 57.61, 35.16, 46.38,
2016, 2, 0.087,265.45, 54.64, 41.37, 48.00,
2016, 3, 0.081,265.10, 51.41, 42.76, 47.08,
2016, 4, 0.082,265.99, 50.71, 41.33, 46.02,
2016, 5, 0.086,268.17, 52.36, 36.74, 44.55,
2016, 6, 0.098,271.76, 57.39, 29.76, 43.57,
2016, 7, 0.113,276.02, 62.74, 21.50, 42.10,
2016, 8, 0.131,279.46, 67.17, 16.35, 41.73,
2016, 9, 0.147,281.92, 68.60, 15.41, 41.97,
2016,10, 0.161,283.37, 66.99, 17.62, 42.29,
2016,11, 0.203,286.42, 77.86, 12.81, 45.31,
2016,12, 0.229,288.44, 78.89, 13.65, 46.26,
2016,13, 0.255,290.23, 79.71, 15.73, 47.69,
2016,14, 0.283,291.68, 80.88, 17.54, 49.20,
2016,15, 0.312,292.85, 82.11, 23.05, 52.57,
2016,16, 0.343,293.63, 82.81, 34.90, 58.86,
2016,17, 0.374,294.02, 83.14, 49.65, 66.40,
2016,18, 0.396,294.21, 82.89, 63.43, 73.17,
2016,19, 0.410,294.48, 82.18, 73.71, 77.96,
2016,20, 0.418,294.72, 81.86, 79.50, 80.68,
2016,21, 0.423,294.87, 82.27, 83.86, 83.06,
2016,22, 0.424,295.41, 82.93, 85.28, 84.10,
2016,23, 0.422,296.20, 84.91, 84.06, 84.48,
2016,24, 0.412,297.03, 83.76, 81.19, 82.48,
2016,25, 0.399,298.16, 79.89, 76.23, 78.05,
2016,26, 0.386,299.27, 75.67, 70.27, 72.97,
2016,27, 0.373,300.40, 72.16, 64.42, 68.30,
2016,28, 0.357,301.45, 68.11, 57.84, 63.00,
2016,29, 0.341,302.41, 64.45, 51.03, 57.76,
2016,30, 0.324,303.21, 60.24, 44.59, 52.43,
2016,31, 0.305,303.76, 55.72, 39.02, 47.37,
2016,32, 0.287,304.08, 52.05, 33.61, 42.84,
2016,33, 0.269,304.15, 47.90, 29.50, 38.70,
2016,34, 0.251,304.04, 43.30, 26.75, 35.02,
2016,35, 0.234,303.40, 39.31, 24.88, 32.10,
2016,36, 0.217,302.08, 36.48, 24.84, 30.66,
2016,37, 0.202,300.15, 34.49, 27.46, 30.97,
2016,38, 0.189,297.63, 34.03, 34.75, 34.39,
2016,39, 0.176,294.53, 33.27, 47.47, 40.35,
2016,40, 0.164,291.26, 33.07, 59.93, 46.50,
2016,41, 0.155,287.84, 35.07, 67.08, 51.10,
2016,42, 0.148,284.29, 37.94, 68.78, 53.37,
2016,43, 0.137,281.35, 38.70, 62.17, 50.44,
2016,44, 0.128,278.71, 39.90, 55.75, 47.84,
2016,45, 0.127,276.26, 44.07, 53.16, 48.64,
2016,46, 0.125,274.37, 47.42, 49.43, 48.44,
2016,47, 0.122,272.17, 50.12, 49.47, 49.83,
2016,48, 0.119,270.09, 52.52, 49.72, 51.15,
2016,49, 0.117,268.78, 55.19, 45.65, 50.43,
2016,50, 0.113,267.86, 56.64, 40.82, 48.73,
2016,51, 0.106,267.39, 57.02, 37.78, 47.40,
2016,52, 0.097,266.50, 54.89, 38.45, 46.66,
2017, 1, 0.088,266.44, 52.94, 37.60, 45.27,
2017, 2, 0.082,266.77, 51.94, 37.23, 44.58,
2017, 3, 0.078,267.05, 49.86, 36.83, 43.34,
2017, 4, 0.076,266.85, 47.54, 38.97, 43.25,
2017, 5, 0.077,267.78, 46.60, 37.97, 42.28,
2017, 6, 0.083,270.07, 48.34, 34.67, 41.49,
2017, 7, 0.093,273.46, 51.06, 28.82, 39.92,
2017, 8, 0.108,276.81, 55.04, 23.93, 39.45,
2017, 9, 0.126,279.93, 58.38, 21.16, 39.73,
2017,10, 0.146,283.33, 60.53, 17.71, 39.10,
2017,11, 0.165,286.52, 61.71, 12.42, 37.04,
2017,12, 0.193,289.40, 65.15, 10.13, 37.63,
2017,13, 0.224,291.36, 68.45, 11.18, 39.79,
2017,14, 0.253,292.75, 70.24, 12.59, 41.40,
2017,15, 0.283,293.87, 72.64, 17.54, 45.08,
2017,16, 0.317,294.86, 74.36, 26.45, 50.40,
2017,17, 0.348,295.08, 75.10, 41.40, 58.26,
2017,18, 0.376,295.43, 76.57, 53.21, 64.90,
2017,19, 0.399,296.25, 78.75, 58.33, 68.55,
2017,20, 0.416,297.00, 81.09, 60.13, 70.61,
2017,21, 0.426,297.48, 83.47, 62.60, 73.03,
2017,22, 0.427,297.71, 84.38, 67.30, 75.84,
2017,23, 0.425,298.52, 85.70, 66.46, 76.08,
2017,24, 0.415,299.76, 84.90, 60.58, 72.74,
2017,25, 0.399,300.11, 79.75, 61.52, 70.63,
2017,26, 0.382,300.48, 74.10, 61.49, 67.79,
2017,27, 0.368,300.97, 69.96, 60.70, 65.33,
2017,28, 0.353,301.31, 66.59, 59.25, 62.93,
2017,29, 0.339,301.80, 63.58, 55.67, 59.63,
2017,30, 0.325,302.44, 60.23, 50.17, 55.20,
2017,31, 0.308,303.12, 56.71, 43.46, 50.09,
2017,32, 0.290,303.59, 53.62, 37.04, 45.34,
2017,33, 0.273,303.58, 49.46, 33.59, 41.53,
2017,34, 0.255,303.36, 45.27, 31.88, 38.58,
2017,35, 0.240,303.05, 42.57, 27.65, 35.12,
2017,36, 0.224,301.91, 40.46, 26.22, 33.34,
2017,37, 0.210,299.94, 39.21, 28.79, 34.00,
2017,38, 0.196,297.78, 38.11, 32.91, 35.50,
2017,39, 0.184,295.33, 37.59, 39.62, 38.59,
2017,40, 0.175,292.72, 38.83, 46.04, 42.44,
2017,41, 0.167,289.57, 41.03, 52.40, 46.73,
2017,42, 0.161,286.31, 44.44, 53.56, 49.01,
2017,43, 0.155,283.50, 47.34, 47.75, 47.55,
2017,44, 0.147,280.88, 48.84, 42.86, 45.87,
2017,45, 0.152,278.63, 55.69, 40.68, 48.22,
2017,46, 0.151,276.89, 60.06, 37.30, 48.69,
2017,47, 0.151,275.44, 64.65, 34.50, 49.59,
2017,48, 0.148,274.18, 68.47, 31.89, 50.20,
2017,49, 0.147,273.01, 71.52, 28.51, 50.04,
2017,50, 0.142,272.29, 73.70, 23.95, 48.84,
2017,51, 0.137,272.60, 77.26, 18.95, 48.11,
2017,52, 0.130,272.59, 78.43, 20.99, 49.71,
2018, 1, 0.125,271.48, 79.52, 21.65, 50.58,
2018, 2, 0.116,269.47, 77.08, 26.38, 51.73,
2018, 3, 0.108,268.25, 70.29, 33.89, 52.08,
2018, 4, 0.105,267.51, 63.71, 39.50, 51.60,
2018, 5, 0.097,266.09, 60.13, 40.41, 50.27,
2018, 6, 0.096,266.63, 55.90, 45.29, 50.59,
2018, 7, 0.102,269.01, 53.86, 45.65, 49.74,
2018, 8, 0.111,270.98, 56.57, 41.02, 48.77,
2018, 9, 0.124,273.02, 58.05, 40.91, 49.45,
2018,10, 0.139,275.45, 59.14, 40.38, 49.74,
2018,11, 0.161,278.09, 59.59, 39.64, 49.59,
2018,12, 0.196,282.43, 65.38, 35.41, 50.39,
2018,13, 0.231,286.22, 70.83, 30.52, 50.66,
2018,14, 0.270,290.03, 76.33, 25.43, 50.88,
2018,15, 0.305,292.87, 80.82, 23.23, 52.02,
2018,16, 0.340,295.23, 82.60, 23.79, 53.20,
2018,17, 0.372,296.78, 83.05, 27.15, 55.10,
2018,18, 0.395,297.98, 83.18, 31.02, 57.10,
2018,19, 0.408,298.56, 81.95, 37.41, 59.69,
2018,20, 0.413,299.18, 80.47, 40.70, 60.58,
2018,21, 0.415,299.74, 79.22, 43.30, 61.26,
2018,22, 0.408,300.45, 76.57, 44.69, 60.63,
2018,23, 0.395,300.92, 72.99, 47.01, 60.00,
2018,24, 0.378,300.79, 67.98, 51.74, 59.86,
2018,25, 0.364,300.71, 62.96, 55.85, 59.40,
2018,26, 0.352,301.07, 59.77, 55.94, 57.86,
2018,27, 0.341,301.09, 57.41, 59.24, 58.33,
2018,28, 0.330,301.19, 56.40, 59.92, 58.18,
2018,29, 0.322,301.71, 55.90, 56.31, 56.12,
2018,30, 0.312,302.45, 54.88, 50.28, 52.59,
2018,31, 0.301,303.18, 53.94, 43.20, 48.58,
2018,32, 0.289,304.14, 53.71, 33.10, 43.42,
2018,33, 0.276,304.66, 51.77, 25.70, 38.74,
2018,34, 0.261,304.63, 48.61, 22.41, 35.51,
2018,35, 0.247,304.19, 46.96, 18.78, 32.88,
2018,36, 0.236,302.99, 47.47, 17.70, 32.59,
2018,37, 0.226,300.81, 48.41, 21.80, 35.12,
2018,38, 0.218,298.52, 50.12, 26.68, 38.40,
2018,39, 0.211,297.01, 52.46, 23.96, 38.20,
2018,40, 0.202,295.26, 53.28, 21.11, 37.19,
2018,41, 0.191,292.90, 53.28, 21.85, 37.57,
2018,42, 0.180,290.35, 53.76, 19.91, 36.84,
2018,43, 0.167,287.56, 53.04, 17.57, 35.32,
2018,44, 0.156,284.54, 52.76, 19.44, 36.12,
2018,45, 0.149,280.62, 54.56, 29.17, 41.90,
2018,46, 0.137,276.69, 53.31, 37.91, 45.63,
2018,47, 0.124,273.03, 51.07, 45.56, 48.35,
2018,48, 0.110,269.47, 47.66, 52.53, 50.14,
2018,49, 0.101,266.67, 45.40, 53.99, 49.72,
2018,50, 0.093,264.41, 43.77, 53.49, 48.65,
2018,51, 0.086,263.20, 43.64, 52.18, 47.91,
2018,52, 0.081,262.23, 43.03, 51.90, 47.46,
2019, 1, 0.076,262.11, 43.75, 50.62, 47.19,
2019, 2, 0.073,262.65, 45.37, 49.71, 47.54,
2019, 3, 0.073,263.36, 45.82, 47.82, 46.82,
2019, 4, 0.077,264.89, 47.50, 44.44, 45.97,
2019, 5, 0.085,267.78, 51.33, 37.78, 44.55,
2019, 6, 0.099,271.56, 58.10, 30.15, 44.12,
2019, 7, 0.118,276.33, 65.63, 20.38, 42.99,
2019, 8, 0.139,280.40, 72.15, 13.40, 42.75,
2019, 9, 0.160,283.24, 75.50, 11.31, 43.38,
2019,10, 0.181,286.15, 76.75,  9.12, 42.92,
2019,11, 0.198,288.50, 76.28,  5.62, 40.93,
2019,12, 0.220,290.69, 76.54,  5.01, 40.77,
2019,13, 0.239,292.24, 74.95,  6.99, 40.95,
2019,14, 0.262,293.45, 74.33,  8.48, 41.40,
2019,15, 0.286,294.65, 74.57, 12.13, 43.34,
2019,16, 0.311,295.37, 73.37, 21.75, 47.55,
2019,17, 0.338,295.81, 72.29, 34.36, 53.33,
2019,18, 0.361,296.59, 72.33, 42.20, 57.27,
2019,19, 0.379,297.38, 72.50, 47.19, 59.86,
2019,20, 0.391,298.00, 72.84, 50.34, 61.59,
2019,21, 0.397,298.65, 73.02, 51.89, 62.45,
2019,22, 0.392,299.12, 71.08, 54.86, 62.97,
2019,23, 0.383,299.77, 68.72, 55.32, 62.02,
2019,24, 0.370,300.86, 64.83, 50.15, 57.49,
2019,25, 0.353,301.49, 58.14, 48.57, 53.35,
2019,26, 0.336,302.14, 52.33, 46.74, 49.55,
2019,27, 0.322,302.63, 48.71, 46.81, 47.78,
2019,28, 0.311,303.05, 47.24, 45.66, 46.48,
2019,29, 0.302,303.36, 46.70, 43.94, 45.34,
2019,30, 0.284,303.64, 41.86, 41.51, 41.70,
2019,31, 0.274,304.44, 41.07, 33.94, 37.51,
2019,32, 0.264,305.12, 40.89, 25.90, 33.40,
2019,33, 0.252,305.42, 39.34, 20.05, 29.71,
2019,34, 0.240,305.63, 37.05, 14.74, 25.90,
2019,35, 0.226,305.02, 35.11, 12.28, 23.71,
2019,36, 0.213,303.91, 34.68, 10.44, 22.58,
2019,37, 0.201,302.32, 34.37,  9.58, 21.98,
2019,38, 0.189,300.02, 34.22, 13.83, 24.03,
2019,39, 0.179,298.15, 35.11, 13.47, 24.27,
2019,40, 0.170,296.44, 36.29,  9.61, 22.94,
2019,41, 0.158,294.11, 36.63, 10.81, 23.71,
2019,42, 0.148,291.52, 38.40, 10.02, 24.20,
2019,43, 0.141,289.26, 40.73,  5.19, 22.95,
2019,44, 0.134,287.10, 42.71,  3.34, 23.01,
2019,45, 0.132,285.07, 46.29,  4.72, 25.51,
2019,46, 0.126,282.15, 47.51, 10.54, 29.03,
2019,47, 0.122,279.07, 49.53, 17.10, 33.32,
2019,48, 0.121,277.52, 52.78, 16.95, 34.88,
2019,49, 0.120,276.25, 55.42, 15.31, 35.38,
2019,50, 0.117,275.54, 58.09, 11.65, 34.88,
2019,51, 0.114,274.99, 61.62, 10.34, 35.98,
2019,52, 0.112,274.57, 64.08, 11.39, 37.73,
2020, 1, 0.110,274.55, 66.91, 11.64, 39.27,
2020, 2, 0.107,274.51, 68.43, 12.60, 40.51,
2020, 3, 0.105,274.63, 67.67, 13.39, 40.52,
2020, 4, 0.109,275.07, 68.03, 14.77, 41.39,
2020, 5, 0.114,276.48, 69.71, 12.88, 41.29,
2020, 6, 0.123,278.67, 72.32, 10.04, 41.17,
2020, 7, 0.134,281.09, 74.33,  7.06, 40.68,
2020, 8, 0.150,283.39, 77.85,  5.15, 41.47,
2020, 9, 0.171,285.73, 80.48,  4.43, 42.42,
2020,10, 0.191,288.01, 81.32,  3.87, 42.58,
2020,11, 0.208,289.35, 80.26,  3.03, 41.62,
2020,12, 0.230,291.27, 79.51,  3.12, 41.31,
2020,13, 0.247,293.07, 76.98,  3.97, 40.45,
2020,14, 0.262,294.42, 73.53,  4.11, 38.81,
2020,15, 0.273,295.89, 69.43,  5.34, 37.38,
2020,16, 0.282,297.31, 63.05,  8.19, 35.61,
2020,17, 0.290,298.45, 56.07, 13.36, 34.70,
2020,18,-1.000, -1.00, -1.00, -1.00, -1.00,
2020,19,-1.000, -1.00, -1.00, -1.00, -1.00,
2020,20,-1.000, -1.00, -1.00, -1.00, -1.00,
2020,21,-1.000, -1.00, -1.00, -1.00, -1.00,
2020,22,-1.000, -1.00, -1.00, -1.00, -1.00,
2020,23,-1.000, -1.00, -1.00, -1.00, -1.00,
2020,24,-1.000, -1.00, -1.00, -1.00, -1.00,
2020,25,-1.000, -1.00, -1.00, -1.00, -1.00,
2020,26,-1.000, -1.00, -1.00, -1.00, -1.00,
2020,27,-1.000, -1.00, -1.00, -1.00, -1.00,
2020,28,-1.000, -1.00, -1.00, -1.00, -1.00,
2020,29,-1.000, -1.00, -1.00, -1.00, -1.00,
2020,30,-1.000, -1.00, -1.00, -1.00, -1.00,
2020,31,-1.000, -1.00, -1.00, -1.00, -1.00,
2020,32,-1.000, -1.00, -1.00, -1.00, -1.00,
2020,33,-1.000, -1.00, -1.00, -1.00, -1.00,
2020,34,-1.000, -1.00, -1.00, -1.00, -1.00,
2020,35,-1.000, -1.00, -1.00, -1.00, -1.00,
2020,36,-1.000, -1.00, -1.00, -1.00, -1.00,
2020,37,-1.000, -1.00, -1.00, -1.00, -1.00,
2020,38,-1.000, -1.00, -1.00, -1.00, -1.00,
2020,39,-1.000, -1.00, -1.00, -1.00, -1.00,
2020,40,-1.000, -1.00, -1.00, -1.00, -1.00,
2020,41,-1.000, -1.00, -1.00, -1.00, -1.00,
2020,42,-1.000, -1.00, -1.00, -1.00, -1.00,
2020,43,-1.000, -1.00, -1.00, -1.00, -1.00,
2020,44,-1.000, -1.00, -1.00, -1.00, -1.00,
2020,45,-1.000, -1.00, -1.00, -1.00, -1.00,
2020,46,-1.000, -1.00, -1.00, -1.00, -1.00,
2020,47,-1.000, -1.00, -1.00, -1.00, -1.00,
2020,48,-1.000, -1.00, -1.00, -1.00, -1.00,
2020,49,-1.000, -1.00, -1.00, -1.00, -1.00,
2020,50,-1.000, -1.00, -1.00, -1.00, -1.00,
2020,51,-1.000, -1.00, -1.00, -1.00, -1.00,
2020,52,-1.000, -1.00, -1.00, -1.00, -1.00,
</pre></tt>