Mean data for UKR  Province= 6: Donets'k,  from 1982 to 2020, weekly<br><tt><pre>1982, 1, 0.038,253.37, 46.09, 65.49, 55.79,
1982, 2, 0.036,254.53, 44.28, 59.57, 51.93,
1982, 3, 0.034,255.68, 41.53, 54.36, 47.95,
1982, 4, 0.033,257.90, 38.80, 47.60, 43.20,
1982, 5, 0.032,259.33, 35.55, 46.42, 40.98,
1982, 6, 0.030,259.42, 29.08, 52.45, 40.76,
1982, 7, 0.029,259.70, 22.35, 57.33, 39.84,
1982, 8, 0.030,261.96, 20.12, 55.84, 37.98,
1982, 9, 0.030,264.06, 16.70, 56.61, 36.65,
1982,10, 0.031,266.95, 14.54, 57.21, 35.87,
1982,11, 0.037,270.29, 16.12, 58.43, 37.27,
1982,12, 0.047,274.32, 19.62, 55.35, 37.48,
1982,13, 0.062,278.97, 24.48, 48.13, 36.31,
1982,14, 0.074,282.85, 24.88, 40.44, 32.66,
1982,15, 0.089,285.96, 24.86, 37.25, 31.05,
1982,16, 0.112,288.36, 26.61, 38.45, 32.53,
1982,17, 0.140,290.42, 27.59, 43.21, 35.40,
1982,18, 0.174,292.10, 29.12, 52.26, 40.69,
1982,19, 0.221,293.78, 33.71, 60.03, 46.87,
1982,20, 0.274,295.56, 40.80, 60.25, 50.52,
1982,21, 0.321,296.98, 47.68, 58.54, 53.11,
1982,22, 0.355,297.22, 50.89, 62.67, 56.78,
1982,23, 0.372,297.38, 50.21, 67.45, 58.83,
1982,24, 0.374,297.12, 48.44, 78.07, 63.26,
1982,25, 0.371,296.80, 48.61, 88.19, 68.40,
1982,26, 0.369,297.12, 51.63, 89.73, 70.68,
1982,27, 0.359,296.86, 48.34, 91.80, 70.07,
1982,28, 0.353,296.86, 50.28, 90.80, 70.54,
1982,29, 0.350,296.91, 53.20, 90.90, 72.05,
1982,30, 0.348,297.01, 57.08, 90.50, 73.79,
1982,31, 0.341,297.16, 59.62, 88.77, 74.19,
1982,32, 0.335,297.71, 62.02, 81.88, 71.95,
1982,33, 0.328,297.98, 63.08, 76.40, 69.74,
1982,34, 0.320,298.06, 65.07, 70.81, 67.94,
1982,35, 0.308,297.83, 66.86, 64.68, 65.77,
1982,36, 0.291,297.01, 65.85, 57.54, 61.69,
1982,37, 0.267,295.70, 61.97, 51.16, 56.56,
1982,38, 0.243,294.01, 58.91, 48.12, 53.51,
1982,39, 0.213,292.34, 52.40, 42.35, 47.38,
1982,40, 0.181,290.13, 42.96, 41.09, 42.02,
1982,41, 0.150,287.63, 35.35, 38.19, 36.77,
1982,42, 0.125,285.19, 31.85, 32.94, 32.40,
1982,43, 0.106,282.19, 30.85, 32.40, 31.63,
1982,44, 0.090,279.53, 29.95, 28.62, 29.28,
1982,45, 0.076,276.39, 28.25, 28.52, 28.39,
1982,46, 0.064,272.58, 27.33, 31.60, 29.46,
1982,47, 0.056,268.75, 27.06, 35.60, 31.33,
1982,48, 0.049,264.81, 26.31, 40.15, 33.23,
1982,49, 0.045,261.48, 25.79, 43.21, 34.50,
1982,50, 0.042,258.19, 26.96, 48.14, 37.55,
1982,51, 0.042,255.83, 32.65, 55.19, 43.92,
1982,52, 0.042,254.54, 40.50, 60.62, 50.56,
1983, 1, 0.041,254.27, 51.23, 61.38, 56.30,
1983, 2, 0.040,254.85, 50.86, 57.64, 54.25,
1983, 3, 0.039,255.78, 49.65, 52.97, 51.31,
1983, 4, 0.038,256.62, 45.89, 52.14, 49.02,
1983, 5, 0.036,258.61, 40.73, 48.52, 44.62,
1983, 6, 0.035,260.20, 34.39, 48.62, 41.51,
1983, 7, 0.035,262.34, 28.25, 47.50, 37.88,
1983, 8, 0.037,264.74, 26.49, 46.45, 36.47,
1983, 9, 0.039,267.47, 24.04, 45.28, 34.66,
1983,10, 0.042,271.88, 22.69, 40.31, 31.50,
1983,11, 0.050,277.08, 24.60, 33.16, 28.88,
1983,12, 0.060,281.54, 26.85, 27.49, 27.17,
1983,13, 0.076,285.62, 31.60, 22.96, 27.28,
1983,14, 0.097,288.35, 35.47, 20.19, 27.83,
1983,15, 0.122,290.62, 39.22, 19.91, 29.56,
1983,16, 0.147,291.79, 40.89, 25.07, 32.98,
1983,17, 0.177,292.64, 41.52, 32.59, 37.06,
1983,18, 0.212,294.11, 43.02, 39.87, 41.44,
1983,19, 0.252,295.82, 45.68, 45.00, 45.34,
1983,20, 0.292,297.35, 48.46, 45.83, 47.14,
1983,21, 0.317,298.40, 46.84, 46.60, 46.72,
1983,22, 0.326,298.48, 36.78, 51.56, 44.17,
1983,23, 0.323,298.69, 21.99, 55.09, 38.54,
1983,24, 0.311,298.69, 10.87, 62.24, 36.55,
1983,25, 0.297,298.79,  6.61, 67.70, 37.15,
1983,26, 0.285,299.12,  5.70, 69.07, 37.39,
1983,27, 0.282,299.41,  7.56, 66.97, 37.27,
1983,28, 0.275,299.27, 10.35, 68.24, 39.29,
1983,29, 0.273,298.92, 14.57, 72.19, 43.38,
1983,30, 0.274,298.36, 20.20, 77.72, 48.96,
1983,31, 0.285,297.85, 31.44, 82.13, 56.79,
1983,32, 0.296,297.53, 42.00, 83.38, 62.69,
1983,33, 0.304,297.33, 50.24, 82.30, 66.27,
1983,34, 0.306,297.04, 56.57, 80.21, 68.39,
1983,35, 0.302,296.82, 62.18, 74.69, 68.44,
1983,36, 0.285,295.76, 61.47, 70.86, 66.17,
1983,37, 0.265,294.46, 59.67, 64.86, 62.26,
1983,38, 0.247,292.84, 60.49, 61.44, 60.97,
1983,39, 0.225,290.33, 59.40, 64.90, 62.15,
1983,40, 0.209,288.36, 59.23, 60.26, 59.75,
1983,41, 0.190,285.68, 57.71, 58.15, 57.93,
1983,42, 0.169,282.81, 55.43, 55.27, 55.35,
1983,43, 0.142,279.95, 50.68, 49.89, 50.28,
1983,44, 0.111,276.68, 41.30, 46.91, 44.11,
1983,45, 0.086,272.90, 34.13, 47.85, 40.99,
1983,46, 0.070,269.33, 30.66, 47.17, 38.91,
1983,47, 0.058,266.54, 28.12, 45.51, 36.81,
1983,48, 0.051,264.72, 27.90, 40.77, 34.33,
1983,49, 0.045,263.37, 25.57, 35.42, 30.49,
1983,50, 0.044,261.88, 28.62, 32.57, 30.60,
1983,51, 0.045,260.36, 36.01, 35.36, 35.68,
1983,52, 0.043,258.49, 42.69, 42.35, 42.52,
1984, 1, 0.044,257.66, 56.91, 45.45, 51.18,
1984, 2, 0.046,257.03, 61.54, 47.98, 54.76,
1984, 3, 0.046,257.31, 61.50, 46.96, 54.23,
1984, 4, 0.046,259.45, 58.22, 40.61, 49.41,
1984, 5, 0.044,261.35, 53.02, 37.88, 45.45,
1984, 6, 0.044,263.25, 46.35, 37.63, 41.99,
1984, 7, 0.045,265.25, 39.99, 37.96, 38.98,
1984, 8, 0.046,266.88, 35.19, 39.90, 37.54,
1984, 9, 0.046,269.17, 30.49, 39.90, 35.20,
1984,10, 0.047,272.02, 26.01, 39.88, 32.94,
1984,11, 0.054,275.73, 27.11, 37.99, 32.55,
1984,12, 0.066,279.97, 30.46, 33.35, 31.90,
1984,13, 0.081,283.78, 34.18, 29.78, 31.98,
1984,14, 0.103,287.33, 38.52, 23.86, 31.19,
1984,15, 0.127,289.73, 41.30, 23.05, 32.17,
1984,16, 0.158,291.80, 44.72, 24.80, 34.76,
1984,17, 0.200,294.28, 50.18, 24.79, 37.49,
1984,18, 0.249,295.75, 56.45, 30.17, 43.31,
1984,19, 0.291,297.23, 60.34, 35.19, 47.76,
1984,20, 0.322,298.52, 60.12, 37.39, 48.75,
1984,21, 0.345,299.26, 58.50, 40.43, 49.47,
1984,22, 0.354,299.72, 50.70, 41.94, 46.32,
1984,23, 0.350,299.30, 37.98, 50.40, 44.19,
1984,24, 0.346,299.56, 31.76, 54.37, 43.07,
1984,25, 0.340,300.61, 31.06, 49.81, 40.43,
1984,26, 0.324,300.94, 26.54, 51.28, 38.91,
1984,27, 0.301,300.75, 17.39, 54.58, 35.99,
1984,28, 0.275,300.50, 10.40, 57.32, 33.86,
1984,29, 0.259,300.52,  7.63, 57.70, 32.67,
1984,30, 0.246,300.36,  6.75, 59.53, 33.14,
1984,31, 0.231,299.49,  5.47, 67.29, 36.38,
1984,32, 0.221,298.77,  6.05, 72.03, 39.04,
1984,33, 0.220,298.45,  8.45, 72.05, 40.25,
1984,34, 0.222,298.04, 12.57, 70.88, 41.72,
1984,35, 0.219,297.51, 16.92, 67.71, 42.31,
1984,36, 0.214,296.46, 21.44, 63.26, 42.35,
1984,37, 0.210,295.94, 28.37, 48.36, 38.37,
1984,38, 0.202,295.11, 33.87, 35.96, 34.91,
1984,39, 0.187,293.03, 36.28, 34.91, 35.59,
1984,40, 0.167,290.00, 35.34, 42.47, 38.90,
1984,41, 0.153,287.25, 36.86, 41.97, 39.41,
1984,42, 0.142,284.77, 40.75, 37.02, 38.88,
1984,43, 0.127,281.85, 42.19, 35.51, 38.85,
1984,44, 0.111,278.54, 41.19, 35.18, 38.18,
1984,45, 0.099,274.75, 41.46, 37.52, 39.49,
1984,46, 0.089,270.70, 42.61, 40.20, 41.41,
1984,47, 0.084,267.90, 45.78, 39.20, 42.49,
1984,48, 0.083,266.08, 51.52, 34.88, 43.20,
1984,49, 0.082,266.52, 56.17, 22.26, 39.21,
1984,50,-1.000, -1.00, -1.00, -1.00, -1.00,
1984,51,-1.000, -1.00, -1.00, -1.00, -1.00,
1984,52,-1.000, -1.00, -1.00, -1.00, -1.00,
1985, 1,-1.000, -1.00, -1.00, -1.00, -1.00,
1985, 2,-1.000, -1.00, -1.00, -1.00, -1.00,
1985, 3,-1.000, -1.00, -1.00, -1.00, -1.00,
1985, 4,-1.000, -1.00, -1.00, -1.00, -1.00,
1985, 5,-1.000, -1.00, -1.00, -1.00, -1.00,
1985, 6,-1.000, -1.00, -1.00, -1.00, -1.00,
1985, 7,-1.000, -1.00, -1.00, -1.00, -1.00,
1985, 8,-1.000, -1.00, -1.00, -1.00, -1.00,
1985, 9, 0.041,269.76, 24.24, 38.14, 31.19,
1985,10, 0.038,271.04, 18.90, 43.42, 31.16,
1985,11, 0.039,272.93, 17.35, 48.80, 33.07,
1985,12, 0.044,275.70, 17.95, 50.07, 34.01,
1985,13, 0.055,279.38, 20.67, 46.61, 33.64,
1985,14, 0.072,283.09, 24.26, 39.51, 31.88,
1985,15, 0.097,286.66, 28.66, 34.60, 31.63,
1985,16, 0.129,289.89, 33.76, 32.36, 33.06,
1985,17, 0.169,293.05, 38.70, 30.49, 34.60,
1985,18, 0.209,295.86, 42.06, 28.90, 35.48,
1985,19, 0.246,298.13, 43.40, 27.32, 35.36,
1985,20, 0.274,298.39, 40.82, 37.52, 39.17,
1985,21, 0.301,298.59, 38.18, 45.31, 41.74,
1985,22, 0.322,298.83, 33.25, 49.17, 41.21,
1985,23, 0.331,298.34, 26.88, 58.80, 42.84,
1985,24, 0.339,297.99, 27.82, 69.48, 48.65,
1985,25, 0.347,298.10, 35.41, 75.00, 55.20,
1985,26, 0.345,298.05, 38.09, 80.22, 59.16,
1985,27, 0.340,298.06, 38.42, 80.23, 59.32,
1985,28, 0.335,298.34, 40.82, 77.08, 58.95,
1985,29, 0.332,299.32, 43.93, 68.47, 56.20,
1985,30, 0.324,300.44, 44.70, 58.26, 51.48,
1985,31, 0.312,301.57, 44.42, 47.37, 45.90,
1985,32, 0.298,302.38, 42.61, 37.89, 40.25,
1985,33, 0.280,302.66, 37.75, 31.58, 34.66,
1985,34, 0.262,302.46, 33.15, 27.45, 30.30,
1985,35, 0.243,301.35, 29.33, 27.70, 28.51,
1985,36, 0.216,299.20, 22.26, 32.66, 27.46,
1985,37, 0.193,296.95, 18.14, 35.71, 26.93,
1985,38, 0.174,294.92, 16.85, 36.66, 26.75,
1985,39, 0.151,292.03, 14.19, 44.61, 29.40,
1985,40, 0.128,288.90, 12.36, 52.96, 32.66,
1985,41, 0.108,285.84, 12.16, 55.00, 33.58,
1985,42, 0.090,282.44, 12.15, 57.76, 34.96,
1985,43, 0.075,279.40, 12.98, 53.72, 33.35,
1985,44, 0.064,276.53, 14.52, 47.97, 31.24,
1985,45, 0.053,273.60, 13.68, 44.30, 28.99,
1985,46, 0.042,270.71, 11.83, 40.71, 26.27,
1985,47, 0.031,266.93,  9.13, 43.72, 26.43,
1985,48, 0.026,263.21,  7.87, 47.03, 27.45,
1985,49, 0.022,260.69,  6.25, 46.62, 26.43,
1985,50, 0.020,259.49,  4.75, 42.67, 23.71,
1985,51, 0.020,259.21,  5.93, 40.31, 23.12,
1985,52, 0.020,258.73,  6.99, 41.04, 24.01,
1986, 1, 0.021,258.23, 11.99, 42.51, 27.25,
1986, 2, 0.023,258.25, 17.68, 42.25, 29.96,
1986, 3, 0.025,259.55, 23.58, 36.86, 30.22,
1986, 4, 0.027,260.92, 27.18, 34.08, 30.63,
1986, 5, 0.029,262.89, 29.88, 31.02, 30.45,
1986, 6, 0.030,265.18, 28.01, 29.75, 28.88,
1986, 7, 0.031,267.86, 23.86, 28.21, 26.04,
1986, 8, 0.033,270.49, 21.77, 27.57, 24.67,
1986, 9, 0.033,273.04, 19.12, 27.09, 23.10,
1986,10, 0.036,276.66, 17.43, 24.14, 20.79,
1986,11, 0.042,281.50, 18.56, 16.81, 17.69,
1986,12, 0.052,286.66, 21.97,  8.01, 14.99,
1986,13, 0.069,291.08, 27.76,  2.84, 15.30,
1986,14, 0.090,293.35, 31.90,  2.25, 17.08,
1986,15, 0.114,295.59, 35.57,  1.81, 18.69,
1986,16, 0.147,297.84, 40.56,  1.72, 21.14,
1986,17, 0.189,298.86, 45.95,  3.14, 24.54,
1986,18, 0.232,299.58, 50.35,  6.19, 28.27,
1986,19, 0.274,300.25, 53.88, 11.66, 32.77,
1986,20, 0.309,300.98, 55.33, 16.59, 35.96,
1986,21, 0.341,301.73, 57.05, 19.31, 38.18,
1986,22, 0.357,301.78, 52.55, 23.78, 38.17,
1986,23, 0.362,302.04, 44.82, 25.22, 35.02,
1986,24, 0.358,302.18, 38.96, 28.54, 33.75,
1986,25, 0.351,302.05, 37.14, 34.99, 36.07,
1986,26, 0.344,302.21, 37.43, 38.48, 37.96,
1986,27, 0.332,302.33, 33.57, 39.40, 36.48,
1986,28, 0.321,302.77, 33.25, 36.18, 34.71,
1986,29, 0.316,303.45, 35.44, 30.55, 33.00,
1986,30, 0.308,304.07, 36.83, 25.18, 31.01,
1986,31, 0.295,304.33, 36.12, 22.60, 29.36,
1986,32, 0.281,304.08, 34.12, 23.11, 28.62,
1986,33, 0.266,303.98, 30.47, 20.32, 25.39,
1986,34, 0.251,303.53, 27.16, 18.60, 22.88,
1986,35, 0.232,302.63, 23.41, 16.68, 20.05,
1986,36, 0.212,300.93, 19.91, 16.34, 18.12,
1986,37, 0.193,298.53, 17.88, 20.52, 19.20,
1986,38, 0.174,295.61, 16.53, 30.72, 23.62,
1986,39, 0.154,292.68, 16.29, 38.97, 27.63,
1986,40, 0.132,289.89, 14.81, 43.72, 29.26,
1986,41, 0.108,286.62, 12.29, 48.51, 30.40,
1986,42, 0.083,282.77,  9.03, 55.66, 32.34,
1986,43, 0.058,278.17,  4.62, 63.21, 33.91,
1986,44, 0.040,274.58,  2.19, 59.63, 30.91,
1986,45, 0.031,271.71,  1.65, 53.91, 27.78,
1986,46, 0.025,269.62,  1.76, 45.44, 23.60,
1986,47, 0.021,267.76,  2.31, 39.85, 21.08,
1986,48, 0.019,265.91,  2.87, 35.35, 19.11,
1986,49, 0.018,262.59,  3.27, 38.25, 20.76,
1986,50, 0.021,258.00,  5.18, 48.40, 26.79,
1986,51, 0.024,253.46, 10.97, 64.71, 37.84,
1986,52, 0.027,250.53, 18.12, 77.62, 47.87,
1987, 1, 0.028,248.34, 25.34, 87.98, 56.66,
1987, 2, 0.027,246.91, 27.50, 93.26, 60.38,
1987, 3, 0.027,246.64, 28.92, 93.52, 61.22,
1987, 4, 0.025,247.96, 25.56, 90.59, 58.08,
1987, 5, 0.022,250.02, 20.56, 85.83, 53.19,
1987, 6, 0.020,251.99, 15.66, 81.45, 48.56,
1987, 7, 0.018,254.09, 10.14, 77.32, 43.73,
1987, 8, 0.016,255.88,  6.98, 76.08, 41.53,
1987, 9, 0.014,258.09,  4.23, 76.27, 40.25,
1987,10, 0.013,259.77,  1.53, 81.55, 41.54,
1987,11, 0.012,261.39,  0.37, 90.99, 45.68,
1987,12, 0.012,263.05,  0.09, 97.31, 48.70,
1987,13, 0.015,264.93,  0.07, 99.39, 49.73,
1987,14, 0.021,266.15,  0.07, 99.70, 49.89,
1987,15, 0.031,268.46,  0.06, 99.76, 49.91,
1987,16, 0.044,271.90,  0.06, 99.73, 49.89,
1987,17, 0.065,277.86,  0.09, 99.44, 49.76,
1987,18, 0.095,283.94,  0.14, 98.61, 49.37,
1987,19, 0.131,288.31,  0.17, 97.35, 48.76,
1987,20, 0.172,291.21,  0.25, 92.89, 46.57,
1987,21, 0.216,292.91,  0.56, 90.40, 45.48,
1987,22, 0.260,294.52,  2.14, 84.53, 43.34,
1987,23, 0.299,295.77,  8.35, 81.28, 44.81,
1987,24, 0.333,296.65, 23.99, 82.06, 53.02,
1987,25, 0.361,297.22, 43.76, 83.64, 63.70,
1987,26, 0.379,297.87, 57.25, 82.10, 69.68,
1987,27, 0.388,298.32, 64.58, 77.80, 71.19,
1987,28, 0.391,298.88, 69.93, 72.09, 71.01,
1987,29, 0.386,299.03, 71.47, 71.36, 71.41,
1987,30, 0.383,299.16, 74.55, 70.64, 72.59,
1987,31, 0.373,298.72, 74.73, 74.49, 74.61,
1987,32, 0.356,297.86, 71.71, 80.50, 76.10,
1987,33, 0.336,297.09, 66.33, 84.60, 75.46,
1987,34, 0.314,296.35, 60.51, 86.74, 73.63,
1987,35, 0.294,295.66, 57.61, 86.18, 71.90,
1987,36, 0.269,294.50, 52.49, 84.02, 68.25,
1987,37, 0.245,292.70, 48.18, 83.71, 65.94,
1987,38, 0.226,291.20, 47.67, 79.53, 63.60,
1987,39, 0.207,290.00, 47.81, 68.33, 58.07,
1987,40, 0.188,287.95, 47.16, 64.35, 55.76,
1987,41, 0.168,285.60, 45.44, 58.63, 52.03,
1987,42, 0.144,281.94, 42.21, 62.41, 52.31,
1987,43, 0.121,276.78, 39.54, 72.28, 55.91,
1987,44, 0.093,271.91, 31.89, 74.13, 53.01,
1987,45, 0.072,268.14, 26.35, 70.89, 48.62,
1987,46, 0.058,265.28, 23.38, 63.84, 43.61,
1987,47, 0.050,263.47, 22.96, 57.31, 40.13,
1987,48, 0.046,262.14, 24.17, 50.60, 37.38,
1987,49, 0.042,261.11, 24.04, 44.20, 34.12,
1987,50, 0.040,260.06, 24.99, 39.85, 32.42,
1987,51, 0.039,259.56, 29.22, 38.62, 33.92,
1987,52, 0.038,259.52, 35.54, 37.33, 36.44,
1988, 1, 0.038,258.47, 46.43, 41.34, 43.89,
1988, 2, 0.039,258.19, 49.12, 42.45, 45.79,
1988, 3, 0.039,258.41, 48.95, 42.06, 45.50,
1988, 4, 0.037,257.66, 45.65, 48.70, 47.17,
1988, 5, 0.037,257.80, 42.01, 53.14, 47.57,
1988, 6, 0.037,258.40, 37.31, 56.68, 47.00,
1988, 7, 0.037,258.30, 30.83, 62.63, 46.73,
1988, 8, 0.037,259.16, 26.97, 65.28, 46.12,
1988, 9, 0.039,260.01, 24.90, 69.44, 47.17,
1988,10, 0.042,262.16, 22.54, 72.36, 47.45,
1988,11, 0.047,266.20, 22.81, 71.77, 47.29,
1988,12, 0.050,270.80, 21.82, 66.58, 44.20,
1988,13, 0.057,275.45, 21.58, 59.89, 40.73,
1988,14, 0.073,279.46, 24.15, 52.28, 38.22,
1988,15, 0.097,283.29, 28.38, 46.82, 37.60,
1988,16, 0.124,286.74, 31.48, 44.50, 37.99,
1988,17, 0.149,288.10, 31.16, 54.03, 42.59,
1988,18, 0.179,289.76, 30.93, 66.11, 48.52,
1988,19, 0.214,291.62, 31.08, 75.01, 53.04,
1988,20, 0.250,293.16, 31.35, 78.12, 54.74,
1988,21, 0.280,294.36, 29.60, 78.61, 54.10,
1988,22, 0.307,295.20, 27.47, 78.44, 52.95,
1988,23, 0.331,295.85, 28.36, 79.87, 54.12,
1988,24, 0.353,296.71, 37.04, 80.89, 58.97,
1988,25, 0.365,296.94, 46.01, 85.07, 65.54,
1988,26, 0.374,297.14, 54.36, 87.62, 70.99,
1988,27, 0.383,297.71, 61.70, 83.31, 72.50,
1988,28, 0.388,298.23, 68.19, 78.14, 73.16,
1988,29, 0.384,298.58, 70.55, 75.51, 73.03,
1988,30, 0.374,298.56, 69.95, 76.11, 73.03,
1988,31, 0.363,298.45, 69.31, 76.92, 73.12,
1988,32, 0.351,298.39, 68.75, 75.69, 72.22,
1988,33, 0.337,298.44, 66.32, 72.12, 69.22,
1988,34, 0.312,297.84, 59.30, 72.78, 66.04,
1988,35, 0.280,296.69, 49.75, 75.77, 62.76,
1988,36, 0.257,295.25, 45.34, 75.74, 60.54,
1988,37, 0.243,293.47, 46.60, 74.74, 60.67,
1988,38, 0.238,291.63, 54.63, 74.12, 64.38,
1988,39, 0.239,289.72, 66.27, 70.97, 68.62,
1988,40, 0.238,287.73, 73.97, 66.23, 70.10,
1988,41, 0.228,285.47, 76.31, 60.03, 68.17,
1988,42, 0.212,282.95, 76.46, 53.62, 65.04,
1988,43, 0.192,280.05, 75.51, 48.80, 62.15,
1988,44, 0.164,276.85, 70.01, 45.60, 57.80,
1988,45, 0.140,273.80, 65.14, 42.80, 53.97,
1988,46, 0.117,271.37, 60.27, 37.53, 48.90,
1988,47, 0.095,269.45, 53.13, 32.86, 43.00,
1988,48, 0.077,267.64, 47.15, 28.57, 37.86,
1988,49, 0.065,265.82, 42.16, 25.43, 33.79,
1988,50, 0.056,263.97, 39.21, 24.06, 31.64,
1988,51, 0.049,262.73, 40.53, 25.28, 32.91,
1988,52, 0.043,262.47, 40.46, 24.25, 32.36,
1989, 1, 0.039,262.59, 46.26, 22.24, 34.25,
1989, 2, 0.037,263.50, 43.50, 18.29, 30.90,
1989, 3, 0.035,264.62, 40.82, 14.94, 27.88,
1989, 4, 0.037,266.70, 43.33, 10.34, 26.83,
1989, 5, 0.040,269.13, 45.63,  7.10, 26.37,
1989, 6, 0.044,270.75, 45.46,  8.84, 27.15,
1989, 7, 0.051,272.38, 44.76, 12.33, 28.55,
1989, 8, 0.058,274.82, 45.66, 13.18, 29.42,
1989, 9, 0.069,277.57, 48.74, 12.10, 30.42,
1989,10, 0.087,280.32, 54.62, 11.66, 33.14,
1989,11, 0.107,282.73, 61.22, 12.30, 36.76,
1989,12, 0.126,285.15, 65.36, 13.84, 39.60,
1989,13, 0.152,287.86, 71.00, 14.76, 42.88,
1989,14, 0.184,290.63, 76.65, 12.10, 44.38,
1989,15, 0.219,292.95, 81.01, 11.49, 46.25,
1989,16, 0.261,294.78, 84.49, 13.54, 49.02,
1989,17, 0.300,296.27, 85.78, 15.53, 50.66,
1989,18, 0.337,297.69, 87.35, 18.14, 52.74,
1989,19, 0.366,298.39, 87.12, 26.22, 56.67,
1989,20, 0.382,298.77, 84.81, 35.09, 59.95,
1989,21, 0.391,299.37, 79.79, 39.33, 59.56,
1989,22, 0.392,299.68, 70.70, 42.10, 56.40,
1989,23, 0.384,299.59, 57.51, 47.69, 52.60,
1989,24, 0.368,299.48, 44.87, 55.19, 50.03,
1989,25, 0.352,299.16, 38.00, 64.64, 51.32,
1989,26, 0.346,299.20, 38.67, 69.12, 53.90,
1989,27, 0.347,299.52, 42.00, 66.58, 54.29,
1989,28, 0.343,299.87, 45.23, 63.25, 54.24,
1989,29, 0.336,300.18, 46.13, 61.07, 53.60,
1989,30, 0.325,300.39, 45.32, 59.66, 52.49,
1989,31, 0.316,300.84, 46.46, 55.25, 50.86,
1989,32, 0.304,301.25, 46.08, 49.53, 47.81,
1989,33, 0.288,300.82, 41.94, 49.93, 45.93,
1989,34, 0.274,299.97, 39.70, 52.36, 46.03,
1989,35, 0.260,298.88, 39.66, 53.45, 46.55,
1989,36, 0.246,297.20, 39.70, 54.48, 47.09,
1989,37, 0.231,295.65, 40.36, 50.22, 45.29,
1989,38, 0.222,293.83, 45.80, 48.75, 47.28,
1989,39, 0.217,292.14, 54.53, 43.49, 49.01,
1989,40, 0.211,290.05, 60.97, 40.98, 50.98,
1989,41, 0.205,288.12, 65.70, 32.46, 49.08,
1989,42, 0.195,286.35, 69.25, 22.32, 45.79,
1989,43, 0.184,284.04, 72.92, 19.17, 46.04,
1989,44, 0.171,281.69, 74.65, 16.12, 45.38,
1989,45, 0.147,278.84, 69.85, 16.15, 43.00,
1989,46, 0.119,275.06, 61.50, 20.64, 41.07,
1989,47, 0.093,270.65, 51.66, 27.79, 39.73,
1989,48, 0.071,266.69, 42.89, 32.64, 37.77,
1989,49, 0.057,263.67, 35.97, 34.47, 35.22,
1989,50, 0.047,262.32, 31.10, 31.08, 31.09,
1989,51, 0.040,261.30, 29.48, 31.57, 30.53,
1989,52, 0.035,260.39, 29.31, 33.81, 31.56,
1990, 1, 0.032,259.86, 32.29, 35.13, 33.71,
1990, 2, 0.032,260.10, 34.05, 33.95, 34.00,
1990, 3, 0.034,260.95, 38.76, 31.04, 34.90,
1990, 4, 0.037,262.20, 43.45, 29.00, 36.23,
1990, 5, 0.043,265.00, 50.51, 22.64, 36.57,
1990, 6, 0.054,268.90, 58.57, 15.40, 36.98,
1990, 7, 0.072,273.18, 67.87,  9.47, 38.67,
1990, 8, 0.089,277.20, 74.00,  5.38, 39.69,
1990, 9, 0.107,280.29, 78.42,  3.27, 40.84,
1990,10, 0.127,283.15, 82.55,  2.10, 42.32,
1990,11, 0.144,285.39, 83.49,  2.50, 42.99,
1990,12, 0.163,287.57, 85.03,  4.58, 44.81,
1990,13, 0.179,288.99, 84.21, 10.49, 47.35,
1990,14, 0.195,290.15, 81.22, 13.75, 47.49,
1990,15, 0.210,290.43, 76.83, 20.63, 48.73,
1990,16, 0.231,290.54, 73.60, 29.77, 51.69,
1990,17, 0.264,291.48, 73.69, 37.97, 55.83,
1990,18, 0.305,293.07, 77.27, 46.55, 61.91,
1990,19, 0.344,294.37, 80.57, 56.33, 68.45,
1990,20, 0.365,295.32, 77.65, 62.77, 70.21,
1990,21, 0.368,295.64, 69.77, 69.89, 69.83,
1990,22, 0.363,296.04, 55.47, 72.84, 64.16,
1990,23, 0.358,296.84, 42.75, 72.44, 57.59,
1990,24, 0.355,297.45, 37.21, 74.92, 56.07,
1990,25, 0.355,298.77, 40.20, 68.59, 54.39,
1990,26, 0.353,299.95, 42.93, 61.26, 52.09,
1990,27, 0.342,300.55, 39.48, 56.30, 47.89,
1990,28, 0.323,300.72, 34.81, 54.90, 44.85,
1990,29, 0.301,300.55, 28.32, 57.03, 42.67,
1990,30, 0.284,300.52, 24.93, 57.78, 41.35,
1990,31, 0.274,300.59, 25.76, 57.02, 41.39,
1990,32, 0.266,300.40, 26.73, 57.10, 41.91,
1990,33, 0.255,299.93, 24.90, 58.38, 41.64,
1990,34, 0.244,299.11, 23.06, 60.99, 42.03,
1990,35, 0.230,297.95, 22.06, 63.72, 42.89,
1990,36, 0.216,296.40, 22.52, 64.37, 43.45,
1990,37, 0.204,294.64, 24.68, 62.99, 43.84,
1990,38, 0.196,293.08, 29.84, 59.08, 44.46,
1990,39, 0.190,291.54, 38.06, 51.50, 44.78,
1990,40, 0.181,289.68, 43.43, 45.58, 44.50,
1990,41, 0.169,287.56, 45.85, 38.35, 42.10,
1990,42, 0.148,284.92, 44.15, 35.74, 39.95,
1990,43, 0.123,281.29, 40.07, 39.89, 39.98,
1990,44, 0.101,278.30, 35.94, 37.30, 36.62,
1990,45, 0.084,276.09, 33.03, 31.35, 32.19,
1990,46, 0.069,273.44, 29.83, 28.56, 29.20,
1990,47, 0.060,271.36, 28.99, 24.79, 26.89,
1990,48, 0.053,269.70, 28.83, 19.86, 24.35,
1990,49, 0.049,268.49, 28.32, 14.26, 21.29,
1990,50, 0.044,267.44, 27.68,  9.55, 18.62,
1990,51, 0.043,266.64, 32.05,  8.61, 20.33,
1990,52, 0.044,265.65, 41.09, 10.04, 25.56,
1991, 1, 0.046,265.27, 57.31,  9.66, 33.48,
1991, 2, 0.047,265.41, 61.10,  9.31, 35.20,
1991, 3, 0.048,264.76, 63.30, 13.55, 38.42,
1991, 4, 0.047,263.33, 59.79, 23.47, 41.63,
1991, 5, 0.045,263.61, 53.25, 28.09, 40.67,
1991, 6, 0.041,263.89, 42.80, 34.80, 38.80,
1991, 7, 0.036,262.97, 29.60, 45.50, 37.55,
1991, 8, 0.034,262.67, 23.20, 53.10, 38.15,
1991, 9, 0.035,263.20, 20.69, 58.86, 39.77,
1991,10, 0.037,265.43, 18.58, 61.78, 40.18,
1991,11, 0.039,268.21, 17.30, 65.13, 41.22,
1991,12, 0.050,272.88, 21.58, 60.15, 40.86,
1991,13, 0.066,278.12, 26.45, 51.36, 38.90,
1991,14, 0.084,282.85, 29.56, 40.50, 35.03,
1991,15, 0.116,287.03, 36.80, 33.41, 35.11,
1991,16, 0.157,289.23, 44.61, 35.25, 39.93,
1991,17, 0.198,291.07, 49.32, 40.46, 44.89,
1991,18, 0.235,293.01, 51.68, 47.14, 49.41,
1991,19, 0.275,293.91, 54.45, 59.80, 57.13,
1991,20, 0.316,294.43, 57.94, 70.01, 63.98,
1991,21, 0.355,295.85, 63.33, 68.27, 65.80,
1991,22, 0.382,297.41, 65.56, 61.20, 63.38,
1991,23, 0.400,298.61, 67.07, 56.47, 61.77,
1991,24, 0.407,299.27, 68.62, 57.21, 62.91,
1991,25, 0.413,300.18, 73.88, 54.05, 63.97,
1991,26, 0.411,301.06, 74.44, 49.93, 62.18,
1991,27, 0.399,301.42, 70.29, 47.95, 59.12,
1991,28, 0.387,301.54, 68.10, 47.38, 57.74,
1991,29, 0.378,301.85, 67.87, 45.15, 56.51,
1991,30, 0.365,302.07, 65.49, 43.57, 54.53,
1991,31, 0.341,301.52, 58.94, 48.52, 53.73,
1991,32, 0.318,300.59, 52.73, 55.30, 54.01,
1991,33, 0.300,299.66, 47.86, 60.56, 54.21,
1991,34, 0.286,298.47, 45.76, 66.72, 56.24,
1991,35, 0.272,297.28, 45.81, 69.98, 57.89,
1991,36, 0.256,296.24, 45.07, 65.55, 55.31,
1991,37, 0.247,295.31, 49.52, 55.29, 52.40,
1991,38, 0.237,294.49, 55.26, 42.75, 49.00,
1991,39, 0.226,293.62, 60.22, 28.30, 44.26,
1991,40, 0.208,291.72, 58.93, 24.02, 41.48,
1991,41, 0.182,289.17, 53.23, 22.38, 37.81,
1991,42, 0.156,286.35, 48.55, 22.46, 35.50,
1991,43, 0.129,282.65, 43.53, 29.29, 36.41,
1991,44, 0.103,278.78, 37.16, 33.60, 35.38,
1991,45, 0.084,274.99, 33.12, 36.35, 34.73,
1991,46, 0.073,271.62, 32.87, 36.27, 34.57,
1991,47, 0.065,268.79, 33.07, 35.56, 34.32,
1991,48, 0.059,265.94, 33.69, 35.48, 34.59,
1991,49, 0.052,263.38, 31.82, 35.33, 33.58,
1991,50, 0.047,261.18, 32.03, 35.62, 33.83,
1991,51, 0.045,259.58, 36.98, 39.04, 38.01,
1991,52, 0.046,258.94, 46.52, 40.61, 43.56,
1992, 1, 0.046,257.04, 60.12, 48.77, 54.45,
1992, 2, 0.044,254.78, 59.19, 59.02, 59.10,
1992, 3, 0.043,253.17, 56.73, 65.86, 61.30,
1992, 4, 0.041,252.52, 50.71, 71.25, 60.98,
1992, 5, 0.039,252.45, 45.45, 75.65, 60.55,
1992, 6, 0.039,253.00, 40.72, 77.63, 59.18,
1992, 7, 0.041,254.55, 35.06, 75.77, 55.42,
1992, 8, 0.043,258.20, 32.57, 68.67, 50.62,
1992, 9, 0.048,262.62, 31.49, 61.56, 46.53,
1992,10, 0.054,267.87, 31.27, 54.29, 42.78,
1992,11, 0.066,273.29, 34.71, 47.42, 41.06,
1992,12, 0.082,278.83, 39.81, 37.87, 38.84,
1992,13, 0.098,283.25, 43.11, 31.87, 37.49,
1992,14, 0.114,286.34, 43.54, 27.48, 35.51,
1992,15, 0.131,288.21, 43.39, 28.70, 36.04,
1992,16, 0.161,290.49, 46.03, 29.83, 37.93,
1992,17, 0.195,292.83, 48.18, 31.46, 39.82,
1992,18, 0.230,294.08, 49.45, 40.09, 44.77,
1992,19, 0.257,294.75, 47.42, 53.14, 50.28,
1992,20, 0.280,294.98, 43.59, 65.00, 54.30,
1992,21, 0.305,295.26, 40.76, 72.44, 56.60,
1992,22, 0.322,295.26, 34.12, 78.91, 56.51,
1992,23, 0.343,295.36, 34.08, 85.03, 59.55,
1992,24, 0.364,296.15, 42.87, 86.95, 64.91,
1992,25, 0.379,297.27, 54.17, 83.31, 68.74,
1992,26, 0.384,297.87, 60.23, 81.89, 71.06,
1992,27, 0.381,298.01, 61.08, 80.42, 70.75,
1992,28, 0.377,297.90, 63.12, 80.61, 71.87,
1992,29, 0.380,298.52, 68.87, 75.38, 72.12,
1992,30, 0.373,299.09, 70.02, 70.61, 70.32,
1992,31, 0.357,299.18, 67.23, 69.64, 68.43,
1992,32, 0.342,299.11, 65.37, 68.50, 66.94,
1992,33, 0.328,299.07, 63.33, 65.70, 64.51,
1992,34, 0.310,298.54, 60.13, 65.48, 62.80,
1992,35, 0.284,297.11, 53.74, 71.09, 62.41,
1992,36, 0.257,294.99, 47.02, 77.93, 62.48,
1992,37, 0.224,292.57, 36.74, 84.09, 60.42,
1992,38, 0.199,290.17, 32.04, 89.50, 60.77,
1992,39, 0.178,287.64, 30.67, 92.49, 61.58,
1992,40, 0.161,285.03, 31.84, 93.79, 62.82,
1992,41, 0.144,282.10, 32.25, 92.40, 62.33,
1992,42, 0.123,279.23, 30.76, 85.97, 58.36,
1992,43, 0.100,275.81, 27.71, 79.31, 53.51,
1992,44, 0.080,271.96, 24.68, 74.65, 49.67,
1992,45, 0.070,269.07, 24.98, 67.08, 46.03,
1992,46, 0.065,266.46, 27.71, 59.26, 43.48,
1992,47, 0.058,264.06, 28.35, 55.20, 41.78,
1992,48, 0.055,261.97, 31.08, 51.46, 41.27,
1992,49, 0.052,260.17, 32.70, 48.17, 40.43,
1992,50, 0.050,259.17, 34.94, 43.72, 39.33,
1992,51, 0.050,258.95, 42.46, 41.37, 41.92,
1992,52, 0.050,259.38, 53.17, 38.03, 45.60,
1993, 1, 0.051,260.50, 68.98, 31.51, 50.24,
1993, 2, 0.052,261.62, 71.77, 26.19, 48.98,
1993, 3, 0.053,263.38, 72.22, 19.59, 45.90,
1993, 4, 0.055,264.36, 72.43, 18.92, 45.67,
1993, 5, 0.057,264.78, 69.97, 22.90, 46.44,
1993, 6, 0.056,265.78, 61.01, 27.37, 44.19,
1993, 7, 0.054,266.66, 48.91, 32.63, 40.77,
1993, 8, 0.051,267.67, 39.92, 37.10, 38.51,
1993, 9, 0.050,268.96, 33.41, 40.70, 37.06,
1993,10, 0.049,270.48, 28.02, 45.42, 36.72,
1993,11, 0.052,272.45, 25.64, 50.75, 38.19,
1993,12, 0.058,274.77, 26.22, 53.70, 39.96,
1993,13, 0.065,277.18, 25.93, 54.85, 40.39,
1993,14, 0.077,279.98, 26.32, 50.93, 38.62,
1993,15, 0.097,283.21, 28.47, 47.47, 37.97,
1993,16, 0.123,286.40, 30.98, 46.15, 38.57,
1993,17, 0.162,289.41, 35.78, 48.11, 41.94,
1993,18, 0.203,291.38, 39.55, 57.12, 48.33,
1993,19, 0.243,293.06, 42.24, 66.00, 54.12,
1993,20, 0.285,293.91, 45.48, 73.73, 59.60,
1993,21, 0.325,294.29, 49.99, 80.19, 65.09,
1993,22, 0.354,294.77, 51.40, 82.63, 67.02,
1993,23, 0.374,295.53, 52.50, 83.00, 67.75,
1993,24, 0.384,295.96, 55.42, 87.06, 71.24,
1993,25, 0.395,296.39, 63.41, 89.55, 76.48,
1993,26, 0.399,297.00, 67.92, 88.32, 78.12,
1993,27, 0.399,298.21, 69.91, 78.11, 74.01,
1993,28, 0.392,299.20, 70.26, 68.84, 69.55,
1993,29, 0.383,299.66, 69.93, 65.30, 67.62,
1993,30, 0.376,300.29, 70.67, 60.09, 65.38,
1993,31, 0.362,300.33, 69.14, 59.53, 64.34,
1993,32, 0.342,299.76, 64.72, 63.07, 63.89,
1993,33, 0.324,298.64, 60.41, 70.20, 65.30,
1993,34, 0.309,297.41, 58.28, 76.33, 67.31,
1993,35, 0.298,296.09, 60.49, 80.72, 70.61,
1993,36, 0.287,294.49, 62.91, 82.42, 72.66,
1993,37, 0.270,292.79, 63.04, 81.27, 72.16,
1993,38, 0.251,291.10, 63.85, 79.43, 71.64,
1993,39, 0.231,289.39, 63.13, 74.23, 68.68,
1993,40, 0.202,287.59, 55.53, 67.78, 61.65,
1993,41, 0.168,285.11, 45.84, 63.43, 54.64,
1993,42, 0.136,282.27, 37.99, 59.94, 48.96,
1993,43, 0.108,279.49, 32.70, 53.28, 42.99,
1993,44, 0.084,277.13, 27.39, 44.34, 35.87,
1993,45, 0.061,275.38, 20.38, 34.85, 27.62,
1993,46, 0.041,273.73, 13.97, 26.87, 20.42,
1993,47, 0.026,272.26,  9.46, 20.70, 15.08,
1993,48, 0.022,271.34,  9.77, 12.91, 11.34,
1993,49, 0.019,270.70, 10.18,  5.86,  8.02,
1993,50, 0.016,269.82,  9.27,  3.25,  6.26,
1993,51, 0.019,269.16, 12.09,  2.82,  7.45,
1993,52, 0.025,268.26, 19.05,  3.53, 11.29,
1994, 1, 0.034,266.38, 37.20,  7.79, 22.50,
1994, 2, 0.048,263.67, 62.93, 17.97, 40.45,
1994, 3, 0.073,261.79, 92.81, 27.04, 59.93,
1994, 4, 0.070,260.64, 89.60, 35.69, 62.65,
1994, 5, 0.068,260.12, 83.67, 43.53, 63.60,
1994, 6, 0.065,259.97, 72.25, 50.82, 61.54,
1994, 7, 0.061,259.49, 57.20, 58.64, 57.92,
1994, 8, 0.058,260.03, 46.92, 62.67, 54.79,
1994, 9, 0.057,261.19, 40.19, 66.04, 53.12,
1994,10, 0.057,263.27, 34.27, 69.38, 51.83,
1994,11, 0.060,266.32, 31.61, 72.26, 51.94,
1994,12, 0.065,270.36, 30.79, 69.28, 50.03,
1994,13, 0.077,275.29, 32.59, 61.12, 46.85,
1994,14, 0.094,280.14, 35.05, 49.78, 42.41,
1994,15, 0.116,284.14, 37.28, 43.38, 40.33,
1994,16, 0.147,287.82, 40.89, 40.04, 40.46,
1994,17, 0.182,289.93, 43.68, 45.34, 44.51,
1994,18, 0.225,291.48, 47.92, 56.56, 52.24,
1994,19, 0.269,292.45, 52.15, 70.04, 61.09,
1994,20, 0.307,292.80, 54.31, 80.48, 67.39,
1994,21, 0.342,293.68, 57.44, 83.83, 70.64,
1994,22, 0.368,294.50, 58.04, 84.27, 71.15,
1994,23, 0.386,294.55, 58.89, 89.58, 74.23,
1994,24, 0.402,295.04, 65.80, 93.07, 79.44,
1994,25, 0.410,296.05, 71.69, 92.41, 82.05,
1994,26, 0.412,297.26, 74.68, 87.39, 81.03,
1994,27, 0.403,298.09, 71.89, 79.98, 75.94,
1994,28, 0.383,298.83, 65.43, 72.77, 69.10,
1994,29, 0.361,299.80, 58.84, 64.29, 61.56,
1994,30, 0.337,300.31, 51.55, 60.01, 55.78,
1994,31, 0.314,300.47, 45.56, 58.21, 51.89,
1994,32, 0.292,300.51, 39.70, 56.02, 47.86,
1994,33, 0.270,300.56, 32.65, 52.19, 42.42,
1994,34, 0.253,300.69, 28.32, 45.54, 36.93,
1994,35, 0.241,300.87, 28.21, 34.93, 31.57,
1994,36, 0.239,300.90, 35.60, 21.88, 28.74,
1994,37,-1.000, -1.00, -1.00, -1.00, -1.00,
1994,38,-1.000, -1.00, -1.00, -1.00, -1.00,
1994,39,-1.000, -1.00, -1.00, -1.00, -1.00,
1994,40,-1.000, -1.00, -1.00, -1.00, -1.00,
1994,41,-1.000, -1.00, -1.00, -1.00, -1.00,
1994,42,-1.000, -1.00, -1.00, -1.00, -1.00,
1994,43,-1.000, -1.00, -1.00, -1.00, -1.00,
1994,44,-1.000, -1.00, -1.00, -1.00, -1.00,
1994,45,-1.000, -1.00, -1.00, -1.00, -1.00,
1994,46,-1.000, -1.00, -1.00, -1.00, -1.00,
1994,47,-1.000, -1.00, -1.00, -1.00, -1.00,
1994,48,-1.000, -1.00, -1.00, -1.00, -1.00,
1994,49,-1.000, -1.00, -1.00, -1.00, -1.00,
1994,50,-1.000, -1.00, -1.00, -1.00, -1.00,
1994,51,-1.000, -1.00, -1.00, -1.00, -1.00,
1994,52,-1.000, -1.00, -1.00, -1.00, -1.00,
1995, 1,-1.000, -1.00, -1.00, -1.00, -1.00,
1995, 2,-1.000, -1.00, -1.00, -1.00, -1.00,
1995, 3,-1.000, -1.00, -1.00, -1.00, -1.00,
1995, 4,-1.000, -1.00, -1.00, -1.00, -1.00,
1995, 5,-1.000, -1.00, -1.00, -1.00, -1.00,
1995, 6,-1.000, -1.00, -1.00, -1.00, -1.00,
1995, 7, 0.033,265.11, 25.46, 38.08, 31.77,
1995, 8, 0.034,270.13, 23.46, 28.71, 26.08,
1995, 9, 0.036,273.68, 21.86, 24.78, 23.32,
1995,10, 0.040,276.54, 20.98, 24.39, 22.68,
1995,11, 0.045,278.39, 21.47, 28.33, 24.90,
1995,12, 0.052,280.13, 22.90, 32.85, 27.88,
1995,13, 0.067,282.17, 27.31, 35.84, 31.57,
1995,14, 0.089,284.71, 32.01, 33.49, 32.75,
1995,15, 0.117,287.62, 37.21, 31.02, 34.11,
1995,16, 0.148,290.15, 41.09, 31.51, 36.30,
1995,17, 0.186,291.79, 45.07, 37.15, 41.11,
1995,18, 0.232,293.94, 50.48, 41.73, 46.10,
1995,19, 0.279,296.47, 55.91, 41.14, 48.52,
1995,20, 0.327,298.59, 62.38, 36.86, 49.62,
1995,21, 0.367,300.44, 68.99, 30.51, 49.75,
1995,22, 0.391,301.40, 70.29, 27.40, 48.84,
1995,23, 0.406,302.23, 70.26, 23.65, 46.96,
1995,24, 0.406,302.07, 67.26, 29.59, 48.42,
1995,25, 0.404,301.60, 67.81, 39.54, 53.67,
1995,26, 0.406,301.62, 71.32, 44.22, 57.77,
1995,27, 0.407,301.66, 73.67, 45.64, 59.65,
1995,28, 0.403,301.79, 75.69, 45.25, 60.47,
1995,29, 0.393,301.85, 75.00, 45.44, 60.22,
1995,30, 0.379,301.83, 72.29, 46.23, 59.26,
1995,31, 0.360,301.61, 68.27, 48.27, 58.27,
1995,32, 0.342,301.29, 65.08, 49.44, 57.26,
1995,33, 0.327,301.01, 62.40, 48.62, 55.51,
1995,34, 0.314,300.69, 61.33, 46.29, 53.81,
1995,35, 0.301,299.97, 62.14, 43.82, 52.98,
1995,36, 0.286,298.74, 62.51, 40.09, 51.30,
1995,37, 0.268,296.90, 61.93, 38.87, 50.40,
1995,38, 0.254,294.64, 65.17, 42.07, 53.62,
1995,39, 0.244,292.49, 70.62, 41.44, 56.03,
1995,40, 0.233,290.27, 72.86, 39.97, 56.42,
1995,41, 0.217,287.78, 72.45, 36.73, 54.59,
1995,42, 0.197,285.01, 70.49, 35.10, 52.79,
1995,43, 0.170,281.97, 65.51, 34.89, 50.20,
1995,44, 0.133,278.38, 53.74, 36.74, 45.24,
1995,45, 0.102,274.69, 43.09, 38.54, 40.81,
1995,46, 0.077,271.51, 34.48, 37.14, 35.81,
1995,47, 0.058,269.08, 27.58, 34.52, 31.05,
1995,48, 0.045,266.90, 22.62, 31.59, 27.10,
1995,49, 0.035,264.52, 17.02, 30.72, 23.87,
1995,50, 0.026,262.95, 10.58, 28.13, 19.36,
1995,51, 0.020,262.13,  5.80, 27.66, 16.73,
1995,52, 0.018,261.21,  4.97, 29.77, 17.37,
1996, 1, 0.016,260.05,  4.08, 33.77, 18.93,
1996, 2, 0.014,258.85,  2.16, 39.06, 20.61,
1996, 3, 0.011,258.56,  1.45, 40.95, 21.20,
1996, 4, 0.009,258.17,  0.68, 46.00, 23.34,
1996, 5, 0.008,257.30,  0.48, 54.70, 27.59,
1996, 6, 0.007,256.20,  0.47, 64.69, 32.58,
1996, 7, 0.009,256.52,  0.69, 68.24, 34.47,
1996, 8, 0.010,257.71,  1.33, 69.60, 35.47,
1996, 9, 0.014,260.17,  3.40, 69.16, 36.28,
1996,10, 0.024,263.79,  9.01, 67.79, 38.40,
1996,11, 0.038,268.78, 16.74, 63.93, 40.34,
1996,12, 0.059,273.97, 26.40, 56.66, 41.53,
1996,13, 0.082,278.31, 34.83, 50.84, 42.84,
1996,14, 0.110,282.13, 41.69, 43.39, 42.54,
1996,15, 0.146,286.03, 49.83, 37.28, 43.56,
1996,16, 0.186,290.06, 56.08, 32.01, 44.05,
1996,17, 0.229,293.38, 60.85, 29.26, 45.06,
1996,18, 0.272,295.94, 64.97, 28.62, 46.79,
1996,19, 0.307,297.53, 66.34, 32.11, 49.23,
1996,20, 0.339,298.82, 66.99, 34.18, 50.58,
1996,21, 0.360,299.31, 65.37, 39.48, 52.43,
1996,22, 0.376,300.10, 61.56, 38.31, 49.94,
1996,23, 0.385,301.13, 57.50, 33.69, 45.60,
1996,24, 0.387,302.21, 55.51, 28.46, 41.99,
1996,25, 0.382,303.51, 54.87, 20.31, 37.59,
1996,26, 0.371,304.56, 51.45, 14.75, 33.10,
1996,27, 0.351,305.07, 43.44, 13.17, 28.30,
1996,28, 0.332,305.28, 38.79, 13.01, 25.90,
1996,29, 0.315,305.39, 34.85, 12.66, 23.76,
1996,30, 0.294,304.68, 29.25, 19.32, 24.29,
1996,31, 0.276,303.45, 26.33, 30.50, 28.42,
1996,32, 0.262,302.02, 24.85, 41.84, 33.35,
1996,33, 0.255,300.44, 24.94, 52.88, 38.91,
1996,34, 0.246,298.61, 24.20, 64.72, 44.46,
1996,35, 0.240,296.81, 27.26, 74.00, 50.63,
1996,36, 0.232,294.33, 30.75, 84.71, 57.73,
1996,37, 0.230,292.14, 39.21, 88.64, 63.92,
1996,38, 0.233,290.57, 51.69, 85.26, 68.47,
1996,39, 0.234,289.28, 64.46, 75.22, 69.84,
1996,40, 0.231,287.99, 71.62, 63.29, 67.46,
1996,41, 0.223,286.61, 75.30, 47.99, 61.64,
1996,42, 0.209,284.82, 76.57, 36.34, 56.46,
1996,43, 0.187,282.85, 74.14, 27.83, 50.98,
1996,44, 0.173,281.22, 74.64, 18.88, 46.76,
1996,45, 0.160,279.10, 75.64, 14.69, 45.16,
1996,46, 0.143,276.58, 75.03, 13.54, 44.28,
1996,47, 0.122,273.70, 70.64, 14.36, 42.50,
1996,48, 0.099,270.43, 62.64, 16.48, 39.56,
1996,49, 0.075,267.31, 49.79, 18.71, 34.25,
1996,50, 0.056,263.83, 38.75, 23.98, 31.36,
1996,51, 0.045,261.36, 35.33, 30.56, 32.94,
1996,52, 0.037,259.60, 32.94, 36.49, 34.72,
1997, 1, 0.031,258.97, 31.47, 38.50, 34.99,
1997, 2, 0.025,259.25, 22.78, 37.27, 30.02,
1997, 3, 0.021,259.79, 17.69, 35.51, 26.60,
1997, 4, 0.020,261.20, 17.40, 32.61, 25.01,
1997, 5, 0.022,262.44, 20.03, 32.73, 26.38,
1997, 6, 0.025,263.82, 22.15, 34.79, 28.47,
1997, 7, 0.033,266.85, 25.46, 31.48, 28.47,
1997, 8, 0.042,269.68, 30.62, 29.94, 30.28,
1997, 9, 0.055,273.39, 36.69, 25.73, 31.21,
1997,10, 0.070,277.38, 42.78, 21.60, 32.19,
1997,11, 0.090,280.98, 49.91, 18.71, 34.31,
1997,12, 0.109,284.13, 55.11, 17.58, 36.35,
1997,13, 0.127,286.20, 58.41, 20.78, 39.60,
1997,14, 0.149,287.86, 60.41, 22.01, 41.21,
1997,15, 0.177,289.98, 63.37, 22.29, 42.83,
1997,16, 0.215,292.15, 67.50, 23.65, 45.58,
1997,17, 0.262,294.18, 73.35, 25.38, 49.36,
1997,18, 0.305,294.97, 77.21, 34.90, 56.05,
1997,19, 0.341,296.13, 79.22, 43.05, 61.13,
1997,20, 0.370,297.48, 79.95, 45.27, 62.61,
1997,21, 0.386,297.24, 77.83, 56.62, 67.23,
1997,22, 0.397,297.05, 73.58, 64.18, 68.88,
1997,23, 0.408,297.28, 71.83, 68.30, 70.07,
1997,24, 0.420,297.54, 76.23, 73.80, 75.02,
1997,25, 0.425,297.58, 80.71, 80.11, 80.41,
1997,26, 0.425,297.35, 82.56, 86.87, 84.72,
1997,27, 0.422,296.91, 82.42, 90.63, 86.52,
1997,28, 0.415,296.44, 82.33, 93.72, 88.02,
1997,29, 0.413,296.36, 85.35, 94.73, 90.04,
1997,30, 0.414,296.41, 89.80, 94.75, 92.28,
1997,31, 0.411,296.28, 93.20, 95.71, 94.46,
1997,32, 0.404,295.96, 95.11, 96.91, 96.01,
1997,33, 0.395,295.70, 95.77, 96.60, 96.18,
1997,34, 0.380,295.37, 95.64, 95.06, 95.35,
1997,35, 0.361,294.86, 94.73, 93.18, 93.95,
1997,36, 0.344,294.03, 94.89, 88.05, 91.47,
1997,37, 0.325,292.85, 94.88, 81.32, 88.10,
1997,38, 0.299,291.29, 92.35, 77.46, 84.91,
1997,39, 0.266,288.94, 84.28, 78.72, 81.50,
1997,40, 0.229,286.72, 71.20, 76.29, 73.74,
1997,41, 0.198,284.80, 62.14, 65.66, 63.90,
1997,42, 0.178,282.67, 60.08, 55.45, 57.77,
1997,43, 0.158,280.08, 59.15, 48.36, 53.75,
1997,44, 0.137,277.31, 56.18, 42.99, 49.58,
1997,45, 0.112,274.46, 49.46, 39.50, 44.48,
1997,46, 0.088,271.29, 42.12, 38.03, 40.08,
1997,47, 0.071,267.88, 36.71, 39.64, 38.17,
1997,48, 0.057,264.55, 31.73, 41.33, 36.53,
1997,49, 0.051,262.16, 30.57, 40.40, 35.49,
1997,50, 0.048,260.26, 31.98, 39.42, 35.70,
1997,51, 0.046,258.99, 36.53, 41.47, 39.00,
1997,52, 0.045,258.48, 44.46, 42.56, 43.51,
1998, 1, 0.047,259.58, 60.26, 36.25, 48.26,
1998, 2, 0.051,261.60, 68.98, 26.50, 47.74,
1998, 3, 0.055,263.04, 73.47, 21.09, 47.28,
1998, 4, 0.056,263.66, 71.65, 22.11, 46.88,
1998, 5, 0.057,264.26, 68.95, 25.45, 47.20,
1998, 6, 0.057,265.15, 61.34, 30.06, 45.70,
1998, 7, 0.056,266.09, 50.96, 34.80, 42.88,
1998, 8, 0.054,266.33, 42.53, 41.58, 42.06,
1998, 9, 0.054,267.02, 36.98, 47.07, 42.03,
1998,10, 0.057,268.30, 33.62, 52.71, 43.17,
1998,11, 0.062,270.55, 32.75, 57.54, 45.14,
1998,12, 0.072,273.35, 34.82, 59.07, 46.94,
1998,13, 0.090,277.78, 39.51, 52.65, 46.08,
1998,14, 0.113,282.07, 43.50, 43.29, 43.39,
1998,15, 0.145,286.13, 49.68, 36.57, 43.12,
1998,16, 0.185,289.60, 55.81, 33.52, 44.66,
1998,17, 0.231,292.39, 61.80, 33.77, 47.79,
1998,18, 0.272,294.14, 65.18, 40.07, 52.62,
1998,19, 0.311,295.63, 68.06, 47.03, 57.55,
1998,20, 0.345,297.03, 69.84, 49.00, 59.42,
1998,21, 0.372,297.67, 71.45, 53.12, 62.28,
1998,22, 0.390,298.11, 69.29, 55.10, 62.20,
1998,23, 0.400,298.93, 66.66, 53.31, 59.98,
1998,24, 0.403,299.78, 65.84, 51.79, 58.82,
1998,25, 0.404,300.20, 67.94, 53.59, 60.76,
1998,26, 0.402,300.51, 69.63, 55.39, 62.51,
1998,27, 0.398,301.15, 69.56, 50.58, 60.07,
1998,28, 0.393,302.09, 70.82, 42.38, 56.60,
1998,29, 0.386,302.99, 71.50, 34.64, 53.07,
1998,30, 0.375,303.56, 70.12, 29.84, 49.98,
1998,31, 0.355,303.61, 65.97, 29.32, 47.64,
1998,32, 0.337,303.01, 62.18, 33.12, 47.65,
1998,33, 0.322,301.99, 58.98, 39.09, 49.04,
1998,34, 0.308,301.05, 57.38, 42.52, 49.95,
1998,35, 0.293,300.47, 57.56, 38.38, 47.97,
1998,36, 0.275,299.45, 55.80, 32.05, 43.93,
1998,37, 0.254,297.83, 53.61, 28.23, 40.92,
1998,38, 0.234,295.81, 52.67, 28.29, 40.48,
1998,39, 0.213,293.10, 51.85, 34.05, 42.95,
1998,40, 0.191,289.92, 48.79, 43.18, 45.98,
1998,41, 0.168,287.02, 45.57, 44.19, 44.88,
1998,42, 0.145,284.13, 42.98, 42.71, 42.85,
1998,43, 0.125,281.32, 41.55, 39.14, 40.35,
1998,44, 0.105,278.35, 39.06, 36.09, 37.57,
1998,45, 0.090,275.03, 37.32, 35.71, 36.52,
1998,46, 0.078,270.99, 36.37, 38.57, 37.47,
1998,47, 0.069,267.85, 36.17, 39.06, 37.62,
1998,48, 0.062,265.52, 36.91, 36.78, 36.84,
1998,49, 0.055,264.18, 34.95, 31.58, 33.26,
1998,50, 0.050,263.51, 35.20, 25.41, 30.30,
1998,51, 0.049,262.41, 40.87, 26.20, 33.53,
1998,52, 0.045,260.68, 45.64, 31.94, 38.79,
1999, 1, 0.043,259.69, 54.81, 35.41, 45.11,
1999, 2, 0.043,259.64, 57.11, 35.71, 46.41,
1999, 3, 0.044,259.07, 57.69, 38.94, 48.32,
1999, 4, 0.045,256.98, 56.20, 51.41, 53.81,
1999, 5, 0.045,255.29, 53.49, 63.14, 58.32,
1999, 6, 0.047,256.39, 50.17, 63.74, 56.95,
1999, 7, 0.051,258.28, 45.52, 61.66, 53.59,
1999, 8, 0.052,260.47, 40.53, 60.13, 50.33,
1999, 9, 0.056,263.88, 38.52, 56.70, 47.61,
1999,10, 0.064,268.80, 39.23, 50.66, 44.95,
1999,11, 0.078,274.42, 42.86, 42.92, 42.89,
1999,12, 0.097,278.59, 48.94, 38.75, 43.85,
1999,13, 0.122,282.36, 56.04, 35.10, 45.57,
1999,14, 0.154,286.39, 63.24, 27.17, 45.21,
1999,15, 0.193,290.49, 70.71, 20.15, 45.43,
1999,16, 0.231,293.20, 74.18, 19.35, 46.77,
1999,17, 0.267,294.35, 75.41, 24.32, 49.87,
1999,18, 0.299,295.29, 75.41, 32.75, 54.08,
1999,19, 0.331,296.90, 75.96, 37.28, 56.62,
1999,20, 0.364,298.33, 77.68, 38.43, 58.05,
1999,21, 0.393,299.66, 81.06, 36.65, 58.85,
1999,22, 0.411,301.04, 80.86, 30.12, 55.49,
1999,23, 0.419,302.19, 78.14, 23.66, 50.90,
1999,24, 0.417,302.82, 74.49, 21.98, 48.24,
1999,25, 0.407,303.31, 70.51, 21.66, 46.08,
1999,26, 0.392,303.68, 64.53, 22.69, 43.61,
1999,27, 0.378,304.18, 58.76, 20.74, 39.75,
1999,28, 0.363,304.56, 55.11, 18.78, 36.94,
1999,29, 0.345,304.51, 50.66, 19.98, 35.32,
1999,30, 0.327,304.39, 46.07, 21.68, 33.87,
1999,31, 0.310,303.86, 42.96, 26.63, 34.79,
1999,32, 0.294,303.27, 40.23, 30.42, 35.32,
1999,33, 0.281,302.67, 37.59, 32.38, 34.99,
1999,34, 0.270,301.83, 36.53, 34.60, 35.57,
1999,35, 0.253,300.39, 34.60, 38.56, 36.58,
1999,36, 0.234,299.17, 32.00, 34.40, 33.20,
1999,37, 0.213,298.01, 28.64, 25.64, 27.14,
1999,38, 0.188,296.60, 24.35, 19.46, 21.91,
1999,39, 0.163,294.14, 20.35, 22.77, 21.56,
1999,40, 0.137,290.79, 17.17, 33.94, 25.56,
1999,41, 0.113,286.39, 14.28, 50.76, 32.52,
1999,42, 0.094,282.30, 14.33, 59.62, 36.97,
1999,43, 0.078,278.80, 15.26, 58.07, 36.66,
1999,44, 0.065,275.54, 16.10, 53.52, 34.81,
1999,45, 0.056,271.85, 16.62, 52.95, 34.79,
1999,46, 0.049,267.29, 17.23, 56.10, 36.67,
1999,47, 0.043,263.69, 18.26, 57.50, 37.88,
1999,48, 0.040,261.14, 19.44, 55.58, 37.51,
1999,49, 0.038,260.08, 20.93, 49.01, 34.97,
1999,50, 0.036,260.28, 21.28, 39.25, 30.26,
1999,51, 0.034,260.51, 23.23, 34.56, 28.90,
1999,52, 0.033,260.71, 27.57, 31.66, 29.61,
2000, 1, 0.033,260.79, 36.37, 29.86, 33.12,
2000, 2, 0.033,260.71, 37.98, 30.31, 34.14,
2000, 3, 0.033,259.80, 38.49, 35.47, 36.98,
2000, 4, 0.033,259.54, 38.18, 40.13, 39.16,
2000, 5, 0.033,260.15, 36.21, 42.86, 39.54,
2000, 6, 0.032,260.98, 30.87, 46.32, 38.59,
2000, 7, 0.031,262.41, 24.05, 47.79, 35.92,
2000, 8, 0.031,263.70, 20.29, 50.02, 35.16,
2000, 9, 0.033,265.16, 19.04, 52.57, 35.81,
2000,10, 0.036,266.61, 18.18, 57.52, 37.85,
2000,11, 0.042,269.02, 19.47, 61.84, 40.66,
2000,12, 0.050,272.20, 21.43, 62.05, 41.74,
2000,13, 0.062,276.88, 24.67, 55.31, 39.99,
2000,14, 0.082,282.46, 28.73, 41.60, 35.16,
2000,15, 0.109,287.15, 33.56, 32.74, 33.15,
2000,16, 0.148,290.42, 40.99, 30.38, 35.69,
2000,17, 0.192,292.72, 47.06, 32.36, 39.71,
2000,18, 0.230,293.92, 49.54, 41.48, 45.51,
2000,19, 0.261,294.75, 48.74, 53.69, 51.22,
2000,20, 0.292,295.92, 47.92, 58.08, 53.00,
2000,21, 0.316,296.79, 45.17, 60.40, 52.79,
2000,22, 0.339,297.70, 42.22, 58.80, 50.51,
2000,23, 0.355,298.04, 39.87, 61.56, 50.71,
2000,24, 0.372,298.29, 46.52, 66.73, 56.62,
2000,25, 0.387,298.41, 57.44, 72.19, 64.82,
2000,26, 0.393,298.50, 63.68, 75.97, 69.82,
2000,27, 0.389,298.68, 63.83, 74.47, 69.15,
2000,28, 0.378,298.67, 62.08, 74.09, 68.09,
2000,29, 0.363,298.92, 59.43, 72.30, 65.87,
2000,30, 0.349,299.39, 56.96, 68.37, 62.66,
2000,31, 0.324,298.92, 50.02, 72.32, 61.17,
2000,32, 0.300,298.40, 43.22, 75.14, 59.18,
2000,33, 0.281,298.05, 37.97, 75.24, 56.60,
2000,34, 0.262,297.05, 32.68, 79.58, 56.13,
2000,35, 0.249,295.41, 32.26, 87.05, 59.66,
2000,36, 0.238,293.66, 34.45, 89.66, 62.05,
2000,37, 0.230,291.86, 38.83, 89.35, 64.09,
2000,38, 0.229,290.93, 49.15, 81.20, 65.18,
2000,39, 0.225,289.99, 58.79, 68.01, 63.40,
2000,40, 0.217,288.60, 63.13, 57.28, 60.20,
2000,41, 0.202,286.64, 63.06, 48.00, 55.53,
2000,42, 0.181,284.43, 61.06, 39.97, 50.51,
2000,43, 0.156,281.88, 57.62, 35.05, 46.33,
2000,44, 0.120,278.78, 46.26, 33.56, 39.91,
2000,45, 0.091,276.20, 36.86, 29.86, 33.36,
2000,46, 0.071,273.55, 31.69, 27.43, 29.56,
2000,47, 0.059,271.81, 29.11, 22.62, 25.86,
2000,48, 0.053,271.32, 30.03, 13.01, 21.52,
2000,49, 0.050,270.75, 31.50,  5.64, 18.57,
2000,50, 0.046,269.37, 30.86,  3.94, 17.40,
2000,51, 0.042,268.33, 33.85,  4.35, 19.10,
2000,52, 0.046,267.95, 45.10,  3.82, 24.46,
2001, 1, 0.048,267.26, 61.44,  4.70, 33.07,
2001, 2, 0.057,266.20, 76.26,  8.38, 42.32,
2001, 3, 0.061,265.46, 78.02, 12.29, 45.15,
2001, 4, 0.062,265.27, 74.51, 16.00, 45.25,
2001, 5, 0.058,265.07, 66.58, 22.34, 44.46,
2001, 6, 0.057,264.97, 59.48, 30.86, 45.17,
2001, 7, 0.060,265.46, 54.12, 37.06, 45.59,
2001, 8, 0.067,267.41, 52.89, 37.82, 45.35,
2001, 9, 0.078,270.39, 55.50, 35.64, 45.57,
2001,10, 0.096,273.39, 61.03, 35.12, 48.07,
2001,11, 0.116,276.94, 66.45, 33.69, 50.07,
2001,12, 0.135,280.05, 69.95, 33.38, 51.66,
2001,13, 0.159,283.51, 74.29, 31.08, 52.69,
2001,14, 0.185,286.05, 76.38, 28.74, 52.56,
2001,15, 0.209,288.48, 76.08, 27.99, 52.03,
2001,16, 0.237,290.74, 75.30, 29.30, 52.30,
2001,17, 0.271,292.10, 75.65, 35.60, 55.62,
2001,18, 0.305,292.72, 76.39, 49.22, 62.80,
2001,19, 0.335,293.10, 76.42, 65.62, 71.02,
2001,20, 0.360,293.84, 75.63, 75.10, 75.37,
2001,21, 0.379,294.25, 74.19, 81.35, 77.77,
2001,22, 0.395,294.27, 72.14, 87.46, 79.80,
2001,23, 0.407,295.10, 70.88, 87.73, 79.30,
2001,24, 0.415,296.51, 73.05, 84.04, 78.55,
2001,25, 0.419,297.75, 76.38, 78.99, 77.69,
2001,26, 0.419,299.39, 78.88, 67.22, 73.05,
2001,27, 0.414,300.98, 77.81, 52.46, 65.13,
2001,28, 0.400,302.16, 73.85, 41.85, 57.85,
2001,29, 0.380,302.81, 68.18, 36.37, 52.28,
2001,30, 0.363,303.68, 63.92, 28.64, 46.28,
2001,31, 0.347,304.33, 61.35, 22.44, 41.90,
2001,32, 0.323,303.50, 54.89, 28.18, 41.54,
2001,33, 0.303,302.44, 49.54, 34.35, 41.95,
2001,34, 0.289,301.67, 47.24, 36.00, 41.62,
2001,35, 0.269,299.95, 44.17, 42.95, 43.56,
2001,36, 0.252,297.84, 42.88, 48.47, 45.67,
2001,37, 0.237,295.70, 43.94, 50.68, 47.31,
2001,38, 0.225,293.41, 47.94, 54.46, 51.20,
2001,39, 0.214,291.20, 52.51, 54.59, 53.55,
2001,40, 0.201,288.06, 54.64, 62.81, 58.72,
2001,41, 0.187,285.00, 56.16, 64.52, 60.34,
2001,42, 0.173,282.61, 58.33, 56.33, 57.33,
2001,43, 0.158,279.86, 60.37, 49.94, 55.15,
2001,44, 0.141,276.20, 59.82, 49.05, 54.43,
2001,45, 0.119,271.22, 54.75, 55.40, 55.07,
2001,46, 0.098,265.76, 49.31, 61.48, 55.39,
2001,47, 0.085,261.63, 47.78, 64.16, 55.97,
2001,48, 0.070,256.70, 43.16, 71.55, 57.35,
2001,49, 0.061,252.91, 39.97, 76.06, 58.01,
2001,50, 0.057,250.95, 42.13, 76.04, 59.09,
2001,51, 0.054,250.13, 47.41, 77.89, 62.65,
2001,52, 0.050,250.06, 53.28, 79.25, 66.27,
2002, 1, 0.050,251.17, 67.27, 75.36, 71.32,
2002, 2, 0.051,253.80, 70.47, 63.20, 66.83,
2002, 3, 0.056,258.34, 76.98, 42.54, 59.76,
2002, 4, 0.062,263.16, 81.26, 24.15, 52.71,
2002, 5, 0.065,266.79, 79.70, 14.22, 46.96,
2002, 6, 0.073,270.52, 79.80,  8.63, 44.22,
2002, 7, 0.084,274.36, 79.13,  5.11, 42.12,
2002, 8, 0.095,277.33, 78.50,  4.79, 41.65,
2002, 9, 0.106,279.66, 78.59,  5.27, 41.93,
2002,10, 0.117,281.85, 77.53,  6.47, 42.00,
2002,11, 0.135,284.57, 79.92,  5.40, 42.66,
2002,12, 0.156,287.26, 83.00,  5.61, 44.30,
2002,13, 0.178,289.49, 84.86,  8.54, 46.70,
2002,14, 0.203,291.49, 85.55,  8.85, 47.20,
2002,15, 0.227,293.15, 84.63, 10.68, 47.66,
2002,16, 0.254,295.09, 82.93, 12.26, 47.59,
2002,17, 0.287,297.13, 82.62, 11.17, 46.90,
2002,18, 0.323,298.30, 83.74, 13.81, 48.77,
2002,19, 0.353,299.57, 83.77, 16.79, 50.28,
2002,20, 0.372,300.73, 80.61, 18.88, 49.75,
2002,21, 0.380,301.15, 74.95, 24.42, 49.69,
2002,22, 0.381,301.39, 64.54, 27.49, 46.02,
2002,23, 0.374,301.54, 50.89, 29.99, 40.44,
2002,24, 0.361,302.04, 39.43, 30.19, 34.81,
2002,25, 0.349,303.05, 35.29, 25.07, 30.18,
2002,26, 0.337,303.88, 33.01, 21.61, 27.31,
2002,27, 0.326,304.47, 29.95, 18.90, 24.42,
2002,28, 0.316,304.80, 30.38, 17.50, 23.94,
2002,29, 0.305,304.48, 29.75, 21.23, 25.49,
2002,30, 0.298,303.70, 31.22, 28.68, 29.95,
2002,31, 0.298,303.19, 37.44, 33.15, 35.30,
2002,32, 0.298,302.63, 42.49, 36.40, 39.44,
2002,33, 0.294,301.83, 44.85, 40.28, 42.56,
2002,34, 0.289,300.91, 47.29, 43.36, 45.32,
2002,35, 0.278,299.33, 48.76, 49.38, 49.07,
2002,36, 0.264,297.27, 49.70, 54.72, 52.21,
2002,37, 0.251,294.48, 51.46, 64.40, 57.93,
2002,38, 0.239,291.11, 55.60, 80.19, 67.89,
2002,39, 0.230,288.39, 62.01, 85.29, 73.65,
2002,40, 0.221,286.24, 65.67, 82.13, 73.90,
2002,41, 0.209,283.25, 67.59, 81.70, 74.64,
2002,42, 0.190,279.77, 66.76, 81.42, 74.09,
2002,43, 0.163,275.98, 61.81, 78.08, 69.95,
2002,44, 0.145,273.09, 60.59, 68.12, 64.35,
2002,45, 0.136,270.72, 63.89, 58.93, 61.41,
2002,46, 0.134,268.56, 71.00, 50.41, 60.70,
2002,47, 0.136,266.97, 80.71, 43.53, 62.12,
2002,48, 0.134,265.43, 88.55, 37.81, 63.18,
2002,49, 0.130,264.20, 92.39, 32.05, 62.22,
2002,50, 0.119,262.02, 95.45, 32.07, 63.76,
2002,51, 0.100,259.31, 96.16, 40.03, 68.09,
2002,52, 0.083,258.61, 95.60, 41.91, 68.75,
2003, 1, 0.068,258.21, 88.48, 42.88, 65.68,
2003, 2, 0.056,256.84, 75.67, 48.87, 62.27,
2003, 3, 0.046,255.45, 59.62, 55.19, 57.41,
2003, 4, 0.037,254.25, 43.26, 63.39, 53.33,
2003, 5, 0.030,254.59, 31.35, 66.39, 48.87,
2003, 6, 0.025,255.76, 21.80, 66.61, 44.21,
2003, 7, 0.022,257.06, 14.54, 66.46, 40.50,
2003, 8, 0.022,258.74, 11.88, 66.35, 39.12,
2003, 9, 0.023,260.86, 10.86, 66.89, 38.87,
2003,10, 0.026,263.21, 10.94, 69.59, 40.26,
2003,11, 0.033,265.42, 13.78, 75.92, 44.85,
2003,12, 0.046,268.46, 19.28, 76.53, 47.91,
2003,13, 0.064,273.68, 25.43, 67.55, 46.49,
2003,14, 0.086,279.67, 30.58, 52.04, 41.31,
2003,15, 0.112,285.21, 35.27, 40.16, 37.71,
2003,16, 0.138,289.74, 37.12, 33.32, 35.22,
2003,17, 0.165,293.56, 37.13, 28.75, 32.94,
2003,18, 0.196,297.21, 37.20, 21.53, 29.36,
2003,19, 0.231,300.14, 37.54, 14.55, 26.05,
2003,20, 0.263,301.81, 36.29, 12.75, 24.52,
2003,21, 0.288,302.85, 32.51, 12.99, 22.75,
2003,22, 0.305,303.09, 25.03, 15.11, 20.07,
2003,23, 0.315,302.31, 19.29, 23.82, 21.56,
2003,24, 0.322,301.13, 19.77, 39.50, 29.63,
2003,25, 0.333,299.75, 27.09, 58.97, 43.03,
2003,26, 0.347,298.56, 38.61, 74.88, 56.75,
2003,27, 0.365,297.65, 51.02, 82.73, 66.88,
2003,28, 0.386,297.03, 66.25, 86.97, 76.61,
2003,29, 0.399,296.39, 76.56, 91.39, 83.98,
2003,30, 0.409,296.20, 83.36, 92.95, 88.15,
2003,31, 0.417,296.63, 88.46, 90.90, 89.68,
2003,32, 0.413,296.43, 90.01, 90.67, 90.34,
2003,33, 0.403,296.52, 90.17, 88.11, 89.14,
2003,34, 0.387,296.41, 89.28, 85.54, 87.41,
2003,35, 0.367,295.81, 88.33, 84.07, 86.20,
2003,36, 0.346,295.07, 87.19, 77.89, 82.54,
2003,37, 0.321,294.31, 85.62, 66.27, 75.94,
2003,38, 0.290,293.40, 82.43, 54.90, 68.67,
2003,39, 0.263,291.73, 79.06, 48.74, 63.90,
2003,40, 0.233,289.23, 72.37, 50.35, 61.36,
2003,41, 0.206,286.60, 66.17, 48.34, 57.25,
2003,42, 0.175,283.10, 59.04, 52.26, 55.65,
2003,43, 0.150,280.08, 55.45, 48.70, 52.08,
2003,44, 0.133,277.81, 54.33, 39.64, 46.99,
2003,45, 0.113,275.16, 50.97, 35.23, 43.10,
2003,46, 0.096,272.37, 47.95, 32.45, 40.20,
2003,47, 0.080,268.86, 43.67, 34.71, 39.19,
2003,48, 0.068,265.53, 41.06, 36.62, 38.84,
2003,49, 0.062,262.68, 40.50, 37.56, 39.03,
2003,50, 0.057,260.22, 40.49, 38.96, 39.72,
2003,51, 0.049,257.19, 40.34, 48.11, 44.23,
2003,52, 0.043,252.66, 41.68, 64.11, 52.90,
2004, 1, 0.038,248.44, 45.00, 76.10, 60.55,
2004, 2,-1.000, -1.00, -1.00, -1.00, -1.00,
2004, 3,-1.000, -1.00, -1.00, -1.00, -1.00,
2004, 4,-1.000, -1.00, -1.00, -1.00, -1.00,
2004, 5, 0.040,247.26, 45.73, 82.89, 64.31,
2004, 6, 0.041,248.64, 42.72, 84.22, 63.47,
2004, 7, 0.044,250.48, 38.14, 83.13, 60.63,
2004, 8, 0.048,252.93, 36.50, 80.41, 58.46,
2004, 9, 0.053,255.43, 36.12, 79.05, 57.59,
2004,10, 0.062,259.71, 37.44, 77.93, 57.68,
2004,11,-1.000, -1.00, -1.00, -1.00, -1.00,
2004,12,-1.000, -1.00, -1.00, -1.00, -1.00,
2004,13,-1.000, -1.00, -1.00, -1.00, -1.00,
2004,14,-1.000, -1.00, -1.00, -1.00, -1.00,
2004,15,-1.000, -1.00, -1.00, -1.00, -1.00,
2004,16,-1.000, -1.00, -1.00, -1.00, -1.00,
2004,17,-1.000, -1.00, -1.00, -1.00, -1.00,
2004,18,-1.000, -1.00, -1.00, -1.00, -1.00,
2004,19,-1.000, -1.00, -1.00, -1.00, -1.00,
2004,20,-1.000, -1.00, -1.00, -1.00, -1.00,
2004,21,-1.000, -1.00, -1.00, -1.00, -1.00,
2004,22,-1.000, -1.00, -1.00, -1.00, -1.00,
2004,23,-1.000, -1.00, -1.00, -1.00, -1.00,
2004,24,-1.000, -1.00, -1.00, -1.00, -1.00,
2004,25, 0.404,297.18, 67.30, 79.04, 73.17,
2004,26, 0.401,296.80, 68.22, 84.98, 76.60,
2004,27, 0.407,297.45, 73.70, 81.91, 77.81,
2004,28, 0.408,297.84, 77.48, 79.30, 78.39,
2004,29,-1.000, -1.00, -1.00, -1.00, -1.00,
2004,30, 0.396,298.20, 79.65, 78.27, 78.96,
2004,31, 0.386,297.94, 80.02, 80.73, 80.38,
2004,32, 0.375,297.69, 80.31, 81.34, 80.82,
2004,33, 0.364,297.26, 79.83, 82.40, 81.11,
2004,34, 0.358,297.03, 82.77, 79.89, 81.33,
2004,35, 0.349,296.76, 86.19, 74.89, 80.54,
2004,36, 0.330,296.25, 85.17, 65.31, 75.24,
2004,37, 0.314,295.56, 86.01, 52.44, 69.23,
2004,38, 0.295,294.06, 86.84, 47.56, 67.20,
2004,39, 0.272,292.11, 85.21, 44.78, 64.99,
2004,40, 0.251,289.80, 81.64, 44.30, 62.97,
2004,41, 0.231,287.64, 79.03, 37.60, 58.32,
2004,42, 0.212,285.06, 77.66, 34.22, 55.94,
2004,43, 0.192,282.46, 76.43, 30.87, 53.65,
2004,44, 0.175,280.44, 75.68, 23.49, 49.59,
2004,45, 0.158,277.66, 74.93, 22.17, 48.55,
2004,46, 0.144,274.47, 75.29, 23.16, 49.22,
2004,47, 0.131,272.12, 75.87, 21.18, 48.53,
2004,48, 0.115,269.23, 74.52, 21.60, 48.06,
2004,49, 0.099,266.34, 69.46, 22.99, 46.23,
2004,50, 0.086,263.33, 67.23, 26.58, 46.90,
2004,51, 0.079,261.41, 73.46, 30.99, 52.23,
2004,52, 0.072,259.77, 79.88, 36.61, 58.25,
2005, 1, 0.067,256.75, 89.00, 49.75, 69.37,
2005, 2, 0.064,253.86, 87.88, 61.86, 74.87,
2005, 3, 0.058,250.18, 79.28, 74.40, 76.84,
2005, 4, 0.053,248.16, 69.18, 82.22, 75.70,
2005, 5, 0.053,247.95, 64.65, 86.55, 75.60,
2005, 6, 0.052,250.16, 55.59, 83.80, 69.69,
2005, 7, 0.054,254.59, 48.08, 74.31, 61.20,
2005, 8, 0.059,259.77, 46.51, 63.11, 54.81,
2005, 9, 0.069,263.93, 48.55, 57.20, 52.87,
2005,10, 0.084,268.31, 52.92, 52.81, 52.86,
2005,11, 0.099,272.51, 55.80, 50.49, 53.15,
2005,12, 0.115,277.21, 59.11, 44.52, 51.82,
2005,13, 0.136,281.45, 63.13, 39.04, 51.09,
2005,14, 0.158,285.60, 64.69, 30.54, 47.62,
2005,15, 0.186,289.86, 66.90, 22.98, 44.94,
2005,16, 0.218,292.62, 68.43, 22.05, 45.24,
2005,17, 0.253,294.93, 69.63, 22.08, 45.85,
2005,18, 0.292,297.03, 72.29, 22.31, 47.30,
2005,19, 0.331,298.52, 75.11, 25.27, 50.19,
2005,20, 0.362,300.06, 76.40, 24.87, 50.64,
2005,21, 0.382,301.03, 75.44, 26.13, 50.79,
2005,22, 0.392,301.17, 69.70, 29.95, 49.83,
2005,23, 0.395,300.88, 62.65, 36.43, 49.54,
2005,24, 0.393,300.49, 58.18, 45.57, 51.87,
2005,25, 0.391,300.11, 59.62, 54.93, 57.27,
2005,26, 0.392,299.99, 63.32, 60.88, 62.10,
2005,27, 0.392,300.08, 65.58, 60.85, 63.21,
2005,28, 0.393,300.23, 70.18, 59.49, 64.84,
2005,29, 0.389,299.95, 72.81, 61.79, 67.30,
2005,30, 0.380,300.52, 72.69, 57.77, 65.23,
2005,31, 0.372,300.67, 74.13, 56.17, 65.15,
2005,32, 0.361,300.88, 73.86, 52.38, 63.12,
2005,33, 0.344,301.11, 70.40, 46.87, 58.63,
2005,34, 0.322,300.98, 65.41, 42.61, 54.01,
2005,35, 0.297,300.32, 59.76, 39.34, 49.55,
2005,36, 0.274,299.46, 55.41, 31.44, 43.43,
2005,37, 0.253,298.35, 52.79, 22.40, 37.59,
2005,38, 0.234,297.11, 52.71, 15.02, 33.86,
2005,39, 0.214,295.38, 52.48, 11.25, 31.86,
2005,40, 0.196,292.44, 51.79, 16.70, 34.25,
2005,41, 0.178,289.52, 51.11, 18.61, 34.86,
2005,42, 0.158,286.70, 49.88, 19.04, 34.46,
2005,43, 0.139,283.78, 49.38, 20.80, 35.09,
2005,44, 0.122,280.33, 48.39, 24.00, 36.20,
2005,45, 0.104,276.86, 45.17, 26.29, 35.73,
2005,46, 0.088,274.25, 42.65, 24.00, 33.33,
2005,47, 0.074,270.93, 39.56, 25.99, 32.78,
2005,48, 0.065,267.68, 38.99, 27.90, 33.44,
2005,49, 0.061,264.65, 39.38, 30.15, 34.77,
2005,50, 0.057,263.70, 40.59, 25.81, 33.20,
2005,51, 0.055,263.21, 47.96, 23.80, 35.88,
2005,52, 0.054,262.60, 56.48, 23.88, 40.18,
2006, 1, 0.052,260.84, 69.22, 30.07, 49.64,
2006, 2, 0.052,259.47, 71.43, 36.44, 53.94,
2006, 3, 0.050,258.60, 66.53, 41.00, 53.77,
2006, 4, 0.046,257.04, 57.27, 51.22, 54.25,
2006, 5, 0.042,254.95, 48.86, 64.89, 56.88,
2006, 6, 0.038,253.04, 38.28, 76.76, 57.52,
2006, 7, 0.036,251.90, 29.64, 83.52, 56.58,
2006, 8, 0.035,251.38, 24.31, 88.88, 56.60,
2006, 9, 0.036,253.00, 22.05, 90.71, 56.38,
2006,10, 0.043,256.73, 23.13, 90.02, 56.58,
2006,11, 0.053,263.32, 26.58, 83.51, 55.04,
2006,12, 0.068,270.88, 32.04, 68.24, 50.14,
2006,13, 0.087,277.32, 37.61, 54.20, 45.91,
2006,14, 0.111,282.57, 42.43, 41.39, 41.91,
2006,15, 0.141,286.04, 47.60, 36.83, 42.22,
2006,16, 0.176,289.32, 52.00, 34.62, 43.31,
2006,17, 0.212,291.86, 54.40, 36.60, 45.50,
2006,18, 0.251,293.96, 57.33, 41.71, 49.52,
2006,19, 0.293,295.99, 60.93, 44.95, 52.94,
2006,20, 0.332,297.48, 64.56, 46.00, 55.28,
2006,21, 0.364,298.47, 67.34, 46.98, 57.16,
2006,22, 0.389,299.15, 68.85, 46.76, 57.80,
2006,23, 0.413,299.79, 74.02, 45.96, 59.99,
2006,24, 0.427,300.31, 79.73, 47.17, 63.45,
2006,25, 0.433,300.72, 84.78, 48.61, 66.70,
2006,26, 0.436,301.11, 88.07, 49.35, 68.71,
2006,27, 0.435,301.56, 89.20, 46.53, 67.87,
2006,28, 0.428,301.99, 88.63, 43.20, 65.91,
2006,29, 0.412,302.56, 84.16, 38.56, 61.36,
2006,30, 0.390,302.92, 77.51, 35.75, 56.63,
2006,31, 0.373,303.48, 74.25, 30.47, 52.36,
2006,32, 0.352,303.85, 69.44, 25.34, 47.39,
2006,33, 0.329,303.41, 63.11, 25.73, 44.42,
2006,34, 0.307,302.29, 57.27, 30.64, 43.96,
2006,35, 0.291,300.95, 56.72, 33.61, 45.17,
2006,36, 0.276,299.51, 56.68, 31.48, 44.08,
2006,37, 0.256,298.23, 55.03, 24.07, 39.55,
2006,38, 0.237,296.69, 54.60, 18.96, 36.78,
2006,39, 0.216,294.70, 53.78, 17.03, 35.41,
2006,40, 0.194,292.24, 50.55, 18.61, 34.58,
2006,41, 0.173,289.76, 48.22, 16.26, 32.24,
2006,42, 0.153,287.17, 46.87, 15.08, 30.97,
2006,43, 0.135,284.09, 47.08, 18.77, 32.93,
2006,44, 0.119,280.94, 46.30, 20.75, 33.52,
2006,45, 0.099,277.39, 42.26, 24.10, 33.18,
2006,46, 0.082,274.11, 38.34, 25.38, 31.86,
2006,47, 0.067,271.37, 34.48, 25.07, 29.77,
2006,48, 0.059,269.30, 33.40, 22.08, 27.74,
2006,49, 0.053,267.31, 31.94, 19.68, 25.81,
2006,50, 0.051,265.88, 34.67, 16.59, 25.63,
2006,51, 0.053,264.88, 44.19, 16.72, 30.46,
2006,52, 0.055,263.99, 57.91, 18.31, 38.11,
2007, 1, 0.057,263.13, 77.41, 20.53, 48.97,
2007, 2, 0.056,261.92, 79.09, 26.03, 52.56,
2007, 3, 0.057,261.64, 78.29, 28.09, 53.19,
2007, 4, 0.059,262.17, 78.06, 28.97, 53.52,
2007, 5, 0.067,264.06, 83.83, 26.22, 55.03,
2007, 6, 0.078,266.73, 86.99, 23.49, 55.24,
2007, 7, 0.091,270.39, 87.49, 18.94, 53.22,
2007, 8, 0.103,274.22, 86.05, 14.97, 50.51,
2007, 9, 0.112,277.70, 83.43, 11.68, 47.55,
2007,10, 0.118,280.68, 78.08, 10.52, 44.30,
2007,11, 0.126,283.78, 73.99,  8.52, 41.25,
2007,12, 0.136,286.71, 71.68,  8.02, 39.85,
2007,13, 0.152,289.29, 71.40,  9.54, 40.47,
2007,14, 0.167,291.40, 69.14,  9.34, 39.24,
2007,15, 0.180,292.77, 64.53, 12.14, 38.34,
2007,16, 0.203,294.41, 62.68, 14.93, 38.81,
2007,17, 0.237,296.66, 63.58, 13.54, 38.56,
2007,18, 0.275,299.07, 65.93,  9.59, 37.76,
2007,19, 0.309,301.12, 67.11,  5.92, 36.52,
2007,20, 0.336,302.72, 65.71,  3.73, 34.72,
2007,21, 0.357,303.95, 64.16,  2.37, 33.26,
2007,22, 0.367,304.51, 56.85,  2.21, 29.53,
2007,23, 0.367,304.56, 46.32,  4.08, 25.20,
2007,24, 0.369,304.63, 43.71,  6.30, 25.01,
2007,25, 0.371,304.78, 48.10,  8.66, 28.38,
2007,26, 0.370,305.07, 50.88, 10.49, 30.69,
2007,27, 0.365,305.39, 50.71, 10.76, 30.73,
2007,28, 0.355,305.57, 50.36, 10.97, 30.66,
2007,29, 0.346,305.65, 50.58, 11.06, 30.82,
2007,30, 0.333,305.87, 49.05,  9.46, 29.25,
2007,31, 0.316,305.89, 46.74,  9.23, 27.99,
2007,32, 0.300,305.83, 44.36,  8.01, 26.18,
2007,33, 0.286,305.65, 41.16,  5.84, 23.50,
2007,34, 0.272,305.08, 39.15,  5.18, 22.16,
2007,35, 0.261,303.80, 40.37,  6.24, 23.30,
2007,36, 0.253,301.89, 43.80,  7.45, 25.63,
2007,37, 0.246,299.71, 49.41,  8.63, 29.02,
2007,38, 0.244,297.72, 59.29,  8.08, 33.69,
2007,39, 0.242,295.80, 69.40,  5.47, 37.43,
2007,40, 0.237,293.70, 75.06,  3.45, 39.25,
2007,41, 0.226,290.90, 77.46,  4.98, 41.22,
2007,42, 0.211,287.83, 78.38,  9.20, 43.79,
2007,43, 0.197,284.27, 80.47, 17.31, 48.89,
2007,44, 0.180,280.47, 80.52, 23.47, 51.99,
2007,45, 0.163,277.26, 79.87, 24.53, 52.20,
2007,46, 0.144,274.49, 77.75, 23.21, 50.48,
2007,47, 0.124,271.54, 73.31, 23.89, 48.60,
2007,48, 0.097,268.17, 63.81, 26.24, 45.02,
2007,49, 0.077,265.07, 52.92, 28.31, 40.62,
2007,50, 0.063,263.23, 46.52, 26.98, 36.75,
2007,51, 0.058,262.95, 51.03, 24.28, 37.65,
2007,52, 0.058,263.28, 62.17, 20.40, 41.29,
2008, 1, 0.057,264.13, 77.26, 14.54, 45.90,
2008, 2, 0.058,265.13, 78.72, 10.23, 44.47,
2008, 3, 0.059,266.64, 78.52,  5.05, 41.79,
2008, 4, 0.060,268.01, 76.27,  2.99, 39.63,
2008, 5, 0.062,269.16, 74.38,  4.51, 39.45,
2008, 6, 0.067,271.29, 72.48,  5.90, 39.19,
2008, 7, 0.071,273.09, 66.33,  9.71, 38.02,
2008, 8, 0.079,275.21, 65.00, 11.88, 38.44,
2008, 9, 0.088,277.92, 64.87, 11.01, 37.94,
2008,10, 0.100,280.30, 65.42, 11.77, 38.60,
2008,11, 0.118,282.97, 69.83, 11.48, 40.66,
2008,12, 0.135,285.01, 71.64, 14.48, 43.06,
2008,13, 0.162,286.93, 77.22, 18.39, 47.81,
2008,14, 0.198,289.06, 84.00, 17.88, 50.94,
2008,15, 0.235,290.88, 88.44, 19.12, 53.78,
2008,16, 0.278,292.66, 91.67, 21.71, 56.69,
2008,17, 0.317,294.12, 92.97, 25.53, 59.25,
2008,18, 0.349,295.06, 92.64, 34.05, 63.34,
2008,19, 0.376,296.25, 91.94, 41.75, 66.84,
2008,20, 0.391,296.59, 87.71, 52.21, 69.96,
2008,21, 0.406,297.73, 86.42, 52.63, 69.52,
2008,22, 0.419,299.29, 84.16, 45.26, 64.71,
2008,23, 0.424,300.45, 80.36, 40.04, 60.20,
2008,24, 0.427,301.42, 79.33, 36.49, 57.91,
2008,25, 0.420,301.89, 76.80, 37.03, 56.91,
2008,26, 0.412,302.58, 74.70, 34.94, 54.82,
2008,27, 0.404,303.27, 72.12, 30.40, 51.26,
2008,28, 0.391,303.38, 69.17, 30.64, 49.91,
2008,29, 0.387,303.73, 71.25, 28.13, 49.69,
2008,30, 0.383,304.39, 73.74, 22.43, 48.09,
2008,31, 0.369,304.26, 72.24, 23.53, 47.88,
2008,32, 0.354,303.95, 70.34, 24.55, 47.44,
2008,33, 0.335,303.69, 65.86, 23.19, 44.53,
2008,34, 0.311,302.86, 59.61, 25.18, 42.39,
2008,35, 0.287,301.68, 54.27, 26.24, 40.26,
2008,36, 0.263,299.94, 49.01, 27.01, 38.01,
2008,37, 0.239,297.61, 44.65, 30.71, 37.68,
2008,38, 0.217,295.09, 41.95, 36.51, 39.23,
2008,39, 0.200,293.11, 43.69, 34.26, 38.98,
2008,40, 0.186,291.44, 45.84, 27.08, 36.46,
2008,41, 0.179,289.65, 51.30, 17.27, 34.28,
2008,42, 0.173,288.03, 57.63,  7.22, 32.43,
2008,43, 0.169,286.44, 65.07,  1.33, 33.20,
2008,44, 0.160,284.21, 68.67,  0.66, 34.66,
2008,45, 0.152,281.74, 72.55,  0.83, 36.69,
2008,46, 0.143,279.38, 76.54,  0.98, 38.76,
2008,47, 0.133,276.81, 78.90,  1.41, 40.16,
2008,48, 0.118,273.60, 77.73,  3.69, 40.71,
2008,49, 0.102,270.00, 72.18,  8.14, 40.16,
2008,50, 0.086,266.38, 67.48, 14.00, 40.74,
2008,51, 0.072,262.53, 67.03, 26.06, 46.55,
2008,52, 0.061,259.14, 67.71, 39.42, 53.57,
2009, 1, 0.053,256.55, 72.62, 50.73, 61.67,
2009, 2, 0.045,254.62, 59.06, 59.46, 59.26,
2009, 3, 0.037,253.63, 45.37, 64.01, 54.69,
2009, 4, 0.037,254.55, 44.32, 62.74, 53.53,
2009, 5, 0.039,256.81, 43.65, 57.45, 50.55,
2009, 6, 0.040,259.97, 39.49, 50.36, 44.92,
2009, 7, 0.048,264.39, 41.17, 40.56, 40.86,
2009, 8, 0.059,268.46, 46.54, 34.01, 40.27,
2009, 9, 0.073,271.54, 51.47, 31.65, 41.56,
2009,10, 0.083,274.36, 51.93, 31.91, 41.92,
2009,11, 0.094,277.20, 52.71, 32.95, 42.83,
2009,12, 0.115,280.53, 58.73, 31.60, 45.17,
2009,13, 0.146,284.60, 68.36, 26.97, 47.66,
2009,14, 0.178,288.67, 73.72, 19.15, 46.44,
2009,15, 0.200,291.28, 73.18, 17.59, 45.38,
2009,16, 0.222,292.86, 70.03, 20.89, 45.46,
2009,17, 0.246,294.55, 66.88, 23.57, 45.22,
2009,18, 0.269,295.84, 63.66, 29.39, 46.53,
2009,19, 0.296,296.95, 61.90, 36.63, 49.27,
2009,20, 0.329,298.45, 62.86, 37.46, 50.16,
2009,21, 0.356,299.82, 63.73, 35.59, 49.66,
2009,22, 0.375,300.96, 60.98, 31.31, 46.15,
2009,23, 0.387,302.21, 57.48, 24.23, 40.85,
2009,24, 0.389,302.96, 55.47, 21.57, 38.52,
2009,25, 0.385,303.26, 55.93, 23.32, 39.63,
2009,26, 0.381,303.86, 56.99, 22.23, 39.61,
2009,27, 0.373,304.19, 54.98, 21.77, 38.37,
2009,28, 0.358,303.85, 51.87, 26.42, 39.14,
2009,29, 0.347,303.39, 51.16, 31.30, 41.23,
2009,30, 0.334,302.88, 49.77, 36.41, 43.09,
2009,31, 0.325,302.49, 50.99, 39.80, 45.40,
2009,32, 0.316,302.16, 51.63, 41.01, 46.32,
2009,33, 0.303,301.73, 49.67, 41.53, 45.60,
2009,34, 0.290,301.24, 48.01, 40.49, 44.25,
2009,35, 0.276,300.78, 47.76, 35.06, 41.41,
2009,36, 0.264,299.77, 49.43, 28.47, 38.95,
2009,37, 0.252,298.49, 52.41, 20.96, 36.68,
2009,38, 0.232,296.23, 51.80, 23.94, 37.87,
2009,39, 0.215,293.92, 52.60, 25.62, 39.11,
2009,40, 0.203,291.98, 55.40, 21.36, 38.38,
2009,41, 0.190,289.69, 57.20, 16.95, 37.07,
2009,42, 0.176,286.87, 59.29, 18.04, 38.67,
2009,43, 0.157,283.44, 58.79, 23.92, 41.36,
2009,44, 0.136,279.92, 55.37, 27.28, 41.33,
2009,45, 0.124,277.91, 56.32, 21.46, 38.89,
2009,46, 0.115,276.04, 58.46, 16.28, 37.37,
2009,47, 0.106,273.61, 60.58, 14.93, 37.76,
2009,48, 0.097,271.32, 61.89, 13.03, 37.46,
2009,49, 0.091,268.63, 63.27, 13.47, 38.37,
2009,50, 0.084,264.61, 65.86, 20.99, 43.43,
2009,51, 0.070,259.92, 65.09, 37.11, 51.10,
2009,52, 0.058,256.97, 63.77, 49.07, 56.42,
2010, 1, 0.046,257.23, 58.28, 47.34, 52.81,
2010, 2, 0.043,257.30, 54.99, 46.83, 50.91,
2010, 3, 0.041,256.56, 50.84, 50.59, 50.72,
2010, 4, 0.038,256.04, 45.74, 55.88, 50.81,
2010, 5, 0.038,256.43, 42.50, 58.65, 50.58,
2010, 6, 0.043,259.01, 44.45, 53.81, 49.13,
2010, 7, 0.051,262.36, 45.44, 47.49, 46.47,
2010, 8, 0.061,266.36, 48.59, 40.81, 44.70,
2010, 9, 0.077,270.96, 55.37, 33.59, 44.48,
2010,10, 0.096,275.07, 62.00, 29.41, 45.70,
2010,11, 0.114,278.15, 65.72, 29.33, 47.52,
2010,12, 0.129,281.49, 66.53, 27.99, 47.26,
2010,13, 0.143,284.21, 66.21, 28.64, 47.43,
2010,14, 0.165,287.30, 67.73, 24.35, 46.04,
2010,15, 0.197,290.77, 71.59, 19.54, 45.57,
2010,16, 0.236,293.44, 75.41, 18.71, 47.06,
2010,17, 0.272,295.58, 76.29, 18.63, 47.46,
2010,18, 0.302,297.01, 75.72, 22.00, 48.86,
2010,19, 0.331,297.91, 74.90, 29.57, 52.23,
2010,20, 0.356,298.50, 73.76, 37.15, 55.46,
2010,21, 0.384,299.18, 75.87, 40.86, 58.36,
2010,22, 0.408,300.49, 78.05, 35.32, 56.68,
2010,23, 0.423,301.70, 79.04, 28.93, 53.99,
2010,24, 0.428,302.53, 79.64, 25.82, 52.73,
2010,25, 0.424,303.26, 78.91, 23.26, 51.08,
2010,26, 0.415,303.51, 76.06, 25.48, 50.77,
2010,27, 0.410,303.76, 75.14, 25.72, 50.43,
2010,28, 0.404,304.33, 75.68, 22.07, 48.88,
2010,29, 0.393,305.01, 74.58, 17.10, 45.84,
2010,30, 0.377,305.56, 71.17, 12.99, 42.08,
2010,31, 0.355,305.80, 65.75, 11.26, 38.50,
2010,32, 0.328,305.63, 58.00, 11.26, 34.63,
2010,33, 0.305,304.64, 50.81, 15.74, 33.27,
2010,34, 0.289,303.47, 47.67, 20.21, 33.94,
2010,35, 0.278,302.24, 48.99, 21.24, 35.11,
2010,36, 0.264,300.74, 49.41, 19.07, 34.24,
2010,37, 0.248,299.10, 49.91, 15.40, 32.65,
2010,38, 0.229,297.06, 49.53, 15.72, 32.63,
2010,39, 0.208,294.52, 48.46, 19.46, 33.96,
2010,40, 0.191,290.33, 48.62, 39.27, 43.94,
2010,41, 0.177,287.45, 50.01, 40.22, 45.11,
2010,42, 0.161,285.99, 51.33, 26.13, 38.73,
2010,43, 0.145,283.59, 52.64, 22.75, 37.70,
2010,44, 0.127,281.03, 50.98, 20.30, 35.64,
2010,45, 0.110,278.26, 48.90, 19.80, 34.35,
2010,46, 0.094,274.06, 46.32, 25.64, 35.98,
2010,47, 0.079,268.57, 42.47, 37.04, 39.75,
2010,48, 0.067,262.81, 39.81, 48.98, 44.40,
2010,49, 0.058,257.95, 36.53, 57.82, 47.17,
2010,50, 0.052,255.75, 35.53, 58.35, 46.94,
2010,51, 0.046,254.77, 36.04, 59.60, 47.82,
2010,52, 0.041,254.52, 38.27, 60.60, 49.44,
2011, 1, 0.037,254.14, 41.21, 62.23, 51.72,
2011, 2, 0.035,255.13, 38.98, 57.39, 48.19,
2011, 3, 0.034,256.89, 38.52, 49.72, 44.12,
2011, 4, 0.034,257.64, 37.01, 49.49, 43.25,
2011, 5, 0.035,258.68, 37.69, 50.17, 43.93,
2011, 6, 0.038,260.59, 37.03, 48.71, 42.87,
2011, 7, 0.042,262.76, 34.44, 47.07, 40.75,
2011, 8, 0.044,264.81, 32.25, 46.81, 39.53,
2011, 9, 0.049,267.33, 31.85, 46.05, 38.95,
2011,10, 0.059,270.73, 34.01, 44.47, 39.24,
2011,11, 0.070,274.63, 36.67, 42.60, 39.64,
2011,12, 0.084,278.64, 41.03, 38.91, 39.97,
2011,13, 0.101,282.00, 44.67, 36.82, 40.74,
2011,14, 0.122,285.71, 47.75, 30.03, 38.89,
2011,15, 0.148,289.29, 50.75, 24.92, 37.83,
2011,16, 0.177,292.59, 52.29, 21.79, 37.04,
2011,17, 0.207,294.89, 52.45, 21.69, 37.07,
2011,18, 0.243,296.71, 54.29, 23.77, 39.03,
2011,19, 0.284,298.15, 57.70, 27.69, 42.70,
2011,20, 0.328,299.07, 62.75, 32.50, 47.62,
2011,21, 0.370,299.64, 70.16, 37.10, 53.63,
2011,22, 0.396,300.16, 72.19, 38.21, 55.20,
2011,23, 0.410,300.58, 71.85, 38.90, 55.38,
2011,24, 0.412,300.24, 70.62, 47.95, 59.29,
2011,25, 0.412,299.85, 72.36, 57.74, 65.05,
2011,26, 0.412,300.02, 74.75, 60.86, 67.81,
2011,27, 0.410,300.54, 75.69, 56.71, 66.20,
2011,28, 0.406,301.20, 77.22, 50.89, 64.06,
2011,29, 0.396,301.85, 76.40, 45.66, 61.03,
2011,30, 0.381,302.27, 73.22, 42.23, 57.72,
2011,31, 0.367,302.80, 71.65, 37.19, 54.42,
2011,32, 0.348,302.97, 68.01, 33.77, 50.89,
2011,33, 0.327,302.85, 62.16, 31.32, 46.74,
2011,34, 0.309,302.59, 58.55, 27.90, 43.23,
2011,35, 0.286,301.43, 53.66, 28.75, 41.20,
2011,36, 0.261,300.02, 48.16, 26.11, 37.14,
2011,37, 0.237,298.76, 43.59, 18.37, 30.98,
2011,38, 0.215,296.99, 41.05, 15.79, 28.42,
2011,39, 0.189,294.66, 36.77, 17.47, 27.12,
2011,40, 0.162,292.03, 31.61, 20.92, 26.26,
2011,41, 0.141,288.94, 30.07, 24.66, 27.36,
2011,42, 0.120,284.82, 28.48, 36.60, 32.54,
2011,43, 0.104,281.33, 29.76, 39.46, 34.61,
2011,44, 0.093,278.49, 31.58, 35.79, 33.69,
2011,45, 0.086,275.99, 33.92, 31.45, 32.69,
2011,46, 0.076,273.74, 34.47, 26.92, 30.69,
2011,47, 0.066,270.58, 33.45, 28.24, 30.84,
2011,48, 0.057,267.26, 32.59, 30.33, 31.46,
2011,49, 0.051,264.61, 31.61, 30.73, 31.17,
2011,50, 0.049,262.54, 33.08, 30.35, 31.71,
2011,51, 0.047,260.41, 39.01, 35.62, 37.32,
2011,52, 0.045,258.65, 44.22, 41.66, 42.94,
2012, 1, 0.043,256.48, 53.29, 49.93, 51.61,
2012, 2, 0.042,254.91, 52.99, 56.15, 54.57,
2012, 3, 0.040,253.11, 49.40, 63.99, 56.70,
2012, 4, 0.038,252.97, 45.98, 67.57, 56.77,
2012, 5, 0.037,253.51, 41.99, 70.00, 55.99,
2012, 6, 0.036,254.39, 36.25, 71.35, 53.80,
2012, 7, 0.036,256.51, 29.38, 68.26, 48.82,
2012, 8, 0.036,259.00, 25.52, 65.43, 45.47,
2012, 9, 0.038,262.14, 23.65, 62.81, 43.23,
2012,10, 0.045,266.13, 24.99, 60.05, 42.52,
2012,11, 0.059,270.60, 30.74, 57.40, 44.07,
2012,12, 0.078,276.06, 37.86, 48.71, 43.28,
2012,13, 0.101,281.66, 45.11, 38.04, 41.58,
2012,14, 0.131,287.07, 52.09, 24.98, 38.54,
2012,15, 0.163,291.70, 57.43, 16.01, 36.72,
2012,16, 0.202,295.69, 62.40, 10.17, 36.29,
2012,17, 0.246,298.50, 67.31,  6.28, 36.80,
2012,18, 0.284,300.48, 69.41,  4.58, 37.00,
2012,19, 0.312,301.59, 67.97,  5.97, 36.97,
2012,20, 0.329,301.77, 62.81, 12.58, 37.69,
2012,21, 0.338,301.09, 55.21, 25.58, 40.40,
2012,22, 0.385,303.37, 66.07, 13.02, 39.55,
2012,23, 0.399,303.10, 64.47, 17.49, 40.98,
2012,24, 0.405,302.82, 65.63, 23.69, 44.66,
2012,25, 0.409,302.85, 69.71, 28.01, 48.86,
2012,26, 0.409,303.15, 72.44, 29.79, 51.11,
2012,27, 0.396,303.41, 67.31, 29.60, 48.46,
2012,28, 0.382,303.62, 64.40, 28.93, 46.67,
2012,29, 0.369,303.92, 62.27, 26.98, 44.62,
2012,30, 0.357,304.42, 61.13, 22.94, 42.04,
2012,31, 0.339,304.37, 58.21, 23.16, 40.69,
2012,32, 0.318,303.82, 53.05, 26.30, 39.68,
2012,33, 0.302,302.92, 49.50, 30.88, 40.19,
2012,34, 0.296,302.07, 51.65, 33.40, 42.52,
2012,35, 0.290,301.20, 56.03, 31.91, 43.97,
2012,36, 0.282,300.47, 60.29, 22.92, 41.61,
2012,37, 0.273,299.45, 64.22, 13.76, 38.99,
2012,38, 0.262,298.21, 68.56,  7.64, 38.10,
2012,39, 0.255,296.86, 73.68,  3.34, 38.51,
2012,40, 0.250,295.26, 76.31,  1.57, 38.94,
2012,41, 0.240,292.84, 77.17,  1.12, 39.14,
2012,42, 0.228,290.04, 78.67,  1.41, 40.04,
2012,43, 0.218,287.63, 81.00,  1.63, 41.31,
2012,44, 0.202,284.62, 80.94,  2.62, 41.78,
2012,45, 0.181,281.42, 79.27,  4.70, 41.98,
2012,46, 0.160,278.46, 78.13,  6.59, 42.36,
2012,47, 0.136,274.36, 74.76, 12.43, 43.60,
2012,48, 0.108,269.86, 67.73, 19.58, 43.65,
2012,49, 0.084,266.43, 57.22, 23.55, 40.39,
2012,50, 0.067,263.18, 49.29, 28.08, 38.69,
2012,51, 0.055,260.63, 45.38, 34.92, 40.15,
2012,52, 0.048,258.90, 46.66, 41.01, 43.84,
2013, 1, 0.045,257.07, 51.63, 48.97, 50.30,
2013, 2, 0.043,256.29, 51.52, 50.79, 51.15,
2013, 3, 0.043,256.34, 52.71, 50.23, 51.47,
2013, 4, 0.047,258.11, 56.89, 46.18, 51.53,
2013, 5, 0.052,260.92, 59.42, 40.05, 49.73,
2013, 6, 0.060,265.03, 61.22, 31.52, 46.37,
2013, 7, 0.073,269.39, 63.48, 23.96, 43.72,
2013, 8, 0.089,273.51, 67.53, 18.79, 43.16,
2013, 9, 0.106,277.30, 70.63, 15.16, 42.90,
2013,10, 0.122,280.93, 71.81, 12.17, 41.99,
2013,11, 0.135,282.86, 70.83, 14.12, 42.48,
2013,12, 0.150,285.00, 71.13, 15.80, 43.46,
2013,13, 0.168,287.51, 72.01, 17.10, 44.56,
2013,14, 0.191,290.27, 73.28, 14.35, 43.81,
2013,15, 0.224,293.34, 75.76, 10.93, 43.35,
2013,16, 0.260,295.83, 77.22, 10.22, 43.72,
2013,17, 0.295,297.88, 77.51,  9.87, 43.69,
2013,18, 0.328,299.41, 77.52, 11.67, 44.59,
2013,19, 0.354,300.53, 76.45, 14.50, 45.48,
2013,20, 0.374,301.39, 74.71, 16.69, 45.70,
2013,21, 0.390,301.69, 72.83, 21.67, 47.25,
2013,22, 0.400,301.94, 69.31, 25.24, 47.28,
2013,23, 0.404,302.20, 64.22, 26.12, 45.17,
2013,24, 0.400,302.60, 59.88, 26.64, 43.26,
2013,25, 0.393,303.01, 57.99, 27.00, 42.49,
2013,26, 0.381,303.12, 54.48, 30.20, 42.34,
2013,27, 0.366,303.14, 49.57, 32.18, 40.87,
2013,28, 0.350,303.00, 46.53, 34.60, 40.56,
2013,29, 0.330,302.61, 41.52, 38.98, 40.25,
2013,30, 0.313,302.63, 38.80, 39.31, 39.06,
2013,31, 0.297,302.70, 36.97, 38.49, 37.73,
2013,32, 0.276,302.14, 32.86, 41.77, 37.31,
2013,33, 0.254,300.82, 26.78, 50.62, 38.70,
2013,34, 0.235,299.14, 22.25, 61.01, 41.63,
2013,35, 0.218,296.90, 20.13, 73.64, 46.89,
2013,36, 0.197,293.95, 17.70, 85.19, 51.45,
2013,37, 0.181,291.29, 17.45, 90.00, 53.73,
2013,38, 0.172,289.23, 20.21, 91.22, 55.72,
2013,39, 0.172,287.83, 27.31, 87.67, 57.49,
2013,40, 0.172,286.34, 35.24, 82.14, 58.69,
2013,41, 0.171,284.65, 43.20, 72.18, 57.69,
2013,42, 0.163,282.87, 48.03, 59.09, 53.56,
2013,43, 0.157,282.12, 52.84, 38.77, 45.80,
2013,44, 0.147,281.45, 55.48, 20.77, 38.12,
2013,45, 0.153,280.01, 65.48, 11.88, 38.67,
2013,46, 0.138,277.07, 65.98, 12.73, 39.34,
2013,47, 0.122,274.33, 66.41, 12.93, 39.67,
2013,48, 0.105,272.02, 65.39, 11.76, 38.58,
2013,49, 0.088,270.17, 60.28, 10.41, 35.35,
2013,50, 0.075,267.88, 56.00, 12.35, 34.18,
2013,51, 0.064,265.57, 56.01, 17.41, 36.72,
2013,52, 0.058,263.47, 58.85, 23.54, 41.20,
2014, 1, 0.055,261.89, 69.26, 28.01, 48.63,
2014, 2, 0.053,259.88, 67.24, 35.49, 51.37,
2014, 3, 0.051,258.48, 65.39, 41.43, 53.41,
2014, 4, 0.051,258.81, 63.60, 43.56, 53.57,
2014, 5, 0.054,260.90, 62.20, 40.29, 51.24,
2014, 6, 0.060,263.80, 60.46, 36.18, 48.32,
2014, 7, 0.069,267.41, 59.88, 30.74, 45.31,
2014, 8, 0.084,271.74, 63.61, 24.34, 43.98,
2014, 9, 0.102,276.72, 69.23, 16.90, 43.06,
2014,10, 0.126,281.44, 75.67, 10.44, 43.06,
2014,11, 0.147,284.51, 78.27,  8.09, 43.18,
2014,12, 0.168,287.21, 80.79,  7.42, 44.10,
2014,13, 0.189,289.70, 81.97,  8.87, 45.42,
2014,14, 0.213,291.82, 82.56,  8.64, 45.60,
2014,15, 0.243,293.46, 82.98, 10.37, 46.67,
2014,16, 0.277,294.65, 83.43, 14.70, 49.07,
2014,17, 0.316,295.66, 84.53, 20.15, 52.34,
2014,18, 0.352,296.65, 85.32, 28.35, 56.84,
2014,19, 0.382,297.78, 85.74, 34.74, 60.24,
2014,20, 0.402,298.44, 84.72, 40.08, 62.40,
2014,21, 0.417,298.86, 84.04, 44.61, 64.32,
2014,22, 0.427,299.29, 82.53, 47.05, 64.79,
2014,23, 0.435,299.75, 81.97, 47.72, 64.84,
2014,24, 0.436,299.97, 80.77, 51.72, 66.24,
2014,25, 0.431,300.37, 78.80, 53.42, 66.11,
2014,26, 0.422,300.86, 75.93, 52.92, 64.43,
2014,27, 0.412,301.30, 72.86, 49.75, 61.30,
2014,28, 0.399,301.58, 70.27, 47.53, 58.90,
2014,29, 0.383,302.17, 67.22, 42.75, 54.99,
2014,30, 0.364,302.84, 63.49, 37.24, 50.37,
2014,31, 0.342,303.29, 58.79, 33.08, 45.93,
2014,32, 0.318,303.58, 53.37, 28.55, 40.96,
2014,33, 0.296,303.31, 47.82, 27.48, 37.65,
2014,34, 0.276,302.55, 43.74, 28.96, 36.35,
2014,35, 0.257,301.50, 41.20, 28.84, 35.02,
2014,36, 0.239,299.91, 40.47, 27.97, 34.22,
2014,37, 0.225,298.32, 41.35, 25.26, 33.30,
2014,38, 0.213,296.76, 43.34, 23.97, 33.65,
2014,39, 0.203,294.61, 45.37, 25.68, 35.53,
2014,40, 0.196,292.15, 48.37, 29.43, 38.90,
2014,41, 0.186,289.44, 51.15, 30.18, 40.67,
2014,42, 0.169,286.63, 50.78, 28.22, 39.51,
2014,43, 0.154,284.45, 51.24, 22.59, 36.92,
2014,44, 0.138,282.10, 50.72, 16.78, 33.75,
2014,45, 0.134,279.13, 55.64, 16.35, 35.98,
2014,46, 0.114,275.65, 52.92, 19.12, 36.00,
2014,47, 0.092,271.89, 47.82, 23.33, 35.57,
2014,48, 0.074,268.59, 43.22, 25.93, 34.57,
2014,49, 0.061,266.04, 38.66, 27.10, 32.88,
2014,50, 0.053,263.62, 36.58, 29.33, 32.95,
2014,51, 0.048,261.20, 38.11, 35.34, 36.73,
2014,52, 0.044,258.73, 41.28, 43.98, 42.63,
2015, 1, 0.044,257.12, 51.29, 49.00, 50.15,
2015, 2, 0.043,256.04, 52.09, 52.12, 52.11,
2015, 3, 0.043,256.56, 53.98, 49.40, 51.69,
2015, 4, 0.048,259.07, 59.08, 42.07, 50.58,
2015, 5, 0.054,262.88, 62.97, 31.74, 47.36,
2015, 6, 0.063,267.11, 65.06, 23.38, 44.22,
2015, 7, 0.075,271.38, 66.05, 16.85, 41.45,
2015, 8, 0.090,276.05, 68.76, 10.30, 39.53,
2015, 9, 0.102,280.16, 69.21,  5.97, 37.59,
2015,10, 0.115,283.24, 68.04,  4.53, 36.28,
2015,11, 0.125,284.65, 65.74,  7.57, 36.65,
2015,12, 0.136,285.58, 64.15, 13.55, 38.85,
2015,13, 0.149,287.11, 63.40, 18.54, 40.97,
2015,14, 0.165,288.73, 61.95, 19.96, 40.96,
2015,15, 0.188,290.59, 61.58, 21.04, 41.31,
2015,16, 0.218,292.77, 62.11, 22.11, 42.11,
2015,17, 0.254,295.09, 63.74, 22.93, 43.33,
2015,18, 0.292,296.86, 65.69, 27.06, 46.37,
2015,19, 0.326,297.67, 66.82, 35.44, 51.13,
2015,20, 0.357,298.70, 68.37, 38.05, 53.21,
2015,21, 0.386,300.38, 71.14, 32.45, 51.79,
2015,22, 0.401,300.82, 69.96, 34.62, 52.29,
2015,23, 0.411,301.22, 68.00, 34.89, 51.45,
2015,24, 0.412,301.40, 66.30, 38.08, 52.19,
2015,25, 0.409,301.48, 66.89, 42.31, 54.60,
2015,26, 0.405,301.50, 67.20, 46.54, 56.87,
2015,27, 0.400,301.47, 67.06, 48.09, 57.58,
2015,28, 0.393,301.82, 67.98, 45.20, 56.59,
2015,29, 0.384,302.32, 67.91, 41.07, 54.49,
2015,30, 0.371,302.77, 66.54, 37.42, 51.98,
2015,31, 0.353,302.88, 64.05, 36.34, 50.19,
2015,32, 0.330,302.79, 59.02, 35.32, 47.17,
2015,33, 0.308,302.84, 53.81, 31.46, 42.64,
2015,34, 0.288,302.57, 49.94, 28.44, 39.19,
2015,35, 0.267,301.88, 46.57, 24.92, 35.75,
2015,36, 0.247,301.13, 44.70, 16.26, 30.48,
2015,37, 0.232,300.03, 44.91,  9.63, 27.27,
2015,38, 0.219,298.76, 46.87,  6.31, 26.59,
2015,39, 0.205,296.46, 46.63,  8.96, 27.79,
2015,40, 0.194,293.29, 47.20, 19.09, 33.15,
2015,41, 0.181,290.14, 48.77, 24.10, 36.44,
2015,42, 0.163,287.25, 48.15, 23.43, 35.79,
2015,43, 0.143,284.06, 46.40, 25.43, 35.91,
2015,44, 0.123,281.45, 44.15, 20.85, 32.48,
2015,45, 0.115,278.64, 46.51, 19.07, 32.78,
2015,46, 0.099,275.06, 44.56, 21.94, 33.24,
2015,47, 0.086,271.76, 44.09, 23.95, 34.02,
2015,48, 0.075,269.69, 44.13, 21.42, 32.78,
2015,49, 0.066,268.46, 42.76, 17.30, 30.04,
2015,50, 0.060,267.06, 43.07, 15.52, 29.30,
2015,51, 0.055,265.37, 47.11, 18.01, 32.56,
2015,52, 0.052,263.35, 52.67, 23.64, 38.16,
2016, 1, 0.050,260.77, 62.20, 32.56, 47.38,
2016, 2, 0.050,259.65, 64.31, 36.07, 50.19,
2016, 3, 0.052,260.58, 68.17, 32.01, 50.09,
2016, 4, 0.056,262.95, 70.73, 25.38, 48.05,
2016, 5, 0.061,266.59, 72.38, 16.33, 44.35,
2016, 6, 0.069,270.53, 71.47, 10.21, 40.83,
2016, 7, 0.077,273.95, 68.28,  7.87, 38.07,
2016, 8, 0.087,276.97, 66.40,  7.18, 36.79,
2016, 9, 0.095,279.82, 64.05,  6.78, 35.41,
2016,10, 0.104,282.05, 61.60,  8.20, 34.90,
2016,11, 0.129,284.61, 68.85,  7.65, 38.25,
2016,12, 0.147,286.64, 70.66,  9.49, 40.08,
2016,13, 0.168,288.69, 72.48, 12.63, 42.56,
2016,14, 0.191,290.71, 73.72, 12.74, 43.23,
2016,15, 0.218,292.46, 74.00, 14.12, 44.06,
2016,16, 0.252,293.96, 74.83, 17.37, 46.10,
2016,17, 0.289,294.53, 75.59, 25.28, 50.44,
2016,18, 0.323,294.28, 76.09, 42.16, 59.12,
2016,19, 0.355,294.88, 76.71, 55.23, 65.97,
2016,20, 0.382,295.84, 77.50, 60.22, 68.86,
2016,21, 0.403,296.42, 78.24, 64.41, 71.32,
2016,22, 0.416,297.04, 77.49, 65.66, 71.58,
2016,23, 0.425,297.90, 75.88, 64.01, 69.94,
2016,24, 0.428,299.18, 75.67, 59.30, 67.49,
2016,25, 0.426,300.41, 75.87, 53.03, 64.45,
2016,26, 0.417,301.38, 73.48, 47.70, 60.59,
2016,27, 0.405,302.14, 69.35, 41.64, 55.50,
2016,28, 0.388,302.57, 64.92, 38.39, 51.65,
2016,29, 0.369,302.79, 60.34, 37.04, 48.69,
2016,30, 0.349,302.94, 55.93, 36.25, 46.09,
2016,31, 0.330,303.04, 52.96, 35.22, 44.09,
2016,32, 0.310,302.65, 49.14, 37.03, 43.08,
2016,33, 0.293,302.14, 45.93, 38.26, 42.10,
2016,34, 0.279,301.67, 45.11, 37.17, 41.14,
2016,35, 0.262,300.58, 43.99, 37.58, 40.79,
2016,36, 0.246,298.94, 43.74, 37.27, 40.50,
2016,37, 0.228,296.52, 42.75, 41.97, 42.36,
2016,38, 0.212,293.78, 42.33, 50.89, 46.61,
2016,39, 0.199,290.90, 43.08, 59.79, 51.44,
2016,40, 0.189,287.81, 44.58, 68.87, 56.72,
2016,41, 0.177,284.63, 46.77, 72.36, 59.57,
2016,42, 0.163,281.82, 48.00, 67.81, 57.90,
2016,43, 0.149,279.70, 48.94, 55.62, 52.28,
2016,44, 0.133,277.70, 48.79, 43.11, 45.95,
2016,45, 0.130,274.58, 53.38, 40.25, 46.80,
2016,46, 0.114,271.44, 52.86, 38.21, 45.51,
2016,47, 0.101,268.68, 53.71, 36.95, 45.33,
2016,48, 0.086,265.97, 51.96, 36.80, 44.38,
2016,49, 0.072,263.83, 47.81, 36.18, 41.99,
2016,50, 0.060,260.95, 42.90, 40.16, 41.53,
2016,51, 0.051,258.48, 41.87, 46.74, 44.31,
2016,52, 0.047,256.75, 45.44, 52.74, 49.09,
2017, 1, 0.044,254.96, 51.76, 58.89, 55.33,
2017, 2, 0.042,253.98, 49.76, 61.57, 55.66,
2017, 3, 0.041,254.34, 50.11, 59.59, 54.85,
2017, 4, 0.043,255.84, 50.83, 56.62, 53.72,
2017, 5, 0.045,258.31, 50.83, 51.60, 51.21,
2017, 6, 0.051,261.56, 50.48, 45.26, 47.87,
2017, 7, 0.059,265.55, 50.25, 37.80, 44.02,
2017, 8, 0.071,270.73, 53.39, 28.05, 40.72,
2017, 9, 0.089,276.58, 59.16, 17.50, 38.33,
2017,10, 0.108,280.93, 63.73, 12.15, 37.94,
2017,11, 0.127,283.71, 66.68, 11.03, 38.85,
2017,12, 0.147,286.24, 69.82, 11.14, 40.48,
2017,13, 0.168,288.99, 72.26, 11.56, 41.91,
2017,14, 0.192,291.05, 73.77, 11.51, 42.64,
2017,15, 0.224,293.21, 75.83, 11.37, 43.60,
2017,16, 0.260,295.13, 77.49, 12.87, 45.18,
2017,17, 0.295,295.94, 77.58, 18.79, 48.19,
2017,18, 0.328,296.66, 77.84, 28.14, 52.99,
2017,19, 0.360,297.49, 78.68, 36.77, 57.72,
2017,20, 0.386,297.96, 78.85, 43.97, 61.41,
2017,21, 0.405,298.09, 79.06, 51.08, 65.07,
2017,22, 0.418,298.22, 78.26, 56.08, 67.17,
2017,23, 0.427,298.96, 77.31, 54.80, 66.05,
2017,24, 0.429,299.92, 76.85, 52.30, 64.58,
2017,25, 0.425,300.26, 75.96, 54.44, 65.20,
2017,26, 0.413,300.48, 71.81, 56.56, 64.19,
2017,27, 0.401,301.00, 67.94, 52.37, 60.15,
2017,28, 0.389,301.58, 65.86, 47.35, 56.60,
2017,29, 0.373,302.21, 62.56, 42.11, 52.34,
2017,30, 0.353,302.91, 58.22, 36.20, 47.21,
2017,31, 0.333,303.85, 54.53, 27.49, 41.01,
2017,32, 0.311,304.43, 49.80, 20.43, 35.12,
2017,33, 0.286,304.27, 42.76, 18.32, 30.54,
2017,34, 0.263,303.73, 36.90, 17.59, 27.24,
2017,35, 0.242,302.83, 33.25, 15.63, 24.44,
2017,36, 0.223,301.39, 31.42, 13.65, 22.53,
2017,37, 0.207,299.41, 31.57, 15.12, 23.35,
2017,38, 0.194,297.06, 32.20, 21.19, 26.69,
2017,39, 0.181,294.38, 33.00, 27.63, 30.31,
2017,40, 0.167,291.23, 32.63, 37.56, 35.09,
2017,41, 0.146,287.55, 30.57, 46.57, 38.57,
2017,42, 0.124,283.43, 28.79, 54.32, 41.56,
2017,43, 0.105,279.80, 27.59, 54.69, 41.15,
2017,44, 0.091,277.68, 27.49, 43.09, 35.28,
2017,45, 0.083,274.26, 29.41, 41.81, 35.60,
2017,46, 0.073,270.85, 29.84, 41.06, 35.44,
2017,47, 0.067,268.02, 31.90, 40.00, 35.95,
2017,48, 0.061,266.31, 33.48, 35.83, 34.66,
2017,49, 0.057,265.83, 34.81, 28.55, 31.67,
2017,50, 0.053,264.87, 35.87, 24.86, 30.36,
2017,51, 0.050,263.98, 41.07, 24.14, 32.60,
2017,52, 0.050,263.22, 48.31, 25.91, 37.11,
2018, 1, 0.046,261.55, 58.26, 25.86, 42.06,
2018, 2, 0.044,259.98, 55.53, 32.77, 44.15,
2018, 3, 0.042,258.94, 53.12, 38.27, 45.70,
2018, 4, 0.042,259.20, 50.47, 42.49, 46.47,
2018, 5, 0.042,259.82, 47.80, 43.73, 45.76,
2018, 6, 0.044,261.16, 43.59, 45.86, 44.72,
2018, 7, 0.048,263.14, 39.20, 47.78, 43.49,
2018, 8, 0.054,265.24, 39.05, 46.45, 42.75,
2018, 9, 0.061,267.84, 39.82, 45.16, 42.49,
2018,10, 0.070,270.73, 40.56, 45.16, 42.86,
2018,11, 0.087,273.56, 42.93, 48.21, 45.57,
2018,12, 0.110,277.87, 49.61, 42.91, 46.26,
2018,13, 0.136,282.84, 57.28, 33.58, 45.43,
2018,14, 0.169,288.29, 63.51, 21.59, 42.55,
2018,15, 0.205,292.35, 68.05, 14.77, 41.41,
2018,16, 0.242,295.13, 71.35, 12.57, 41.96,
2018,17, 0.280,296.98, 72.85, 13.54, 43.20,
2018,18, 0.315,298.41, 73.72, 16.95, 45.34,
2018,19, 0.344,299.47, 73.43, 21.31, 47.37,
2018,20, 0.367,300.23, 72.29, 25.09, 48.69,
2018,21, 0.385,300.88, 70.86, 27.70, 49.28,
2018,22, 0.395,301.73, 66.74, 26.69, 46.72,
2018,23, 0.397,302.31, 59.85, 25.00, 42.42,
2018,24, 0.391,302.95, 54.02, 23.15, 38.59,
2018,25, 0.383,303.60, 51.62, 21.01, 36.32,
2018,26, 0.372,303.80, 49.44, 23.53, 36.48,
2018,27, 0.361,303.57, 46.71, 28.01, 37.36,
2018,28, 0.352,303.24, 47.26, 32.17, 39.72,
2018,29, 0.344,303.11, 48.26, 33.94, 41.10,
2018,30, 0.336,303.16, 49.64, 34.00, 41.82,
2018,31, 0.326,303.36, 51.32, 32.03, 41.67,
2018,32, 0.314,303.85, 51.69, 25.73, 38.71,
2018,33, 0.300,303.88, 49.72, 21.82, 35.77,
2018,34, 0.282,303.41, 46.66, 20.38, 33.52,
2018,35, 0.263,302.81, 44.40, 15.70, 30.05,
2018,36, 0.245,301.56, 43.53, 11.76, 27.64,
2018,37, 0.230,299.71, 44.28, 11.99, 28.13,
2018,38, 0.221,297.83, 47.70, 13.95, 30.82,
2018,39, 0.214,295.89, 51.77, 13.62, 32.69,
2018,40, 0.205,293.81, 53.55, 14.04, 33.80,
2018,41, 0.191,291.48, 54.31, 12.07, 33.19,
2018,42, 0.175,288.83, 54.24, 10.19, 32.22,
2018,43, 0.157,285.97, 53.20, 11.86, 32.53,
2018,44, 0.139,283.20, 51.73,  9.93, 30.84,
2018,45, 0.133,279.66, 55.59, 13.19, 34.38,
2018,46, 0.115,274.93, 53.83, 22.09, 37.94,
2018,47, 0.097,270.60, 50.95, 28.58, 39.77,
2018,48, 0.078,267.46, 46.56, 30.52, 38.54,
2018,49, 0.063,264.93, 39.78, 31.55, 35.67,
2018,50, 0.052,262.13, 34.95, 35.11, 35.04,
2018,51, 0.044,259.53, 34.27, 41.97, 38.12,
2018,52, 0.040,257.56, 36.04, 48.80, 42.42,
2019, 1, 0.038,255.99, 41.32, 53.82, 47.57,
2019, 2, 0.037,255.49, 42.18, 54.37, 48.27,
2019, 3, 0.038,255.96, 44.68, 51.95, 48.31,
2019, 4, 0.040,257.77, 47.01, 47.75, 47.38,
2019, 5, 0.044,260.84, 49.33, 40.40, 44.86,
2019, 6, 0.052,264.50, 51.39, 33.48, 42.43,
2019, 7, 0.063,268.81, 54.23, 25.90, 40.06,
2019, 8, 0.077,272.89, 57.74, 20.77, 39.26,
2019, 9, 0.091,277.27, 60.78, 15.22, 38.00,
2019,10, 0.109,281.39, 64.19, 10.45, 37.32,
2019,11, 0.127,284.51, 66.89,  7.76, 37.32,
2019,12, 0.148,287.72, 70.52,  5.03, 37.77,
2019,13, 0.170,290.72, 73.37,  4.75, 39.06,
2019,14, 0.197,293.05, 75.83,  3.90, 39.87,
2019,15, 0.228,295.03, 77.61,  4.34, 40.98,
2019,16, 0.264,296.57, 79.12,  7.00, 43.06,
2019,17, 0.302,297.75, 80.11,  9.98, 45.04,
2019,18, 0.337,298.57, 81.05, 16.29, 48.67,
2019,19, 0.368,299.32, 81.66, 22.82, 52.24,
2019,20, 0.395,300.00, 82.77, 27.06, 54.91,
2019,21, 0.415,300.42, 83.81, 31.43, 57.62,
2019,22, 0.426,300.92, 82.69, 33.22, 57.96,
2019,23, 0.431,301.58, 79.52, 31.21, 55.36,
2019,24, 0.426,302.31, 75.01, 29.07, 52.04,
2019,25, 0.412,302.81, 68.88, 28.74, 48.81,
2019,26, 0.395,303.03, 62.16, 30.96, 46.56,
2019,27, 0.378,302.99, 55.71, 33.49, 44.60,
2019,28, 0.361,302.80, 52.05, 36.27, 44.16,
2019,29, 0.345,302.77, 49.44, 37.24, 43.34,
2019,30, 0.333,301.84, 48.57, 46.63, 47.60,
2019,31, 0.321,301.93, 48.79, 45.67, 47.23,
2019,32, 0.306,301.60, 47.85, 46.81, 47.33,
2019,33, 0.294,301.14, 47.05, 47.70, 47.38,
2019,34, 0.282,301.18, 47.06, 41.81, 44.44,
2019,35, 0.265,300.67, 45.92, 36.83, 41.38,
2019,36, 0.248,299.77, 45.36, 29.25, 37.30,
2019,37, 0.231,298.38, 44.98, 24.58, 34.78,
2019,38, 0.217,296.43, 45.70, 26.75, 36.22,
2019,39, 0.206,294.57, 46.98, 25.82, 36.40,
2019,40, 0.195,293.05, 48.24, 20.87, 34.56,
2019,41, 0.186,291.21, 51.12, 14.42, 32.77,
2019,42, 0.170,288.72, 51.66, 11.24, 31.46,
2019,43, 0.153,286.34, 51.21,  9.67, 30.44,
2019,44, 0.138,283.86, 50.83,  6.32, 28.58,
2019,45, 0.135,281.19, 56.08,  5.56, 30.82,
2019,46, 0.120,278.28, 56.34,  7.09, 31.71,
2019,47, 0.105,275.13, 55.76,  9.47, 32.62,
2019,48, 0.089,272.38, 53.97, 10.09, 32.03,
2019,49, 0.076,270.44, 50.05,  9.03, 29.54,
2019,50, 0.066,268.57, 48.36,  9.20, 28.78,
2019,51, 0.060,266.87, 52.56, 11.55, 32.06,
2019,52, 0.056,264.71, 58.18, 17.49, 37.83,
2020, 1, 0.053,262.85, 66.50, 22.94, 44.72,
2020, 2, 0.053,262.36, 68.90, 23.66, 46.28,
2020, 3, 0.053,262.06, 70.63, 25.33, 47.98,
2020, 4, 0.055,262.40, 69.76, 27.57, 48.67,
2020, 5, 0.059,264.00, 69.15, 26.91, 48.03,
2020, 6, 0.067,266.87, 69.00, 23.93, 46.47,
2020, 7, 0.079,270.72, 69.00, 18.71, 43.85,
2020, 8, 0.095,275.48, 72.59, 11.69, 42.14,
2020, 9, 0.113,280.42, 76.93,  4.59, 40.76,
2020,10, 0.130,283.90, 77.99,  1.84, 39.92,
2020,11, 0.146,286.16, 78.07,  1.65, 39.86,
2020,12, 0.162,288.33, 77.90,  2.72, 40.31,
2020,13, 0.177,290.65, 76.84,  4.96, 40.90,
2020,14, 0.193,292.42, 74.27,  6.15, 40.21,
2020,15, 0.209,293.92, 70.23,  8.38, 39.31,
2020,16, 0.223,294.92, 64.20, 13.40, 38.80,
2020,17, 0.238,295.83, 58.26, 19.03, 38.64,
2020,18,-1.000, -1.00, -1.00, -1.00, -1.00,
2020,19,-1.000, -1.00, -1.00, -1.00, -1.00,
2020,20,-1.000, -1.00, -1.00, -1.00, -1.00,
2020,21,-1.000, -1.00, -1.00, -1.00, -1.00,
2020,22,-1.000, -1.00, -1.00, -1.00, -1.00,
2020,23,-1.000, -1.00, -1.00, -1.00, -1.00,
2020,24,-1.000, -1.00, -1.00, -1.00, -1.00,
2020,25,-1.000, -1.00, -1.00, -1.00, -1.00,
2020,26,-1.000, -1.00, -1.00, -1.00, -1.00,
2020,27,-1.000, -1.00, -1.00, -1.00, -1.00,
2020,28,-1.000, -1.00, -1.00, -1.00, -1.00,
2020,29,-1.000, -1.00, -1.00, -1.00, -1.00,
2020,30,-1.000, -1.00, -1.00, -1.00, -1.00,
2020,31,-1.000, -1.00, -1.00, -1.00, -1.00,
2020,32,-1.000, -1.00, -1.00, -1.00, -1.00,
2020,33,-1.000, -1.00, -1.00, -1.00, -1.00,
2020,34,-1.000, -1.00, -1.00, -1.00, -1.00,
2020,35,-1.000, -1.00, -1.00, -1.00, -1.00,
2020,36,-1.000, -1.00, -1.00, -1.00, -1.00,
2020,37,-1.000, -1.00, -1.00, -1.00, -1.00,
2020,38,-1.000, -1.00, -1.00, -1.00, -1.00,
2020,39,-1.000, -1.00, -1.00, -1.00, -1.00,
2020,40,-1.000, -1.00, -1.00, -1.00, -1.00,
2020,41,-1.000, -1.00, -1.00, -1.00, -1.00,
2020,42,-1.000, -1.00, -1.00, -1.00, -1.00,
2020,43,-1.000, -1.00, -1.00, -1.00, -1.00,
2020,44,-1.000, -1.00, -1.00, -1.00, -1.00,
2020,45,-1.000, -1.00, -1.00, -1.00, -1.00,
2020,46,-1.000, -1.00, -1.00, -1.00, -1.00,
2020,47,-1.000, -1.00, -1.00, -1.00, -1.00,
2020,48,-1.000, -1.00, -1.00, -1.00, -1.00,
2020,49,-1.000, -1.00, -1.00, -1.00, -1.00,
2020,50,-1.000, -1.00, -1.00, -1.00, -1.00,
2020,51,-1.000, -1.00, -1.00, -1.00, -1.00,
2020,52,-1.000, -1.00, -1.00, -1.00, -1.00,
</pre></tt>