Mean data for UKR  Province= 21: Sumy,  from 1982 to 2020, weekly<br><tt><pre>1982, 1, 0.046,253.41, 36.09, 67.67, 51.88,
1982, 2, 0.045,254.47, 38.14, 63.53, 50.83,
1982, 3, 0.043,255.75, 39.00, 59.29, 49.14,
1982, 4, 0.043,257.91, 43.21, 51.11, 47.16,
1982, 5, 0.042,259.03, 41.37, 48.49, 44.93,
1982, 6, 0.038,259.83, 32.65, 49.60, 41.12,
1982, 7, 0.038,261.61, 26.26, 49.24, 37.75,
1982, 8, 0.041,263.97, 22.80, 47.85, 35.33,
1982, 9, 0.045,266.49, 21.59, 46.71, 34.15,
1982,10, 0.052,269.43, 22.57, 45.35, 33.96,
1982,11, 0.064,272.64, 25.80, 41.76, 33.78,
1982,12, 0.081,275.40, 30.21, 42.88, 36.55,
1982,13, 0.093,277.63, 30.38, 46.01, 38.20,
1982,14, 0.102,279.55, 27.29, 50.27, 38.78,
1982,15, 0.114,280.96, 22.35, 58.99, 40.67,
1982,16, 0.135,282.59, 19.35, 66.84, 43.09,
1982,17, 0.163,284.55, 17.57, 75.37, 46.47,
1982,18, 0.207,286.79, 21.70, 78.31, 50.00,
1982,19, 0.258,288.95, 25.56, 75.84, 50.70,
1982,20, 0.307,290.86, 27.69, 72.49, 50.09,
1982,21, 0.346,291.80, 29.07, 74.74, 51.91,
1982,22, 0.375,292.19, 28.91, 76.84, 52.87,
1982,23, 0.392,292.34, 26.05, 81.15, 53.60,
1982,24, 0.394,292.01, 17.29, 89.77, 53.53,
1982,25, 0.391,291.81, 12.20, 95.17, 53.69,
1982,26, 0.387,291.64, 11.37, 96.75, 54.06,
1982,27, 0.381,291.66, 11.33, 96.48, 53.91,
1982,28, 0.384,292.12, 16.33, 94.76, 55.55,
1982,29, 0.389,292.57, 25.94, 93.66, 59.80,
1982,30, 0.395,292.84, 37.49, 92.82, 65.16,
1982,31, 0.399,293.09, 45.94, 89.89, 67.91,
1982,32, 0.394,293.25, 48.63, 86.86, 67.75,
1982,33, 0.390,293.28, 52.37, 81.57, 66.97,
1982,34, 0.382,292.45, 55.28, 80.32, 67.80,
1982,35, 0.380,291.79, 62.52, 74.50, 68.51,
1982,36, 0.375,291.60, 70.04, 58.23, 64.13,
1982,37, 0.358,290.51, 73.14, 49.38, 61.26,
1982,38, 0.338,288.73, 73.76, 49.13, 61.44,
1982,39, 0.306,286.73, 67.22, 51.02, 59.12,
1982,40, 0.267,284.55, 58.09, 50.49, 54.29,
1982,41, 0.229,282.21, 51.38, 51.33, 51.36,
1982,42, 0.198,280.13, 48.55, 50.64, 49.59,
1982,43, 0.171,277.62, 49.04, 48.77, 48.91,
1982,44, 0.150,276.13, 51.26, 34.91, 43.09,
1982,45, 0.126,274.67, 47.97, 24.71, 36.34,
1982,46, 0.104,272.66, 43.42, 21.84, 32.63,
1982,47, 0.082,270.08, 36.25, 22.67, 29.46,
1982,48, 0.068,267.72, 33.40, 26.57, 29.98,
1982,49, 0.059,265.69, 32.43, 30.49, 31.46,
1982,50, 0.053,263.03, 32.00, 31.69, 31.85,
1982,51, 0.049,260.74, 31.95, 38.02, 34.98,
1982,52, 0.043,259.46, 27.81, 41.18, 34.50,
1983, 1, 0.040,259.55, 27.49, 38.76, 33.12,
1983, 2, 0.040,259.97, 30.87, 36.10, 33.48,
1983, 3, 0.040,260.16, 34.35, 36.37, 35.36,
1983, 4, 0.038,260.15, 34.15, 39.54, 36.85,
1983, 5, 0.036,260.70, 32.25, 40.36, 36.31,
1983, 6, 0.035,261.30, 27.65, 42.86, 35.25,
1983, 7, 0.034,262.33, 21.65, 46.11, 33.88,
1983, 8, 0.035,263.65, 17.48, 49.22, 33.35,
1983, 9, 0.038,265.45, 16.75, 51.18, 33.96,
1983,10, 0.044,268.12, 17.44, 51.17, 34.31,
1983,11, 0.052,271.30, 18.56, 48.06, 33.31,
1983,12, 0.067,274.97, 22.88, 44.54, 33.71,
1983,13, 0.093,279.52, 30.22, 34.63, 32.43,
1983,14, 0.125,283.35, 38.61, 26.11, 32.36,
1983,15, 0.158,286.32, 43.62, 21.62, 32.62,
1983,16, 0.186,288.01, 42.75, 25.70, 34.23,
1983,17, 0.220,289.90, 42.65, 30.10, 36.37,
1983,18, 0.261,291.87, 44.58, 31.86, 38.22,
1983,19, 0.306,293.10, 46.32, 36.25, 41.28,
1983,20, 0.349,294.03, 47.38, 40.46, 43.92,
1983,21, 0.379,294.47, 45.93, 46.28, 46.10,
1983,22, 0.401,294.54, 43.27, 51.85, 47.56,
1983,23, 0.412,294.26, 37.34, 60.44, 48.89,
1983,24, 0.410,293.72, 26.88, 71.26, 49.07,
1983,25, 0.408,294.10, 22.22, 70.79, 46.51,
1983,26, 0.405,294.83, 21.30, 64.61, 42.96,
1983,27, 0.397,295.16, 19.77, 62.76, 41.26,
1983,28, 0.383,295.26, 14.54, 65.01, 39.77,
1983,29, 0.360,295.26,  8.52, 68.76, 38.64,
1983,30, 0.342,295.07,  7.04, 72.66, 39.85,
1983,31, 0.333,294.84,  8.44, 73.76, 41.10,
1983,32, 0.328,294.61, 10.78, 73.64, 42.21,
1983,33, 0.328,294.50, 16.20, 68.65, 42.43,
1983,34, 0.323,294.12, 20.88, 60.57, 40.73,
1983,35, 0.321,293.84, 29.12, 48.95, 39.04,
1983,36, 0.313,292.92, 35.56, 41.75, 38.66,
1983,37, 0.300,291.48, 40.78, 36.95, 38.87,
1983,38, 0.281,289.53, 42.61, 38.88, 40.75,
1983,39, 0.257,286.31, 39.83, 56.33, 48.08,
1983,40, 0.230,283.64, 37.08, 61.04, 49.06,
1983,41, 0.201,280.66, 34.26, 68.62, 51.44,
1983,42, 0.175,277.76, 33.74, 74.52, 54.13,
1983,43, 0.148,274.75, 32.75, 73.49, 53.12,
1983,44, 0.122,271.22, 31.19, 72.67, 51.93,
1983,45, 0.098,266.83, 25.96, 77.42, 51.69,
1983,46, 0.081,262.32, 23.76, 82.73, 53.25,
1983,47, 0.067,259.59, 22.32, 81.13, 51.72,
1983,48, 0.061,258.35, 27.20, 75.83, 51.51,
1983,49, 0.058,258.10, 31.62, 67.72, 49.67,
1983,50, 0.057,257.56, 37.53, 60.01, 48.77,
1983,51, 0.056,256.41, 41.90, 59.67, 50.78,
1983,52, 0.054,254.81, 44.08, 63.82, 53.95,
1984, 1, 0.055,254.55, 50.05, 62.95, 56.50,
1984, 2, 0.055,254.52, 53.77, 63.36, 58.56,
1984, 3, 0.054,255.22, 57.96, 61.89, 59.93,
1984, 4, 0.055,257.06, 62.39, 55.41, 58.90,
1984, 5, 0.055,259.15, 62.25, 47.77, 55.01,
1984, 6, 0.056,260.29, 56.65, 47.31, 51.98,
1984, 7, 0.058,261.25, 47.11, 50.43, 48.77,
1984, 8, 0.060,262.31, 37.85, 54.13, 45.99,
1984, 9, 0.061,264.44, 33.14, 54.65, 43.89,
1984,10, 0.064,267.36, 30.18, 53.91, 42.05,
1984,11, 0.069,270.65, 28.68, 50.59, 39.64,
1984,12, 0.079,274.16, 29.42, 48.37, 38.89,
1984,13, 0.092,278.18, 29.79, 42.13, 35.96,
1984,14, 0.108,282.49, 30.26, 31.55, 30.91,
1984,15, 0.125,285.36, 27.77, 28.38, 28.08,
1984,16, 0.148,287.72, 25.30, 28.11, 26.70,
1984,17, 0.176,290.23, 23.26, 27.51, 25.38,
1984,18, 0.212,292.16, 23.75, 29.31, 26.53,
1984,19, 0.255,293.59, 24.45, 31.84, 28.15,
1984,20, 0.292,294.31, 21.69, 38.16, 29.92,
1984,21, 0.331,294.53, 22.66, 45.88, 34.27,
1984,22, 0.362,294.29, 22.44, 54.60, 38.52,
1984,23, 0.388,293.67, 24.01, 66.92, 45.46,
1984,24, 0.410,293.27, 26.95, 76.31, 51.63,
1984,25, 0.427,293.30, 34.47, 79.75, 57.11,
1984,26, 0.435,293.39, 40.82, 79.54, 60.18,
1984,27, 0.435,293.47, 44.02, 79.55, 61.79,
1984,28, 0.428,293.39, 43.49, 82.98, 63.23,
1984,29, 0.420,293.43, 44.83, 85.86, 65.34,
1984,30, 0.408,293.40, 45.32, 87.70, 66.51,
1984,31, 0.392,293.11, 41.98, 89.50, 65.74,
1984,32, 0.380,293.03, 41.00, 88.75, 64.88,
1984,33, 0.367,292.64, 39.56, 87.87, 63.71,
1984,34, 0.356,292.23, 40.09, 82.70, 61.39,
1984,35, 0.332,291.24, 35.27, 80.93, 58.10,
1984,36, 0.305,290.14, 31.08, 75.75, 53.41,
1984,37, 0.283,289.50, 31.13, 61.32, 46.22,
1984,38, 0.259,288.56, 30.44, 50.45, 40.44,
1984,39, 0.234,286.99, 27.25, 47.41, 37.33,
1984,40, 0.209,285.04, 24.89, 44.85, 34.87,
1984,41, 0.189,283.28, 26.76, 39.64, 33.20,
1984,42, 0.171,281.64, 31.08, 35.59, 33.33,
1984,43, 0.150,279.86, 34.12, 29.95, 32.03,
1984,44, 0.124,277.86, 32.66, 22.04, 27.35,
1984,45, 0.106,276.40, 33.35, 13.50, 23.43,
1984,46, 0.082,274.35, 26.09, 12.17, 19.13,
1984,47, 0.063,272.78, 20.53,  7.87, 14.20,
1984,48, 0.052,271.81, 19.95,  5.33, 12.64,
1984,49, 0.047,271.13, 21.88,  3.98, 12.93,
1984,50,-1.000, -1.00, -1.00, -1.00, -1.00,
1984,51,-1.000, -1.00, -1.00, -1.00, -1.00,
1984,52,-1.000, -1.00, -1.00, -1.00, -1.00,
1985, 1,-1.000, -1.00, -1.00, -1.00, -1.00,
1985, 2,-1.000, -1.00, -1.00, -1.00, -1.00,
1985, 3,-1.000, -1.00, -1.00, -1.00, -1.00,
1985, 4,-1.000, -1.00, -1.00, -1.00, -1.00,
1985, 5,-1.000, -1.00, -1.00, -1.00, -1.00,
1985, 6,-1.000, -1.00, -1.00, -1.00, -1.00,
1985, 7,-1.000, -1.00, -1.00, -1.00, -1.00,
1985, 8,-1.000, -1.00, -1.00, -1.00, -1.00,
1985, 9, 0.034,262.42, 14.11, 62.22, 38.17,
1985,10, 0.033,262.55, 10.79, 71.75, 41.27,
1985,11, 0.036,265.33,  9.75, 73.72, 41.74,
1985,12, 0.045,268.70, 11.27, 74.29, 42.78,
1985,13, 0.060,272.92, 13.93, 70.73, 42.33,
1985,14, 0.086,277.75, 19.36, 61.05, 40.21,
1985,15, 0.119,282.23, 24.72, 50.60, 37.66,
1985,16, 0.161,286.27, 31.39, 39.58, 35.49,
1985,17, 0.217,289.61, 41.39, 33.25, 37.32,
1985,18, 0.277,292.27, 51.10, 28.70, 39.90,
1985,19, 0.336,293.95, 59.07, 28.76, 43.91,
1985,20, 0.379,294.70, 60.81, 34.47, 47.64,
1985,21, 0.412,294.97, 62.56, 41.69, 52.12,
1985,22, 0.434,294.98, 61.73, 47.78, 54.75,
1985,23, 0.436,294.25, 52.66, 60.93, 56.80,
1985,24, 0.434,293.47, 42.21, 74.30, 58.25,
1985,25, 0.435,293.29, 39.91, 79.70, 59.81,
1985,26, 0.433,293.19, 39.65, 81.50, 60.57,
1985,27, 0.429,293.26, 39.51, 81.53, 60.52,
1985,28, 0.422,293.33, 39.48, 83.60, 61.54,
1985,29, 0.421,293.78, 44.94, 82.71, 63.83,
1985,30, 0.419,294.33, 51.29, 79.47, 65.38,
1985,31, 0.417,294.87, 55.92, 73.75, 64.84,
1985,32, 0.411,295.00, 58.16, 70.04, 64.10,
1985,33, 0.400,294.93, 58.47, 64.32, 61.39,
1985,34, 0.388,294.78, 58.80, 52.91, 55.85,
1985,35, 0.371,293.76, 57.74, 49.99, 53.86,
1985,36, 0.349,291.85, 55.92, 55.06, 55.49,
1985,37, 0.320,289.76, 51.94, 58.73, 55.33,
1985,38, 0.285,287.85, 44.78, 60.06, 52.42,
1985,39, 0.251,285.87, 36.77, 61.53, 49.15,
1985,40, 0.218,283.53, 30.16, 62.24, 46.20,
1985,41, 0.195,281.23, 30.11, 62.49, 46.30,
1985,42, 0.173,279.27, 32.05, 59.66, 45.85,
1985,43, 0.151,277.51, 34.12, 50.21, 42.17,
1985,44, 0.134,275.67, 39.10, 38.99, 39.05,
1985,45, 0.111,273.04, 35.03, 36.15, 35.59,
1985,46, 0.086,270.49, 27.07, 34.94, 31.00,
1985,47, 0.064,267.80, 18.96, 35.58, 27.27,
1985,48, 0.050,264.08, 14.95, 46.07, 30.51,
1985,49, 0.045,260.16, 15.83, 58.02, 36.93,
1985,50, 0.039,256.79, 13.56, 63.12, 38.34,
1985,51, 0.034,254.09, 11.52, 70.00, 40.76,
1985,52, 0.032,252.55, 12.40, 73.80, 43.10,
1986, 1, 0.031,251.25, 13.13, 78.71, 45.92,
1986, 2, 0.030,250.86, 14.43, 81.71, 48.07,
1986, 3, 0.030,252.54, 18.04, 75.72, 46.88,
1986, 4, 0.031,254.94, 21.37, 65.59, 43.48,
1986, 5, 0.031,257.03, 24.70, 57.03, 40.86,
1986, 6, 0.032,258.71, 23.80, 53.97, 38.88,
1986, 7, 0.030,260.66, 17.90, 53.14, 35.52,
1986, 8, 0.029,263.20, 12.70, 51.10, 31.90,
1986, 9, 0.030,265.70, 11.60, 50.08, 30.84,
1986,10, 0.033,268.20, 10.38, 50.93, 30.66,
1986,11, 0.042,272.00, 12.74, 44.93, 28.83,
1986,12, 0.058,276.69, 18.06, 36.33, 27.19,
1986,13, 0.079,280.88, 22.86, 27.89, 25.38,
1986,14, 0.105,283.83, 28.45, 23.93, 26.19,
1986,15, 0.133,286.30, 31.70, 22.38, 27.04,
1986,16, 0.165,288.53, 33.09, 22.51, 27.80,
1986,17, 0.205,290.26, 36.21, 27.72, 31.96,
1986,18, 0.252,291.78, 40.71, 33.22, 36.96,
1986,19, 0.294,293.35, 41.29, 34.47, 37.88,
1986,20, 0.339,294.70, 42.53, 34.43, 38.48,
1986,21, 0.380,295.73, 46.53, 33.48, 40.01,
1986,22, 0.411,296.43, 48.49, 32.26, 40.38,
1986,23, 0.426,296.80, 45.52, 33.67, 39.59,
1986,24, 0.433,296.88, 40.19, 37.05, 38.62,
1986,25, 0.436,297.01, 39.16, 39.35, 39.26,
1986,26, 0.431,296.87, 36.74, 43.38, 40.06,
1986,27, 0.424,296.63, 35.78, 48.25, 42.01,
1986,28, 0.419,296.81, 36.74, 50.03, 43.38,
1986,29, 0.412,297.05, 38.95, 51.83, 45.39,
1986,30, 0.405,297.13, 42.53, 53.92, 48.23,
1986,31, 0.391,296.59, 40.70, 57.89, 49.29,
1986,32, 0.376,295.70, 37.47, 63.42, 50.45,
1986,33, 0.365,295.19, 37.43, 61.84, 49.64,
1986,34, 0.346,294.06, 33.72, 61.79, 47.75,
1986,35, 0.327,292.94, 32.04, 60.58, 46.31,
1986,36, 0.305,291.27, 30.47, 62.21, 46.34,
1986,37, 0.285,288.83, 31.93, 70.03, 50.98,
1986,38, 0.266,286.11, 33.58, 81.83, 57.71,
1986,39, 0.247,284.19, 34.27, 82.72, 58.50,
1986,40, 0.226,282.31, 34.43, 76.73, 55.58,
1986,41, 0.204,280.52, 35.77, 70.33, 53.05,
1986,42, 0.176,278.77, 34.69, 64.60, 49.64,
1986,43, 0.143,276.81, 29.76, 56.14, 42.95,
1986,44, 0.109,274.01, 21.82, 51.78, 36.80,
1986,45, 0.086,271.54, 16.61, 46.44, 31.53,
1986,46, 0.070,269.75, 14.09, 39.63, 26.86,
1986,47, 0.060,268.12, 15.85, 34.22, 25.03,
1986,48, 0.055,266.76, 20.05, 32.11, 26.08,
1986,49, 0.049,264.28, 19.87, 37.91, 28.89,
1986,50, 0.044,260.80, 20.20, 43.44, 31.82,
1986,51, 0.043,257.49, 22.79, 54.17, 38.48,
1986,52, 0.042,254.63, 25.89, 64.54, 45.21,
1987, 1, 0.039,252.49, 25.48, 73.53, 49.51,
1987, 2, 0.036,250.86, 24.91, 82.60, 53.76,
1987, 3, 0.036,250.12, 27.60, 88.92, 58.26,
1987, 4, 0.033,250.74, 25.02, 87.37, 56.19,
1987, 5, 0.028,251.91, 20.18, 81.56, 50.87,
1987, 6, 0.026,253.01, 15.67, 79.07, 47.37,
1987, 7, 0.023,254.49, 10.07, 78.84, 44.46,
1987, 8, 0.022,256.25,  6.83, 80.14, 43.48,
1987, 9, 0.021,258.57,  4.46, 80.69, 42.57,
1987,10, 0.020,260.14,  1.78, 86.62, 44.20,
1987,11, 0.021,262.18,  0.53, 90.88, 45.70,
1987,12, 0.024,264.97,  0.15, 93.72, 46.93,
1987,13, 0.033,268.20,  0.06, 95.89, 47.98,
1987,14, 0.046,271.48,  0.06, 97.32, 48.69,
1987,15, 0.066,274.89,  0.21, 98.66, 49.44,
1987,16, 0.092,278.08,  0.54, 99.25, 49.90,
1987,17, 0.123,281.78,  1.14, 97.80, 49.47,
1987,18, 0.154,284.83,  0.97, 95.40, 48.19,
1987,19, 0.197,287.01,  1.35, 93.23, 47.29,
1987,20, 0.248,289.02,  2.97, 89.93, 46.45,
1987,21, 0.293,290.72,  4.96, 85.56, 45.26,
1987,22, 0.335,292.03,  8.66, 78.34, 43.50,
1987,23, 0.367,292.63, 12.23, 77.95, 45.09,
1987,24, 0.402,293.52, 21.80, 73.69, 47.74,
1987,25, 0.434,294.31, 38.92, 68.82, 53.87,
1987,26, 0.460,294.98, 55.96, 63.31, 59.64,
1987,27, 0.470,295.23, 65.16, 62.37, 63.76,
1987,28, 0.468,295.58, 68.04, 62.16, 65.10,
1987,29, 0.460,295.77, 68.90, 64.22, 66.56,
1987,30, 0.450,295.63, 69.01, 67.85, 68.43,
1987,31, 0.430,294.82, 63.54, 74.26, 68.90,
1987,32, 0.412,294.13, 58.33, 78.45, 68.39,
1987,33, 0.397,293.68, 56.14, 77.35, 66.75,
1987,34, 0.380,292.93, 53.11, 74.65, 63.88,
1987,35, 0.363,291.62, 52.47, 76.53, 64.50,
1987,36, 0.341,289.93, 50.70, 78.89, 64.79,
1987,37, 0.318,288.17, 50.18, 78.91, 64.55,
1987,38, 0.296,286.48, 50.11, 77.55, 63.83,
1987,39, 0.278,284.74, 50.99, 75.75, 63.37,
1987,40, 0.258,283.22, 52.32, 66.10, 59.21,
1987,41, 0.238,281.53, 55.73, 59.38, 57.55,
1987,42, 0.216,279.36, 59.42, 58.92, 59.17,
1987,43, 0.192,277.05, 61.70, 54.31, 58.00,
1987,44, 0.163,274.00, 59.60, 52.08, 55.84,
1987,45, 0.129,271.00, 49.63, 50.19, 49.91,
1987,46, 0.100,268.74, 40.20, 45.66, 42.93,
1987,47, 0.081,266.44, 35.48, 43.61, 39.54,
1987,48, 0.067,264.26, 33.38, 45.34, 39.36,
1987,49, 0.058,262.06, 31.36, 48.69, 40.03,
1987,50, 0.051,260.04, 29.32, 46.81, 38.07,
1987,51, 0.045,258.62, 27.54, 48.53, 38.04,
1987,52, 0.041,257.20, 25.87, 52.36, 39.11,
1988, 1, 0.039,256.24, 25.55, 55.12, 40.34,
1988, 2, 0.038,255.15, 27.45, 60.46, 43.96,
1988, 3, 0.037,255.30, 28.86, 61.51, 45.19,
1988, 4, 0.035,256.17, 29.05, 59.23, 44.14,
1988, 5, 0.036,255.47, 32.33, 64.25, 48.29,
1988, 6, 0.037,255.59, 30.60, 67.57, 49.09,
1988, 7, 0.037,255.88, 25.18, 72.39, 48.79,
1988, 8, 0.039,255.71, 20.84, 80.62, 50.73,
1988, 9, 0.042,256.20, 19.82, 86.50, 53.16,
1988,10, 0.043,256.73, 17.18, 91.81, 54.49,
1988,11, 0.049,259.06, 16.84, 92.06, 54.45,
1988,12, 0.055,262.54, 16.76, 91.32, 54.04,
1988,13, 0.064,266.80, 15.68, 89.70, 52.69,
1988,14, 0.083,271.83, 18.18, 86.37, 52.28,
1988,15, 0.112,275.41, 21.39, 87.27, 54.33,
1988,16, 0.140,279.04, 22.13, 85.94, 54.03,
1988,17, 0.170,282.03, 21.22, 87.54, 54.38,
1988,18, 0.207,284.36, 22.70, 88.65, 55.68,
1988,19, 0.251,287.26, 23.53, 83.49, 53.51,
1988,20, 0.295,289.52, 23.77, 80.21, 51.99,
1988,21, 0.332,290.73, 23.86, 80.49, 52.18,
1988,22, 0.361,291.73, 23.02, 77.87, 50.44,
1988,23, 0.386,292.23, 24.06, 78.97, 51.51,
1988,24, 0.410,292.98, 28.27, 77.57, 52.92,
1988,25, 0.421,293.07, 31.61, 79.84, 55.72,
1988,26, 0.425,293.32, 34.87, 78.58, 56.73,
1988,27, 0.434,294.19, 42.59, 71.78, 57.18,
1988,28, 0.440,294.76, 50.43, 69.54, 59.98,
1988,29, 0.436,295.02, 54.35, 70.91, 62.63,
1988,30, 0.425,294.79, 54.85, 75.09, 64.97,
1988,31, 0.418,294.45, 56.64, 77.28, 66.96,
1988,32, 0.409,294.19, 57.33, 77.59, 67.46,
1988,33, 0.391,293.72, 52.54, 76.73, 64.63,
1988,34, 0.360,292.74, 42.04, 76.76, 59.40,
1988,35, 0.329,291.66, 33.72, 75.91, 54.81,
1988,36, 0.315,290.59, 36.53, 70.68, 53.60,
1988,37, 0.303,289.30, 42.48, 64.61, 53.55,
1988,38, 0.291,287.83, 47.62, 60.43, 54.02,
1988,39, 0.280,286.44, 52.15, 54.57, 53.36,
1988,40, 0.272,285.02, 60.29, 45.04, 52.66,
1988,41, 0.248,282.37, 61.65, 49.59, 55.62,
1988,42, 0.225,280.22, 64.11, 49.87, 56.99,
1988,43, 0.197,276.92, 63.34, 55.38, 59.36,
1988,44, 0.172,273.41, 63.85, 56.88, 60.36,
1988,45, 0.146,270.45, 60.91, 54.22, 57.56,
1988,46, 0.111,267.17, 49.90, 55.34, 52.62,
1988,47, 0.085,264.25, 40.21, 56.20, 48.20,
1988,48, 0.068,261.70, 35.03, 58.81, 46.92,
1988,49, 0.059,259.38, 33.74, 61.40, 47.57,
1988,50, 0.051,257.71, 29.45, 57.50, 43.48,
1988,51, 0.045,256.54, 27.39, 57.38, 42.38,
1988,52, 0.039,255.82, 21.49, 57.70, 39.59,
1989, 1, 0.035,255.81, 19.79, 56.52, 38.15,
1989, 2, 0.033,257.44, 19.94, 48.77, 34.35,
1989, 3, 0.032,259.59, 20.96, 39.30, 30.13,
1989, 4, 0.033,261.80, 25.12, 30.95, 28.03,
1989, 5, 0.036,264.46, 31.42, 22.64, 27.03,
1989, 6, 0.041,266.98, 35.69, 17.90, 26.79,
1989, 7, 0.050,269.10, 37.60, 17.23, 27.42,
1989, 8, 0.060,271.54, 37.68, 14.99, 26.33,
1989, 9, 0.073,274.26, 41.32, 11.95, 26.63,
1989,10, 0.094,277.07, 49.36,  9.85, 29.60,
1989,11, 0.120,279.98, 58.06,  6.05, 32.05,
1989,12, 0.144,282.46, 64.14,  6.72, 35.43,
1989,13, 0.172,284.41, 69.78,  8.19, 38.99,
1989,14, 0.201,286.49, 75.27,  7.95, 41.61,
1989,15, 0.230,288.69, 76.96,  7.38, 42.17,
1989,16, 0.260,290.23, 76.14, 11.10, 43.62,
1989,17, 0.295,291.59, 75.10, 17.25, 46.17,
1989,18, 0.335,292.82, 74.96, 23.97, 49.47,
1989,19, 0.377,293.83, 75.67, 30.06, 52.87,
1989,20, 0.416,294.71, 77.22, 34.39, 55.80,
1989,21, 0.440,295.72, 76.37, 33.59, 54.98,
1989,22, 0.450,296.21, 69.68, 34.45, 52.07,
1989,23, 0.450,296.13, 60.11, 40.58, 50.35,
1989,24, 0.447,296.07, 49.90, 45.78, 47.84,
1989,25, 0.437,295.64, 40.83, 54.18, 47.51,
1989,26, 0.432,295.53, 38.68, 57.27, 47.98,
1989,27, 0.427,295.47, 38.67, 59.66, 49.16,
1989,28, 0.414,295.36, 34.24, 63.90, 49.07,
1989,29, 0.395,295.33, 29.44, 67.82, 48.63,
1989,30, 0.376,295.34, 26.63, 69.95, 48.29,
1989,31, 0.365,295.65, 26.14, 66.28, 46.21,
1989,32, 0.355,296.24, 25.84, 57.84, 41.84,
1989,33, 0.337,295.95, 21.91, 53.70, 37.80,
1989,34, 0.321,295.31, 20.36, 46.68, 33.52,
1989,35, 0.302,294.48, 19.20, 41.01, 30.10,
1989,36, 0.286,293.14, 21.41, 38.98, 30.20,
1989,37, 0.262,291.40, 21.04, 38.28, 29.66,
1989,38, 0.240,289.05, 21.14, 45.21, 33.17,
1989,39, 0.227,286.94, 24.28, 48.11, 36.19,
1989,40, 0.216,285.11, 29.44, 43.70, 36.57,
1989,41, 0.200,283.15, 33.60, 40.66, 37.13,
1989,42, 0.183,281.13, 39.11, 40.50, 39.80,
1989,43, 0.170,278.89, 47.29, 37.84, 42.56,
1989,44, 0.160,276.87, 57.97, 29.32, 43.65,
1989,45, 0.140,274.83, 58.64, 23.99, 41.32,
1989,46, 0.111,271.74, 50.15, 27.86, 39.00,
1989,47, 0.086,268.02, 40.71, 34.94, 37.83,
1989,48, 0.069,265.18, 35.65, 40.62, 38.13,
1989,49, 0.059,263.41, 33.76, 42.07, 37.92,
1989,50, 0.049,261.88, 26.91, 37.55, 32.23,
1989,51, 0.044,261.52, 25.39, 34.17, 29.78,
1989,52, 0.044,262.13, 29.01, 28.32, 28.67,
1990, 1, 0.042,262.69, 29.01, 23.20, 26.11,
1990, 2, 0.040,263.62, 29.94, 17.41, 23.67,
1990, 3, 0.042,264.43, 35.81, 14.33, 25.07,
1990, 4, 0.044,265.66, 42.44, 12.37, 27.40,
1990, 5, 0.047,267.46, 47.53,  9.46, 28.50,
1990, 6, 0.053,269.83, 51.20,  5.87, 28.54,
1990, 7, 0.067,272.31, 54.98,  3.89, 29.44,
1990, 8, 0.078,274.24, 52.96,  3.49, 28.23,
1990, 9, 0.094,276.23, 56.35,  3.07, 29.71,
1990,10, 0.117,278.73, 64.41,  2.02, 33.21,
1990,11, 0.140,280.56, 69.53,  2.62, 36.08,
1990,12, 0.163,283.37, 74.18,  1.75, 37.97,
1990,13, 0.181,285.33, 74.38,  3.02, 38.70,
1990,14, 0.199,286.77, 74.42,  6.00, 40.21,
1990,15, 0.223,287.99, 73.62, 10.92, 42.27,
1990,16, 0.254,288.89, 72.99, 19.82, 46.41,
1990,17, 0.290,289.63, 73.01, 33.03, 53.02,
1990,18, 0.330,290.39, 72.67, 46.01, 59.34,
1990,19, 0.365,291.10, 70.41, 55.74, 63.08,
1990,20, 0.391,291.63, 65.48, 64.85, 65.17,
1990,21, 0.403,291.59, 57.30, 76.65, 66.98,
1990,22, 0.412,291.65, 48.62, 82.00, 65.31,
1990,23, 0.427,292.37, 45.78, 80.41, 63.10,
1990,24, 0.439,293.02, 45.05, 79.01, 62.03,
1990,25, 0.446,293.75, 47.13, 74.85, 60.99,
1990,26, 0.443,293.98, 45.95, 73.43, 59.69,
1990,27, 0.433,293.88, 42.60, 75.49, 59.05,
1990,28, 0.423,293.77, 40.45, 79.37, 59.91,
1990,29, 0.411,293.63, 38.97, 83.90, 61.43,
1990,30, 0.394,293.42, 36.94, 87.54, 62.24,
1990,31, 0.380,293.17, 34.95, 89.10, 62.03,
1990,32, 0.372,292.94, 35.70, 89.74, 62.72,
1990,33, 0.361,292.42, 35.78, 90.29, 63.04,
1990,34, 0.346,291.47, 34.33, 91.52, 62.92,
1990,35, 0.326,290.20, 32.21, 93.62, 62.92,
1990,36, 0.301,288.54, 29.36, 95.27, 62.32,
1990,37, 0.279,286.86, 29.27, 93.95, 61.61,
1990,38, 0.259,285.56, 30.55, 87.57, 59.06,
1990,39, 0.244,284.28, 32.99, 80.80, 56.89,
1990,40, 0.224,282.84, 33.43, 70.17, 51.80,
1990,41, 0.202,281.30, 34.48, 61.21, 47.85,
1990,42, 0.173,279.31, 32.02, 58.66, 45.34,
1990,43, 0.138,276.36, 25.85, 59.81, 42.83,
1990,44, 0.110,273.85, 22.56, 52.80, 37.68,
1990,45, 0.091,272.40, 20.87, 40.24, 30.56,
1990,46, 0.078,270.49, 21.47, 35.00, 28.24,
1990,47, 0.071,269.10, 26.31, 28.50, 27.41,
1990,48, 0.064,268.02, 30.13, 25.21, 27.67,
1990,49, 0.056,266.25, 29.43, 27.95, 28.69,
1990,50, 0.052,264.34, 29.73, 25.10, 27.42,
1990,51, 0.050,262.74, 32.87, 28.14, 30.51,
1990,52, 0.050,261.66, 37.32, 30.30, 33.81,
1991, 1, 0.051,261.68, 43.70, 27.93, 35.81,
1991, 2, 0.054,262.41, 52.87, 23.20, 38.03,
1991, 3, 0.056,261.60, 59.67, 28.39, 44.03,
1991, 4, 0.053,260.27, 58.82, 38.55, 48.68,
1991, 5, 0.049,260.42, 52.15, 41.38, 46.76,
1991, 6, 0.044,260.71, 40.02, 45.26, 42.64,
1991, 7, 0.040,260.48, 27.41, 53.52, 40.47,
1991, 8, 0.040,261.43, 21.79, 57.55, 39.67,
1991, 9, 0.042,263.43, 19.31, 58.45, 38.88,
1991,10, 0.047,266.61, 19.23, 56.81, 38.02,
1991,11, 0.055,270.14, 20.28, 52.91, 36.60,
1991,12, 0.070,274.08, 24.48, 48.90, 36.69,
1991,13, 0.088,277.42, 28.04, 46.54, 37.29,
1991,14, 0.103,280.25, 28.07, 45.58, 36.82,
1991,15, 0.126,282.96, 28.52, 45.15, 36.83,
1991,16, 0.155,284.29, 29.10, 54.29, 41.70,
1991,17, 0.189,285.80, 29.33, 65.54, 47.44,
1991,18, 0.226,287.61, 30.36, 71.43, 50.89,
1991,19, 0.269,288.61, 30.72, 78.98, 54.85,
1991,20, 0.315,289.68, 32.49, 83.38, 57.93,
1991,21, 0.362,291.11, 38.23, 81.02, 59.62,
1991,22, 0.400,292.40, 42.93, 74.06, 58.49,
1991,23, 0.435,293.64, 51.05, 67.09, 59.07,
1991,24, 0.461,294.74, 58.42, 60.27, 59.34,
1991,25, 0.481,295.83, 69.74, 52.02, 60.88,
1991,26, 0.489,296.49, 75.41, 47.33, 61.37,
1991,27, 0.480,296.34, 71.92, 51.07, 61.50,
1991,28, 0.469,296.12, 69.32, 56.70, 63.01,
1991,29, 0.457,296.21, 67.20, 59.77, 63.48,
1991,30, 0.441,296.08, 64.38, 63.43, 63.91,
1991,31, 0.419,295.65, 57.37, 66.48, 61.93,
1991,32, 0.396,295.19, 49.55, 68.15, 58.85,
1991,33, 0.375,294.70, 43.87, 66.75, 55.31,
1991,34, 0.359,294.12, 41.73, 60.88, 51.31,
1991,35, 0.343,293.29, 42.16, 56.10, 49.13,
1991,36, 0.327,292.20, 43.76, 50.82, 47.29,
1991,37, 0.317,291.34, 50.30, 38.80, 44.55,
1991,38, 0.306,290.49, 56.61, 26.80, 41.70,
1991,39, 0.289,288.79, 57.97, 25.45, 41.71,
1991,40, 0.263,286.51, 55.84, 28.06, 41.95,
1991,41, 0.230,283.52, 51.31, 37.19, 44.25,
1991,42, 0.192,279.51, 44.70, 57.25, 50.98,
1991,43, 0.154,274.83, 36.94, 72.98, 54.96,
1991,44, 0.120,270.99, 29.77, 74.55, 52.16,
1991,45, 0.095,267.97, 24.57, 70.12, 47.35,
1991,46, 0.079,265.92, 22.97, 62.13, 42.55,
1991,47, 0.069,264.41, 25.79, 54.80, 40.30,
1991,48, 0.062,262.97, 28.92, 52.03, 40.47,
1991,49, 0.053,261.66, 27.62, 50.81, 39.21,
1991,50, 0.052,260.88, 31.70, 43.11, 37.41,
1991,51, 0.053,260.78, 38.40, 38.32, 38.36,
1991,52, 0.052,260.49, 41.20, 36.64, 38.92,
1992, 1, 0.054,259.94, 47.35, 37.16, 42.26,
1992, 2, 0.053,258.94, 51.49, 41.58, 46.53,
1992, 3, 0.052,258.40, 54.30, 45.94, 50.12,
1992, 4, 0.050,258.56, 54.16, 48.26, 51.21,
1992, 5, 0.047,259.19, 49.56, 48.12, 48.84,
1992, 6, 0.046,260.55, 43.18, 46.72, 44.95,
1992, 7, 0.047,262.69, 34.90, 44.94, 39.92,
1992, 8, 0.051,265.59, 31.08, 40.96, 36.02,
1992, 9, 0.057,268.33, 29.99, 38.56, 34.28,
1992,10, 0.062,271.72, 29.05, 34.82, 31.93,
1992,11, 0.074,274.90, 31.68, 30.70, 31.19,
1992,12, 0.089,277.95, 34.69, 29.78, 32.24,
1992,13, 0.105,280.63, 36.34, 29.24, 32.79,
1992,14, 0.127,282.96, 39.58, 29.43, 34.50,
1992,15, 0.155,285.19, 41.85, 30.30, 36.08,
1992,16, 0.193,287.57, 45.62, 29.84, 37.73,
1992,17, 0.237,290.05, 49.74, 29.45, 39.59,
1992,18, 0.282,292.16, 52.66, 29.61, 41.14,
1992,19, 0.320,293.63, 51.70, 31.64, 41.67,
1992,20, 0.350,294.55, 47.14, 35.95, 41.55,
1992,21, 0.378,295.26, 45.19, 38.59, 41.89,
1992,22, 0.399,295.60, 41.67, 41.08, 41.38,
1992,23, 0.421,295.91, 42.51, 43.07, 42.79,
1992,24, 0.444,296.30, 47.60, 43.22, 45.41,
1992,25, 0.457,296.66, 54.10, 43.03, 48.57,
1992,26, 0.462,296.94, 57.89, 42.68, 50.28,
1992,27, 0.462,297.03, 60.54, 44.27, 52.40,
1992,28, 0.456,297.40, 60.95, 44.36, 52.66,
1992,29, 0.446,297.98, 60.38, 43.12, 51.75,
1992,30, 0.430,298.28, 57.50, 43.31, 50.40,
1992,31, 0.408,298.46, 50.64, 40.59, 45.61,
1992,32, 0.391,298.66, 46.50, 34.68, 40.59,
1992,33, 0.374,298.64, 42.84, 25.78, 34.31,
1992,34, 0.347,297.28, 34.92, 23.90, 29.41,
1992,35, 0.317,295.10, 27.41, 33.61, 30.51,
1992,36, 0.289,292.78, 22.94, 43.68, 33.31,
1992,37, 0.260,290.09, 19.54, 54.68, 37.11,
1992,38, 0.233,287.36, 17.10, 66.41, 41.76,
1992,39, 0.205,284.21, 12.19, 81.97, 47.08,
1992,40, 0.187,280.94, 12.82, 91.52, 52.17,
1992,41, 0.166,278.48, 13.71, 91.91, 52.81,
1992,42, 0.140,276.36, 11.88, 87.92, 49.90,
1992,43, 0.113,273.74,  9.53, 81.76, 45.64,
1992,44, 0.090,270.77,  8.09, 75.85, 41.97,
1992,45, 0.078,267.91, 10.62, 69.87, 40.24,
1992,46, 0.071,265.18, 14.97, 66.12, 40.54,
1992,47, 0.060,262.73, 16.26, 63.84, 40.05,
1992,48, 0.057,261.02, 22.81, 62.24, 42.52,
1992,49, 0.055,259.78, 29.05, 59.74, 44.40,
1992,50, 0.055,259.51, 34.32, 49.18, 41.75,
1992,51, 0.056,259.43, 42.29, 44.35, 43.32,
1992,52, 0.059,259.00, 49.88, 43.39, 46.63,
1993, 1, 0.060,257.87, 57.11, 46.89, 52.00,
1993, 2, 0.062,257.19, 64.86, 50.06, 57.46,
1993, 3, 0.063,257.36, 71.97, 50.67, 61.32,
1993, 4, 0.065,258.30, 78.06, 48.52, 63.29,
1993, 5, 0.068,259.33, 79.93, 46.25, 63.09,
1993, 6, 0.066,259.59, 69.42, 49.89, 59.65,
1993, 7, 0.062,259.98, 51.32, 55.56, 53.44,
1993, 8, 0.059,261.20, 37.21, 58.81, 48.01,
1993, 9, 0.057,262.09, 30.61, 64.47, 47.54,
1993,10, 0.056,263.45, 25.22, 70.20, 47.71,
1993,11, 0.057,265.66, 21.36, 72.78, 47.07,
1993,12, 0.067,269.08, 22.85, 72.23, 47.54,
1993,13, 0.078,272.23, 22.59, 72.87, 47.73,
1993,14, 0.094,274.94, 23.43, 74.62, 49.02,
1993,15, 0.116,277.94, 23.18, 75.66, 49.42,
1993,16, 0.149,281.83, 26.07, 70.99, 48.53,
1993,17, 0.200,285.83, 34.21, 64.82, 49.51,
1993,18, 0.255,288.88, 41.88, 60.01, 50.94,
1993,19, 0.304,290.27, 45.41, 63.96, 54.69,
1993,20, 0.345,291.36, 45.21, 67.84, 56.52,
1993,21, 0.379,292.39, 46.05, 68.79, 57.42,
1993,22, 0.404,292.81, 44.67, 70.25, 57.46,
1993,23, 0.417,292.97, 40.75, 73.97, 57.36,
1993,24, 0.425,292.73, 36.46, 80.66, 58.56,
1993,25, 0.435,292.86, 40.34, 82.47, 61.41,
1993,26, 0.441,293.08, 45.10, 81.06, 63.08,
1993,27, 0.443,293.29, 49.21, 80.08, 64.65,
1993,28, 0.439,293.46, 50.54, 81.53, 66.04,
1993,29, 0.438,293.83, 55.51, 81.67, 68.59,
1993,30, 0.438,294.34, 62.39, 79.16, 70.78,
1993,31, 0.434,294.24, 65.45, 79.22, 72.34,
1993,32, 0.421,293.34, 63.63, 85.38, 74.50,
1993,33, 0.408,292.12, 62.53, 91.12, 76.82,
1993,34, 0.393,290.84, 61.05, 93.27, 77.16,
1993,35, 0.378,289.68, 61.33, 92.94, 77.14,
1993,36, 0.362,288.22, 62.62, 92.24, 77.43,
1993,37, 0.340,286.81, 63.00, 89.63, 76.32,
1993,38, 0.315,285.74, 60.99, 84.60, 72.79,
1993,39, 0.286,284.64, 56.00, 76.80, 66.40,
1993,40, 0.250,282.74, 47.97, 71.46, 59.72,
1993,41, 0.210,280.52, 39.28, 70.20, 54.74,
1993,42, 0.173,278.31, 32.05, 69.21, 50.63,
1993,43, 0.137,275.99, 25.79, 63.31, 44.55,
1993,44, 0.105,273.20, 19.62, 58.48, 39.05,
1993,45, 0.078,270.33, 12.03, 55.00, 33.52,
1993,46, 0.060,267.93,  8.94, 50.91, 29.93,
1993,47, 0.048,266.59,  8.75, 43.19, 25.97,
1993,48, 0.042,265.99, 11.29, 36.39, 23.84,
1993,49, 0.039,265.66, 14.12, 31.14, 22.63,
1993,50, 0.037,265.59, 15.52, 19.20, 17.36,
1993,51, 0.037,265.90, 18.87, 13.87, 16.37,
1993,52, 0.039,265.63, 23.43, 12.51, 17.97,
1994, 1, 0.043,264.52, 32.75, 14.74, 23.74,
1994, 2, 0.061,263.42, 63.47, 18.40, 40.94,
1994, 3, 0.062,262.54, 68.68, 23.56, 46.12,
1994, 4, 0.063,261.02, 73.45, 34.84, 54.15,
1994, 5, 0.063,258.99, 74.01, 48.57, 61.29,
1994, 6, 0.063,257.74, 65.41, 58.92, 62.17,
1994, 7, 0.061,257.04, 50.73, 68.21, 59.47,
1994, 8, 0.059,256.66, 37.92, 77.01, 57.46,
1994, 9, 0.059,256.93, 31.74, 83.86, 57.80,
1994,10, 0.062,258.63, 29.42, 87.74, 58.58,
1994,11, 0.066,261.67, 26.83, 87.36, 57.10,
1994,12, 0.073,265.32, 26.37, 86.25, 56.31,
1994,13, 0.090,269.58, 28.72, 83.18, 55.95,
1994,14, 0.109,273.97, 30.60, 78.47, 54.54,
1994,15, 0.134,278.41, 31.99, 72.63, 52.31,
1994,16, 0.174,282.91, 37.11, 63.37, 50.24,
1994,17, 0.222,286.25, 43.07, 61.04, 52.06,
1994,18, 0.267,288.45, 46.72, 63.30, 55.01,
1994,19, 0.308,290.10, 46.74, 64.95, 55.85,
1994,20, 0.345,290.83, 44.93, 71.99, 58.46,
1994,21, 0.380,291.23, 46.23, 79.02, 62.63,
1994,22, 0.413,291.42, 49.63, 83.10, 66.36,
1994,23, 0.442,291.76, 55.55, 85.54, 70.54,
1994,24, 0.467,292.25, 62.62, 86.07, 74.35,
1994,25, 0.485,293.03, 71.85, 82.12, 76.98,
1994,26, 0.497,294.03, 79.57, 73.01, 76.29,
1994,27, 0.495,294.53, 80.52, 69.18, 74.85,
1994,28, 0.485,294.97, 78.50, 67.95, 73.22,
1994,29, 0.471,295.71, 74.64, 64.55, 69.59,
1994,30, 0.449,296.04, 68.18, 63.87, 66.03,
1994,31, 0.424,296.05, 59.89, 62.86, 61.37,
1994,32, 0.401,295.96, 52.04, 60.90, 56.47,
1994,33, 0.385,295.84, 48.76, 55.34, 52.05,
1994,34, 0.376,295.93, 51.07, 40.84, 45.96,
1994,35, 0.374,296.23, 58.72, 24.55, 41.64,
1994,36, 0.377,296.69, 69.70, 10.31, 40.00,
1994,37,-1.000, -1.00, -1.00, -1.00, -1.00,
1994,38,-1.000, -1.00, -1.00, -1.00, -1.00,
1994,39,-1.000, -1.00, -1.00, -1.00, -1.00,
1994,40,-1.000, -1.00, -1.00, -1.00, -1.00,
1994,41,-1.000, -1.00, -1.00, -1.00, -1.00,
1994,42,-1.000, -1.00, -1.00, -1.00, -1.00,
1994,43,-1.000, -1.00, -1.00, -1.00, -1.00,
1994,44,-1.000, -1.00, -1.00, -1.00, -1.00,
1994,45,-1.000, -1.00, -1.00, -1.00, -1.00,
1994,46,-1.000, -1.00, -1.00, -1.00, -1.00,
1994,47,-1.000, -1.00, -1.00, -1.00, -1.00,
1994,48,-1.000, -1.00, -1.00, -1.00, -1.00,
1994,49,-1.000, -1.00, -1.00, -1.00, -1.00,
1994,50,-1.000, -1.00, -1.00, -1.00, -1.00,
1994,51,-1.000, -1.00, -1.00, -1.00, -1.00,
1994,52,-1.000, -1.00, -1.00, -1.00, -1.00,
1995, 1,-1.000, -1.00, -1.00, -1.00, -1.00,
1995, 2,-1.000, -1.00, -1.00, -1.00, -1.00,
1995, 3,-1.000, -1.00, -1.00, -1.00, -1.00,
1995, 4,-1.000, -1.00, -1.00, -1.00, -1.00,
1995, 5,-1.000, -1.00, -1.00, -1.00, -1.00,
1995, 6,-1.000, -1.00, -1.00, -1.00, -1.00,
1995, 7, 0.042,260.79, 28.46, 51.56, 40.01,
1995, 8, 0.052,265.40, 30.25, 40.34, 35.30,
1995, 9, 0.066,270.04, 35.80, 29.46, 32.63,
1995,10, 0.082,274.19, 41.04, 22.08, 31.56,
1995,11, 0.097,277.17, 44.01, 18.57, 31.29,
1995,12, 0.109,279.46, 45.10, 21.24, 33.17,
1995,13, 0.123,281.24, 45.05, 25.24, 35.15,
1995,14, 0.141,283.36, 46.35, 26.23, 36.29,
1995,15, 0.163,285.81, 45.43, 25.05, 35.24,
1995,16, 0.191,288.35, 45.11, 23.39, 34.25,
1995,17, 0.227,289.89, 45.75, 30.45, 38.10,
1995,18, 0.272,291.53, 48.71, 35.43, 42.07,
1995,19, 0.325,293.15, 53.79, 36.51, 45.15,
1995,20, 0.377,294.32, 59.59, 38.50, 49.05,
1995,21, 0.422,295.52, 67.06, 35.99, 51.53,
1995,22, 0.460,296.65, 74.58, 30.09, 52.34,
1995,23, 0.483,297.08, 78.81, 30.73, 54.77,
1995,24, 0.498,297.15, 81.86, 34.25, 58.05,
1995,25, 0.503,296.88, 83.05, 40.99, 62.02,
1995,26, 0.505,296.95, 84.33, 42.86, 63.59,
1995,27, 0.500,297.32, 83.37, 41.71, 62.54,
1995,28, 0.489,297.66, 80.90, 42.12, 61.51,
1995,29, 0.474,297.74, 76.57, 45.53, 61.05,
1995,30, 0.456,297.67, 72.44, 49.11, 60.78,
1995,31, 0.440,297.38, 68.98, 50.75, 59.87,
1995,32, 0.426,297.07, 66.63, 50.41, 58.52,
1995,33, 0.415,296.65, 66.47, 46.84, 56.66,
1995,34, 0.405,296.07, 67.71, 38.28, 52.99,
1995,35, 0.392,295.17, 68.53, 33.10, 50.82,
1995,36, 0.378,293.77, 70.79, 31.67, 51.23,
1995,37, 0.358,291.88, 72.28, 32.09, 52.19,
1995,38, 0.342,289.73, 75.41, 36.51, 55.96,
1995,39, 0.326,287.87, 77.25, 36.97, 57.11,
1995,40, 0.304,286.07, 78.11, 33.10, 55.61,
1995,41, 0.280,284.37, 80.69, 27.61, 54.15,
1995,42, 0.252,282.08, 81.45, 31.14, 56.30,
1995,43, 0.215,279.30, 76.88, 34.52, 55.70,
1995,44, 0.169,275.74, 64.92, 37.95, 51.44,
1995,45, 0.122,272.12, 45.53, 41.96, 43.74,
1995,46, 0.091,269.12, 33.16, 42.94, 38.05,
1995,47, 0.072,266.91, 26.87, 40.71, 33.79,
1995,48, 0.058,265.05, 22.29, 41.00, 31.64,
1995,49, 0.050,263.19, 19.77, 43.21, 31.49,
1995,50, 0.040,261.44, 13.29, 40.73, 27.01,
1995,51, 0.037,260.48, 12.91, 40.01, 26.46,
1995,52, 0.033,259.29, 11.66, 42.40, 27.03,
1996, 1, 0.029,257.95, 10.17, 46.49, 28.33,
1996, 2, 0.027,256.66, 10.27, 52.34, 31.31,
1996, 3, 0.025,256.00,  8.22, 57.47, 32.85,
1996, 4, 0.022,255.32,  5.97, 63.61, 34.79,
1996, 5, 0.018,254.01,  3.82, 71.33, 37.57,
1996, 6, 0.017,252.63,  2.69, 79.95, 41.32,
1996, 7, 0.017,252.36,  2.23, 85.65, 43.94,
1996, 8, 0.017,253.98,  2.09, 86.87, 44.48,
1996, 9, 0.018,256.51,  2.33, 86.61, 44.47,
1996,10, 0.024,260.23,  4.14, 84.53, 44.34,
1996,11, 0.033,264.43,  7.41, 79.63, 43.52,
1996,12, 0.048,269.23, 12.66, 73.13, 42.89,
1996,13, 0.071,273.61, 18.79, 67.70, 43.25,
1996,14, 0.102,277.45, 27.08, 62.83, 44.96,
1996,15, 0.139,281.34, 34.16, 56.24, 45.20,
1996,16, 0.184,285.93, 41.82, 41.69, 41.76,
1996,17, 0.238,290.01, 50.58, 29.54, 40.06,
1996,18, 0.290,292.96, 56.31, 22.29, 39.30,
1996,19, 0.338,294.59, 59.28, 22.72, 41.00,
1996,20, 0.382,296.03, 61.37, 21.29, 41.33,
1996,21, 0.420,297.30, 65.80, 17.53, 41.66,
1996,22, 0.446,297.84, 67.00, 17.84, 42.42,
1996,23, 0.464,298.11, 66.63, 20.02, 43.32,
1996,24, 0.477,298.48, 67.18, 20.04, 43.61,
1996,25, 0.483,298.59, 69.09, 22.76, 45.93,
1996,26, 0.482,298.28, 68.72, 29.34, 49.03,
1996,27, 0.472,297.62, 65.20, 38.86, 52.03,
1996,28, 0.463,297.11, 64.07, 47.46, 55.77,
1996,29, 0.456,297.00, 65.46, 52.62, 59.04,
1996,30, 0.440,296.60, 62.59, 59.17, 60.88,
1996,31, 0.428,296.21, 61.67, 61.82, 61.74,
1996,32, 0.419,295.75, 61.93, 63.32, 62.62,
1996,33, 0.409,295.25, 62.49, 61.50, 62.00,
1996,34, 0.395,294.60, 61.53, 55.38, 58.45,
1996,35, 0.372,293.30, 57.33, 55.87, 56.60,
1996,36, 0.351,291.35, 55.83, 61.33, 58.58,
1996,37, 0.335,289.42, 59.68, 63.04, 61.36,
1996,38, 0.319,287.87, 63.03, 59.98, 61.51,
1996,39, 0.301,286.48, 63.66, 54.18, 58.92,
1996,40, 0.275,284.94, 61.85, 46.17, 54.01,
1996,41, 0.246,283.18, 60.38, 40.87, 50.62,
1996,42, 0.206,280.83, 52.76, 44.00, 48.38,
1996,43, 0.163,277.61, 41.97, 49.45, 45.71,
1996,44, 0.131,274.88, 37.18, 45.27, 41.23,
1996,45, 0.105,271.67, 31.22, 45.73, 38.47,
1996,46, 0.082,267.82, 24.41, 51.24, 37.82,
1996,47, 0.065,264.07, 20.12, 56.81, 38.47,
1996,48, 0.052,261.08, 17.86, 61.88, 39.87,
1996,49, 0.045,258.82, 16.90, 64.33, 40.62,
1996,50, 0.041,257.26, 16.99, 60.35, 38.67,
1996,51, 0.040,257.13, 20.03, 55.29, 37.66,
1996,52, 0.039,257.45, 21.60, 50.64, 36.12,
1997, 1, 0.039,258.02, 24.88, 46.25, 35.57,
1997, 2, 0.040,258.84, 30.03, 41.88, 35.95,
1997, 3, 0.041,259.88, 35.00, 37.86, 36.43,
1997, 4, 0.044,261.35, 41.33, 33.51, 37.42,
1997, 5, 0.049,262.73, 49.42, 30.92, 40.17,
1997, 6, 0.056,264.23, 53.51, 30.15, 41.83,
1997, 7, 0.066,266.71, 52.67, 27.67, 40.17,
1997, 8, 0.076,269.43, 49.68, 24.21, 36.95,
1997, 9, 0.087,272.10, 49.48, 21.43, 35.45,
1997,10, 0.098,274.43, 50.83, 21.92, 36.37,
1997,11, 0.112,277.36, 52.58, 18.36, 35.47,
1997,12, 0.125,280.05, 52.82, 18.68, 35.75,
1997,13, 0.140,282.01, 53.28, 21.22, 37.25,
1997,14, 0.152,283.43, 51.26, 26.19, 38.72,
1997,15, 0.171,285.33, 49.17, 28.88, 39.03,
1997,16, 0.200,287.74, 49.12, 28.23, 38.67,
1997,17, 0.234,289.99, 48.65, 29.81, 39.23,
1997,18, 0.263,291.46, 45.02, 36.07, 40.54,
1997,19, 0.294,292.55, 40.92, 42.12, 41.52,
1997,20, 0.331,293.61, 38.67, 45.40, 42.04,
1997,21, 0.363,293.43, 37.53, 57.87, 47.70,
1997,22, 0.389,292.79, 35.61, 70.59, 53.10,
1997,23, 0.413,292.88, 37.58, 75.35, 56.46,
1997,24, 0.438,293.54, 44.01, 73.48, 58.74,
1997,25, 0.452,293.78, 50.21, 74.45, 62.33,
1997,26, 0.457,293.68, 54.10, 76.46, 65.28,
1997,27, 0.446,293.20, 50.15, 81.89, 66.02,
1997,28, 0.435,293.03, 46.90, 86.15, 66.52,
1997,29, 0.430,293.28, 50.06, 87.07, 68.56,
1997,30, 0.425,293.55, 54.08, 86.33, 70.21,
1997,31, 0.416,293.56, 55.16, 85.50, 70.33,
1997,32, 0.407,293.45, 55.57, 84.86, 70.21,
1997,33, 0.398,293.17, 56.31, 82.61, 69.46,
1997,34, 0.384,292.54, 55.50, 79.44, 67.47,
1997,35, 0.371,291.59, 56.82, 77.13, 66.97,
1997,36, 0.353,290.29, 57.71, 74.45, 66.08,
1997,37, 0.331,288.56, 57.81, 73.53, 65.67,
1997,38, 0.304,286.47, 54.77, 77.05, 65.91,
1997,39, 0.274,284.32, 49.26, 80.64, 64.95,
1997,40, 0.244,281.81, 43.99, 82.19, 63.09,
1997,41, 0.216,279.39, 41.89, 82.33, 62.11,
1997,42, 0.191,277.24, 42.65, 79.43, 61.04,
1997,43, 0.166,274.46, 43.89, 76.53, 60.21,
1997,44, 0.138,271.44, 40.79, 72.31, 56.55,
1997,45, 0.108,268.18, 32.72, 69.66, 51.19,
1997,46, 0.082,264.68, 23.74, 70.06, 46.90,
1997,47, 0.065,261.50, 19.58, 71.36, 45.47,
1997,48, 0.055,258.44, 19.70, 75.90, 47.80,
1997,49, 0.047,255.75, 18.47, 79.30, 48.88,
1997,50, 0.043,253.64, 18.08, 78.33, 48.20,
1997,51, 0.042,252.61, 22.43, 77.16, 49.79,
1997,52, 0.042,252.35, 25.82, 75.22, 50.52,
1998, 1, 0.043,252.58, 30.62, 72.96, 51.79,
1998, 2, 0.047,253.76, 40.84, 67.67, 54.25,
1998, 3, 0.049,255.62, 48.72, 60.16, 54.44,
1998, 4, 0.052,257.43, 55.40, 53.47, 54.43,
1998, 5, 0.055,259.51, 59.52, 45.87, 52.70,
1998, 6, 0.058,261.16, 56.57, 43.42, 49.99,
1998, 7, 0.060,262.48, 47.98, 45.52, 46.75,
1998, 8, 0.061,263.78, 38.47, 48.65, 43.56,
1998, 9, 0.063,265.26, 34.00, 52.15, 43.07,
1998,10, 0.066,266.64, 30.93, 58.06, 44.49,
1998,11, 0.071,268.12, 29.13, 63.32, 46.23,
1998,12, 0.081,270.51, 30.43, 66.69, 48.56,
1998,13, 0.100,273.94, 33.72, 64.97, 49.35,
1998,14, 0.123,277.67, 37.14, 60.42, 48.78,
1998,15, 0.164,282.25, 45.52, 49.62, 47.57,
1998,16, 0.220,286.71, 57.51, 35.88, 46.70,
1998,17, 0.266,290.42, 62.37, 26.02, 44.19,
1998,18, 0.307,293.03, 63.10, 21.53, 42.31,
1998,19, 0.347,294.67, 62.67, 21.70, 42.18,
1998,20, 0.388,295.91, 63.87, 22.32, 43.09,
1998,21, 0.423,296.73, 67.29, 23.18, 45.23,
1998,22, 0.447,297.49, 67.69, 21.43, 44.56,
1998,23, 0.462,297.94, 66.45, 21.91, 44.18,
1998,24, 0.465,297.89, 60.32, 26.33, 43.33,
1998,25, 0.461,297.30, 55.74, 36.54, 46.14,
1998,26, 0.457,296.57, 53.96, 46.81, 50.38,
1998,27, 0.452,295.93, 53.81, 55.37, 54.59,
1998,28, 0.453,295.92, 58.86, 58.68, 58.77,
1998,29, 0.457,296.24, 66.64, 59.53, 63.08,
1998,30, 0.455,296.17, 72.18, 62.79, 67.49,
1998,31, 0.450,295.56, 74.69, 67.46, 71.08,
1998,32, 0.439,294.40, 74.37, 75.93, 75.15,
1998,33, 0.429,293.20, 74.59, 82.46, 78.53,
1998,34, 0.422,292.28, 77.13, 82.55, 79.84,
1998,35, 0.418,291.77, 83.00, 75.10, 79.05,
1998,36, 0.409,290.90, 87.69, 67.13, 77.41,
1998,37, 0.393,289.62, 91.62, 60.54, 76.08,
1998,38, 0.375,288.19, 92.96, 55.98, 74.47,
1998,39, 0.355,286.32, 92.75, 56.41, 74.58,
1998,40, 0.328,283.90, 91.70, 58.35, 75.03,
1998,41, 0.290,281.45, 87.03, 60.13, 73.58,
1998,42, 0.248,278.52, 79.32, 67.24, 73.28,
1998,43, 0.206,275.33, 71.01, 69.01, 70.01,
1998,44, 0.162,271.51, 59.43, 71.20, 65.31,
1998,45, 0.124,267.18, 46.26, 75.84, 61.05,
1998,46, 0.095,263.47, 36.37, 77.15, 56.76,
1998,47, 0.076,260.64, 31.62, 76.42, 54.02,
1998,48, 0.063,258.66, 29.69, 75.02, 52.36,
1998,49, 0.055,256.66, 28.24, 75.22, 51.73,
1998,50, 0.050,255.08, 28.17, 71.83, 50.00,
1998,51, 0.048,254.77, 30.72, 67.05, 48.89,
1998,52, 0.046,254.81, 32.55, 63.49, 48.02,
1999, 1, 0.045,255.14, 33.88, 60.39, 47.13,
1999, 2, 0.045,254.90, 37.76, 61.94, 49.85,
1999, 3, 0.045,253.34, 42.52, 71.89, 57.21,
1999, 4, 0.047,251.50, 48.11, 82.30, 65.21,
1999, 5, 0.050,250.57, 52.84, 86.26, 69.55,
1999, 6, 0.053,251.62, 51.54, 84.23, 67.89,
1999, 7, 0.057,254.77, 45.48, 77.55, 61.51,
1999, 8, 0.062,258.68, 40.03, 70.23, 55.13,
1999, 9, 0.072,263.31, 41.03, 60.60, 50.82,
1999,10, 0.090,267.57, 46.62, 53.75, 50.19,
1999,11, 0.113,271.80, 53.54, 45.71, 49.63,
1999,12, 0.139,275.86, 60.82, 40.47, 50.65,
1999,13, 0.168,279.52, 67.59, 35.62, 51.60,
1999,14, 0.203,283.50, 76.39, 26.13, 51.26,
1999,15, 0.245,286.30, 83.76, 22.55, 53.16,
1999,16, 0.286,287.91, 87.27, 27.26, 57.27,
1999,17, 0.320,289.15, 85.93, 37.26, 61.59,
1999,18, 0.352,289.97, 81.65, 49.99, 65.82,
1999,19, 0.382,291.05, 77.84, 56.42, 67.13,
1999,20, 0.412,292.38, 75.65, 57.73, 66.69,
1999,21, 0.444,294.57, 78.11, 46.01, 62.06,
1999,22, 0.468,296.49, 79.73, 31.77, 55.75,
1999,23, 0.484,297.85, 79.67, 22.54, 51.10,
1999,24, 0.487,298.50, 74.74, 19.39, 47.06,
1999,25, 0.481,298.85, 68.18, 19.41, 43.79,
1999,26, 0.472,299.15, 62.91, 19.93, 41.42,
1999,27, 0.461,299.01, 58.05, 24.83, 41.44,
1999,28, 0.447,298.68, 53.81, 32.06, 42.94,
1999,29, 0.430,298.05, 49.69, 42.54, 46.12,
1999,30, 0.415,297.33, 48.00, 52.16, 50.08,
1999,31, 0.402,296.29, 47.13, 60.69, 53.91,
1999,32, 0.395,295.27, 48.73, 67.55, 58.14,
1999,33, 0.394,294.71, 54.59, 66.99, 60.79,
1999,34, 0.394,294.37, 61.92, 58.44, 60.18,
1999,35, 0.383,293.41, 63.62, 55.30, 59.46,
1999,36, 0.369,292.56, 65.75, 46.71, 56.23,
1999,37, 0.344,291.62, 64.35, 35.32, 49.84,
1999,38, 0.312,290.49, 58.92, 26.76, 42.84,
1999,39, 0.275,288.49, 49.24, 29.23, 39.23,
1999,40, 0.231,285.41, 36.70, 40.70, 38.70,
1999,41, 0.192,281.99, 28.12, 53.74, 40.93,
1999,42, 0.161,279.07, 24.38, 61.27, 42.82,
1999,43, 0.134,276.43, 23.04, 59.38, 41.21,
1999,44, 0.112,273.82, 23.44, 53.00, 38.22,
1999,45, 0.092,270.78, 21.64, 51.41, 36.52,
1999,46, 0.076,267.67, 19.52, 51.94, 35.73,
1999,47, 0.061,264.96, 17.08, 52.06, 34.57,
1999,48, 0.050,262.82, 16.20, 53.17, 34.68,
1999,49, 0.047,262.01, 19.40, 49.08, 34.24,
1999,50, 0.044,262.10, 20.31, 36.69, 28.50,
1999,51, 0.040,262.10, 20.25, 31.38, 25.81,
1999,52, 0.038,261.87, 20.37, 29.41, 24.89,
2000, 1, 0.035,260.85, 20.44, 31.95, 26.20,
2000, 2, 0.033,259.94, 19.75, 35.61, 27.68,
2000, 3, 0.031,258.94, 19.77, 42.01, 30.89,
2000, 4, 0.031,258.85, 21.30, 45.19, 33.24,
2000, 5, 0.030,259.00, 22.22, 47.27, 34.75,
2000, 6, 0.031,259.66, 22.09, 49.13, 35.61,
2000, 7, 0.033,261.39, 19.20, 49.20, 34.20,
2000, 8, 0.035,263.07, 17.03, 50.78, 33.90,
2000, 9, 0.040,264.59, 18.05, 54.08, 36.07,
2000,10, 0.050,266.27, 20.82, 58.70, 39.76,
2000,11, 0.060,268.58, 23.15, 60.38, 41.77,
2000,12, 0.074,271.77, 26.39, 60.33, 43.36,
2000,13, 0.095,275.67, 30.96, 56.02, 43.49,
2000,14, 0.124,280.04, 37.99, 46.80, 42.39,
2000,15, 0.167,284.19, 47.54, 36.87, 42.20,
2000,16, 0.228,287.52, 62.04, 30.34, 46.19,
2000,17, 0.295,289.90, 75.39, 31.27, 53.33,
2000,18, 0.341,291.00, 77.63, 41.08, 59.36,
2000,19, 0.375,291.92, 75.44, 48.87, 62.15,
2000,20, 0.404,293.13, 72.31, 50.95, 61.63,
2000,21, 0.428,294.00, 70.26, 52.62, 61.44,
2000,22, 0.446,294.78, 67.95, 50.27, 59.11,
2000,23, 0.456,295.05, 63.46, 52.79, 58.13,
2000,24, 0.463,295.11, 59.31, 56.77, 58.04,
2000,25, 0.461,294.91, 55.72, 62.35, 59.04,
2000,26, 0.453,294.69, 51.54, 66.01, 58.78,
2000,27, 0.440,294.44, 46.11, 69.90, 58.00,
2000,28, 0.426,294.24, 41.66, 74.67, 58.17,
2000,29, 0.417,294.02, 42.23, 80.09, 61.16,
2000,30, 0.409,293.93, 45.21, 82.86, 64.03,
2000,31, 0.398,293.41, 44.85, 86.66, 65.75,
2000,32, 0.386,292.97, 43.64, 88.77, 66.21,
2000,33, 0.368,292.50, 39.56, 88.59, 64.07,
2000,34, 0.342,291.47, 32.60, 89.60, 61.10,
2000,35, 0.312,289.93, 25.80, 92.39, 59.10,
2000,36, 0.288,288.28, 23.69, 92.90, 58.29,
2000,37, 0.269,286.71, 25.28, 91.28, 58.28,
2000,38, 0.254,285.74, 28.19, 84.41, 56.30,
2000,39, 0.240,285.02, 30.67, 71.86, 51.27,
2000,40, 0.225,284.01, 33.73, 56.66, 45.20,
2000,41, 0.205,282.53, 35.95, 47.54, 41.74,
2000,42, 0.178,280.75, 35.51, 44.13, 39.82,
2000,43, 0.150,278.92, 33.59, 37.71, 35.65,
2000,44, 0.117,276.94, 27.51, 28.87, 28.19,
2000,45, 0.095,275.49, 25.24, 19.32, 22.28,
2000,46, 0.079,274.33, 24.74, 12.12, 18.43,
2000,47, 0.068,272.88, 25.94,  7.67, 16.81,
2000,48, 0.062,271.53, 29.38,  7.10, 18.24,
2000,49, 0.060,270.47, 33.62,  7.50, 20.56,
2000,50, 0.057,268.72, 35.63,  5.99, 20.81,
2000,51, 0.053,267.47, 36.22,  7.41, 21.81,
2000,52, 0.084,266.81, 69.08,  7.99, 38.53,
2001, 1, 0.083,265.09, 75.06, 12.59, 43.82,
2001, 2, 0.082,263.28, 84.23, 19.47, 51.85,
2001, 3, 0.074,261.93, 82.30, 27.04, 54.67,
2001, 4, 0.068,261.73, 79.56, 31.38, 55.47,
2001, 5, 0.065,261.69, 75.66, 35.60, 55.63,
2001, 6, 0.069,262.34, 71.62, 38.26, 54.94,
2001, 7, 0.072,263.64, 60.74, 40.46, 50.60,
2001, 8, 0.080,265.45, 53.94, 41.16, 47.55,
2001, 9, 0.093,268.15, 54.80, 38.83, 46.81,
2001,10, 0.111,271.65, 59.82, 34.78, 47.30,
2001,11, 0.138,274.96, 67.98, 30.20, 49.09,
2001,12, 0.163,278.34, 73.82, 27.53, 50.67,
2001,13, 0.187,281.48, 77.18, 24.20, 50.69,
2001,14, 0.211,283.67, 79.92, 24.72, 52.32,
2001,15, 0.231,285.19, 77.60, 29.84, 53.72,
2001,16, 0.261,287.13, 76.53, 32.96, 54.74,
2001,17, 0.307,289.17, 80.27, 36.94, 58.61,
2001,18, 0.365,290.55, 86.71, 44.80, 65.76,
2001,19, 0.407,291.37, 87.45, 53.71, 70.58,
2001,20, 0.430,291.82, 83.41, 63.80, 73.61,
2001,21, 0.442,291.64, 76.64, 77.04, 76.84,
2001,22, 0.447,291.26, 67.69, 86.41, 77.05,
2001,23, 0.450,291.48, 59.45, 89.67, 74.56,
2001,24, 0.456,292.33, 55.60, 86.48, 71.04,
2001,25, 0.467,293.50, 59.82, 77.62, 68.72,
2001,26, 0.474,294.78, 64.71, 65.34, 65.02,
2001,27, 0.479,295.94, 70.26, 55.23, 62.74,
2001,28, 0.475,296.64, 72.00, 51.77, 61.88,
2001,29, 0.466,297.15, 71.73, 50.95, 61.34,
2001,30, 0.458,297.51, 73.07, 50.45, 61.76,
2001,31, 0.451,297.67, 74.87, 48.07, 61.47,
2001,32, 0.439,297.23, 74.21, 48.66, 61.43,
2001,33, 0.423,296.19, 71.38, 51.58, 61.48,
2001,34, 0.406,295.05, 67.97, 50.25, 59.11,
2001,35, 0.389,293.46, 67.11, 54.40, 60.76,
2001,36, 0.375,291.68, 69.63, 57.66, 63.65,
2001,37, 0.358,289.76, 72.66, 59.05, 65.85,
2001,38, 0.343,287.90, 76.12, 59.68, 67.90,
2001,39, 0.331,286.14, 79.89, 58.50, 69.19,
2001,40, 0.315,283.62, 84.17, 61.34, 72.76,
2001,41, 0.293,281.37, 88.37, 60.73, 74.55,
2001,42, 0.266,279.66, 89.95, 55.55, 72.75,
2001,43, 0.234,277.07, 88.41, 53.98, 71.19,
2001,44, 0.201,273.95, 85.87, 52.33, 69.10,
2001,45, 0.169,270.35, 79.29, 54.54, 66.92,
2001,46, 0.138,266.71, 70.89, 57.81, 64.35,
2001,47, 0.112,263.35, 62.44, 60.95, 61.70,
2001,48, 0.092,260.01, 55.75, 67.60, 61.68,
2001,49, 0.078,257.15, 51.20, 72.16, 61.68,
2001,50, 0.069,255.38, 48.38, 69.03, 58.70,
2001,51, 0.062,253.96, 46.19, 69.91, 58.05,
2001,52, 0.058,253.07, 47.30, 71.05, 59.18,
2002, 1, 0.054,252.52, 46.35, 72.92, 59.63,
2002, 2, 0.051,253.99, 47.42, 66.57, 57.00,
2002, 3, 0.057,257.57, 61.09, 49.84, 55.47,
2002, 4, 0.063,260.53, 73.45, 37.34, 55.39,
2002, 5, 0.071,263.07, 83.70, 28.70, 56.20,
2002, 6, 0.086,265.93, 92.38, 21.87, 57.13,
2002, 7, 0.110,269.75, 97.85, 14.15, 56.00,
2002, 8, 0.137,272.81, 99.21,  9.28, 54.24,
2002, 9, 0.158,275.53, 99.46,  6.02, 52.74,
2002,10, 0.174,277.83, 99.25,  6.05, 52.65,
2002,11, 0.194,280.26, 99.29,  4.12, 51.71,
2002,12, 0.212,282.52, 99.18,  6.17, 52.68,
2002,13, 0.232,284.79, 99.17,  6.03, 52.60,
2002,14, 0.250,286.66, 98.55,  6.80, 52.67,
2002,15, 0.274,288.63, 97.34,  6.84, 52.09,
2002,16, 0.303,290.63, 95.02,  7.10, 51.06,
2002,17, 0.340,292.11, 94.66, 12.38, 53.52,
2002,18, 0.389,293.24, 96.71, 20.19, 58.45,
2002,19, 0.429,294.18, 97.22, 27.12, 62.17,
2002,20, 0.459,294.83, 95.66, 33.77, 64.72,
2002,21, 0.476,295.10, 92.93, 40.74, 66.84,
2002,22, 0.486,295.30, 88.36, 44.57, 66.46,
2002,23, 0.492,295.47, 83.54, 47.98, 65.76,
2002,24, 0.491,296.04, 76.76, 46.38, 61.57,
2002,25, 0.488,297.05, 72.71, 39.06, 55.89,
2002,26, 0.478,297.89, 66.51, 33.09, 49.80,
2002,27, 0.464,298.59, 60.24, 29.17, 44.71,
2002,28, 0.445,299.05, 52.62, 28.62, 40.62,
2002,29, 0.417,299.12, 41.51, 32.61, 37.06,
2002,30, 0.394,299.04, 35.65, 36.74, 36.19,
2002,31, 0.382,299.13, 34.27, 34.96, 34.62,
2002,32, 0.368,298.80, 31.57, 33.83, 32.70,
2002,33, 0.353,298.26, 29.52, 30.31, 29.92,
2002,34, 0.337,297.18, 27.96, 25.96, 26.96,
2002,35, 0.319,295.60, 27.10, 28.64, 27.87,
2002,36, 0.300,293.53, 26.89, 35.40, 31.15,
2002,37, 0.279,290.92, 28.04, 45.06, 36.55,
2002,38, 0.259,288.02, 29.42, 58.84, 44.13,
2002,39, 0.240,285.39, 30.06, 68.33, 49.19,
2002,40, 0.220,283.05, 30.26, 68.23, 49.25,
2002,41, 0.201,280.64, 32.93, 68.60, 50.77,
2002,42, 0.181,278.00, 36.33, 71.93, 54.13,
2002,43, 0.162,275.75, 40.98, 65.74, 53.36,
2002,44, 0.148,273.84, 48.05, 54.07, 51.06,
2002,45, 0.137,272.06, 54.74, 43.49, 49.11,
2002,46, 0.129,269.67, 63.02, 40.51, 51.76,
2002,47, 0.123,266.76, 72.06, 42.35, 57.20,
2002,48, 0.112,264.28, 76.61, 45.65, 61.13,
2002,49, 0.103,262.79, 78.60, 45.46, 62.03,
2002,50, 0.094,260.56, 78.31, 44.41, 61.36,
2002,51, 0.084,258.19, 73.74, 50.51, 62.13,
2002,52, 0.073,256.94, 66.33, 53.29, 59.81,
2003, 1, 0.062,256.67, 57.66, 52.95, 55.31,
2003, 2, 0.055,255.73, 52.47, 57.81, 55.14,
2003, 3, 0.050,254.50, 48.18, 65.84, 57.01,
2003, 4, 0.043,253.46, 40.78, 72.74, 56.76,
2003, 5, 0.038,253.52, 33.16, 73.38, 53.27,
2003, 6, 0.034,254.03, 25.69, 74.10, 49.89,
2003, 7, 0.032,254.52, 17.93, 77.86, 47.89,
2003, 8, 0.030,254.91, 12.92, 83.48, 48.20,
2003, 9, 0.030,256.12, 10.93, 86.52, 48.72,
2003,10, 0.033,257.46, 10.24, 90.35, 50.30,
2003,11, 0.041,258.84, 12.04, 93.06, 52.55,
2003,12, 0.053,261.17, 15.51, 94.13, 54.82,
2003,13, 0.073,265.78, 19.92, 92.98, 56.45,
2003,14, 0.100,272.21, 26.21, 86.42, 56.31,
2003,15, 0.135,278.13, 32.39, 76.39, 54.39,
2003,16, 0.173,282.76, 36.96, 65.71, 51.33,
2003,17, 0.214,286.62, 39.98, 58.72, 49.35,
2003,18, 0.259,290.24, 43.61, 47.60, 45.60,
2003,19, 0.305,293.23, 45.87, 35.88, 40.88,
2003,20, 0.356,295.36, 49.89, 28.58, 39.23,
2003,21, 0.389,296.24, 50.43, 29.19, 39.81,
2003,22, 0.411,296.48, 47.82, 32.69, 40.26,
2003,23, 0.426,296.40, 44.74, 38.74, 41.74,
2003,24, 0.430,295.92, 38.17, 48.20, 43.18,
2003,25, 0.430,295.37, 35.95, 57.56, 46.75,
2003,26, 0.429,294.67, 36.74, 65.83, 51.29,
2003,27, 0.430,294.51, 40.02, 68.65, 54.33,
2003,28, 0.434,294.59, 46.34, 71.04, 58.69,
2003,29, 0.434,294.31, 51.90, 77.18, 64.54,
2003,30, 0.432,294.01, 57.91, 81.76, 69.84,
2003,31, 0.433,293.71, 64.78, 83.51, 74.14,
2003,32, 0.426,293.24, 66.17, 85.69, 75.93,
2003,33, 0.417,292.87, 67.26, 84.86, 76.06,
2003,34, 0.402,291.59, 65.46, 88.02, 76.74,
2003,35, 0.391,290.65, 67.67, 86.01, 76.84,
2003,36, 0.380,290.19, 71.85, 74.91, 73.38,
2003,37, 0.363,289.33, 74.48, 64.14, 69.31,
2003,38, 0.339,288.22, 73.37, 55.49, 64.43,
2003,39, 0.312,286.36, 69.11, 55.20, 62.16,
2003,40, 0.276,283.65, 62.07, 59.76, 60.92,
2003,41, 0.241,280.63, 57.26, 67.38, 62.32,
2003,42, 0.211,278.05, 55.82, 70.51, 63.17,
2003,43, 0.186,275.55, 57.59, 66.55, 62.07,
2003,44, 0.172,273.64, 65.03, 54.42, 59.73,
2003,45, 0.154,272.45, 67.14, 40.04, 53.59,
2003,46, 0.137,270.61, 69.06, 34.14, 51.60,
2003,47, 0.118,267.41, 67.12, 37.57, 52.35,
2003,48, 0.098,264.00, 62.26, 46.05, 54.15,
2003,49, 0.085,260.44, 59.06, 55.86, 57.46,
2003,50, 0.076,256.18, 57.03, 64.96, 60.99,
2003,51, 0.067,250.67, 53.03, 81.28, 67.15,
2003,52, 0.058,244.95, 46.85, 89.79, 68.32,
2004, 1, 0.051,241.09, 43.11, 90.61, 66.86,
2004, 2,-1.000, -1.00, -1.00, -1.00, -1.00,
2004, 3,-1.000, -1.00, -1.00, -1.00, -1.00,
2004, 4,-1.000, -1.00, -1.00, -1.00, -1.00,
2004, 5, 0.048,243.95, 49.51, 93.65, 71.58,
2004, 6, 0.047,247.99, 43.80, 91.76, 67.78,
2004, 7, 0.047,251.68, 35.35, 87.16, 61.26,
2004, 8, 0.048,254.56, 29.21, 84.57, 56.89,
2004, 9, 0.051,257.06, 26.27, 83.44, 54.85,
2004,10, 0.055,259.11, 25.06, 85.52, 55.29,
2004,11,-1.000, -1.00, -1.00, -1.00, -1.00,
2004,12,-1.000, -1.00, -1.00, -1.00, -1.00,
2004,13,-1.000, -1.00, -1.00, -1.00, -1.00,
2004,14,-1.000, -1.00, -1.00, -1.00, -1.00,
2004,15,-1.000, -1.00, -1.00, -1.00, -1.00,
2004,16,-1.000, -1.00, -1.00, -1.00, -1.00,
2004,17,-1.000, -1.00, -1.00, -1.00, -1.00,
2004,18,-1.000, -1.00, -1.00, -1.00, -1.00,
2004,19,-1.000, -1.00, -1.00, -1.00, -1.00,
2004,20,-1.000, -1.00, -1.00, -1.00, -1.00,
2004,21,-1.000, -1.00, -1.00, -1.00, -1.00,
2004,22,-1.000, -1.00, -1.00, -1.00, -1.00,
2004,23,-1.000, -1.00, -1.00, -1.00, -1.00,
2004,24,-1.000, -1.00, -1.00, -1.00, -1.00,
2004,25, 0.458,292.77, 56.11, 77.48, 66.80,
2004,26, 0.457,292.81, 56.08, 78.05, 67.07,
2004,27, 0.465,293.37, 62.65, 76.60, 69.63,
2004,28, 0.468,293.86, 67.93, 76.26, 72.10,
2004,29,-1.000, -1.00, -1.00, -1.00, -1.00,
2004,30, 0.459,294.52, 73.71, 76.92, 75.32,
2004,31, 0.451,294.78, 74.87, 74.10, 74.48,
2004,32, 0.442,294.89, 75.52, 70.84, 73.18,
2004,33, 0.430,294.62, 74.93, 67.36, 71.15,
2004,34, 0.425,294.22, 78.28, 59.60, 68.94,
2004,35, 0.416,293.52, 80.91, 53.39, 67.15,
2004,36, 0.397,292.59, 80.36, 46.48, 63.42,
2004,37, 0.373,291.04, 79.90, 43.32, 61.61,
2004,38, 0.346,289.08, 76.81, 45.25, 61.03,
2004,39, 0.314,286.94, 70.39, 48.89, 59.64,
2004,40, 0.281,284.87, 65.09, 47.12, 56.11,
2004,41, 0.250,283.26, 62.55, 39.92, 51.23,
2004,42, 0.223,281.01, 62.95, 42.01, 52.48,
2004,43, 0.199,278.61, 65.38, 40.75, 53.06,
2004,44, 0.173,276.10, 65.81, 35.76, 50.79,
2004,45, 0.144,272.28, 60.18, 41.67, 50.92,
2004,46, 0.120,268.46, 55.83, 47.61, 51.72,
2004,47, 0.105,265.48, 57.48, 49.34, 53.41,
2004,48, 0.094,263.00, 60.57, 52.30, 56.44,
2004,49, 0.080,260.70, 56.40, 55.62, 56.01,
2004,50, 0.068,257.83, 50.25, 58.32, 54.29,
2004,51, 0.064,256.34, 51.55, 59.57, 55.56,
2004,52, 0.060,254.86, 51.25, 63.23, 57.24,
2005, 1, 0.057,254.01, 52.28, 65.53, 58.91,
2005, 2, 0.057,254.49, 57.10, 63.20, 60.15,
2005, 3, 0.055,253.71, 58.18, 67.91, 63.05,
2005, 4, 0.054,253.21, 59.98, 71.12, 65.55,
2005, 5, 0.051,252.52, 54.37, 73.72, 64.05,
2005, 6, 0.048,252.38, 44.09, 77.06, 60.58,
2005, 7, 0.047,253.10, 34.19, 79.62, 56.90,
2005, 8, 0.047,254.25, 27.37, 82.16, 54.77,
2005, 9, 0.050,255.33, 24.80, 85.50, 55.15,
2005,10, 0.054,257.68, 23.89, 87.63, 55.76,
2005,11, 0.065,260.97, 26.01, 87.35, 56.68,
2005,12, 0.082,265.91, 30.77, 84.20, 57.48,
2005,13, 0.108,271.40, 37.70, 78.32, 58.01,
2005,14, 0.139,277.32, 44.98, 63.48, 54.23,
2005,15, 0.172,282.44, 49.57, 48.56, 49.07,
2005,16, 0.208,285.73, 52.43, 43.39, 47.91,
2005,17, 0.248,288.12, 54.57, 45.69, 50.13,
2005,18, 0.292,290.34, 56.92, 46.35, 51.64,
2005,19, 0.335,292.39, 57.93, 43.49, 50.71,
2005,20, 0.383,294.31, 61.83, 38.49, 50.16,
2005,21, 0.419,295.34, 65.12, 38.04, 51.58,
2005,22, 0.444,295.42, 65.62, 43.39, 54.50,
2005,23, 0.459,295.15, 64.36, 51.67, 58.02,
2005,24, 0.471,295.08, 64.05, 56.97, 60.51,
2005,25, 0.476,294.88, 65.05, 62.77, 63.91,
2005,26, 0.479,295.02, 67.72, 62.80, 65.26,
2005,27, 0.482,295.54, 71.83, 59.21, 65.52,
2005,28, 0.477,295.92, 72.76, 58.71, 65.73,
2005,29, 0.465,295.93, 70.82, 62.13, 66.48,
2005,30, 0.455,296.61, 71.41, 58.61, 65.01,
2005,31, 0.448,297.06, 72.85, 53.52, 63.19,
2005,32, 0.441,297.43, 73.95, 46.72, 60.33,
2005,33, 0.429,297.75, 73.22, 35.32, 54.27,
2005,34, 0.416,297.80, 72.00, 19.40, 45.70,
2005,35, 0.398,297.34, 70.38, 10.89, 40.63,
2005,36, 0.378,296.49, 69.50,  6.18, 37.84,
2005,37, 0.360,295.38, 71.68,  2.53, 37.11,
2005,38, 0.338,293.99, 71.52,  1.18, 36.35,
2005,39, 0.314,292.11, 69.28,  1.04, 35.16,
2005,40, 0.291,289.26, 69.63,  3.54, 36.58,
2005,41, 0.266,286.56, 70.70,  6.84, 38.77,
2005,42, 0.238,283.65, 71.06, 15.74, 43.40,
2005,43, 0.209,280.70, 71.03, 22.68, 46.85,
2005,44, 0.181,277.91, 70.64, 21.60, 46.12,
2005,45, 0.150,274.72, 64.37, 24.81, 44.59,
2005,46, 0.123,271.32, 57.88, 30.43, 44.16,
2005,47, 0.101,267.74, 52.48, 36.69, 44.58,
2005,48, 0.084,263.71, 49.98, 47.80, 48.89,
2005,49, 0.073,260.00, 47.90, 57.73, 52.82,
2005,50, 0.067,258.25, 48.14, 55.08, 51.61,
2005,51, 0.061,256.68, 47.98, 57.49, 52.74,
2005,52, 0.056,255.56, 45.99, 59.99, 52.99,
2006, 1, 0.053,253.89, 46.17, 66.79, 56.48,
2006, 2, 0.053,253.64, 50.21, 68.47, 59.34,
2006, 3, 0.053,253.91, 53.58, 68.94, 61.26,
2006, 4, 0.051,254.31, 53.63, 69.10, 61.37,
2006, 5, 0.049,255.17, 50.15, 66.07, 58.11,
2006, 6, 0.045,255.64, 39.31, 67.25, 53.28,
2006, 7, 0.042,256.56, 28.43, 69.62, 49.02,
2006, 8, 0.040,258.11, 20.51, 71.35, 45.93,
2006, 9, 0.038,259.56, 16.35, 74.97, 45.66,
2006,10, 0.042,261.80, 15.73, 77.77, 46.75,
2006,11, 0.048,265.02, 16.13, 76.45, 46.29,
2006,12, 0.059,268.77, 18.28, 75.02, 46.65,
2006,13, 0.079,273.20, 22.71, 69.76, 46.23,
2006,14, 0.106,278.35, 29.18, 57.59, 43.39,
2006,15, 0.135,282.35, 32.18, 49.77, 40.97,
2006,16, 0.165,285.49, 32.96, 45.50, 39.23,
2006,17, 0.196,288.14, 32.16, 45.81, 38.99,
2006,18, 0.234,290.23, 33.16, 47.81, 40.49,
2006,19, 0.277,291.53, 33.88, 52.19, 43.04,
2006,20, 0.324,292.50, 35.60, 56.85, 46.22,
2006,21, 0.369,293.26, 40.82, 59.92, 50.37,
2006,22, 0.404,293.47, 44.21, 63.70, 53.95,
2006,23, 0.436,293.98, 50.99, 63.92, 57.45,
2006,24, 0.460,294.79, 57.52, 60.13, 58.83,
2006,25, 0.478,295.56, 66.37, 55.33, 60.85,
2006,26, 0.492,296.23, 76.17, 50.29, 63.23,
2006,27, 0.493,296.50, 79.24, 49.72, 64.48,
2006,28, 0.481,296.43, 75.96, 53.88, 64.92,
2006,29, 0.463,296.36, 70.37, 58.48, 64.42,
2006,30, 0.443,296.01, 64.73, 64.16, 64.44,
2006,31, 0.426,295.79, 60.70, 65.29, 62.99,
2006,32, 0.406,295.52, 54.46, 65.16, 59.81,
2006,33, 0.386,294.72, 48.95, 66.77, 57.86,
2006,34, 0.374,293.78, 49.37, 65.08, 57.23,
2006,35, 0.369,292.87, 55.36, 61.46, 58.41,
2006,36, 0.362,292.02, 61.71, 53.14, 57.43,
2006,37, 0.352,291.10, 68.82, 41.74, 55.28,
2006,38, 0.342,289.73, 74.96, 36.25, 55.61,
2006,39, 0.331,288.06, 79.96, 34.45, 57.21,
2006,40, 0.310,285.94, 81.75, 34.45, 58.10,
2006,41, 0.281,283.62, 80.92, 35.72, 58.32,
2006,42, 0.250,281.12, 79.86, 40.71, 60.29,
2006,43, 0.219,278.22, 79.33, 43.35, 61.34,
2006,44, 0.182,274.85, 72.98, 43.81, 58.40,
2006,45, 0.143,271.73, 59.91, 43.97, 51.94,
2006,46, 0.110,269.46, 48.10, 40.40, 44.25,
2006,47, 0.091,268.00, 44.29, 34.06, 39.17,
2006,48, 0.084,267.93, 50.27, 25.42, 37.84,
2006,49, 0.081,268.39, 57.10, 17.38, 37.24,
2006,50, 0.084,268.16, 68.69,  7.13, 37.91,
2006,51, 0.087,267.49, 79.95,  6.28, 43.11,
2006,52, 0.089,267.10, 88.37,  5.56, 46.97,
2007, 1, 0.089,266.64, 95.22,  4.82, 50.02,
2007, 2, 0.083,265.54, 94.61,  8.41, 51.51,
2007, 3, 0.077,264.54, 92.30, 13.98, 53.14,
2007, 4, 0.074,264.09, 90.52, 19.51, 55.01,
2007, 5, 0.073,264.44, 87.78, 22.58, 55.18,
2007, 6, 0.074,265.05, 79.27, 26.19, 52.73,
2007, 7, 0.076,266.08, 65.61, 30.23, 47.92,
2007, 8, 0.082,267.66, 56.71, 32.14, 44.43,
2007, 9, 0.096,270.69, 58.18, 28.25, 43.22,
2007,10, 0.118,274.95, 65.01, 19.83, 42.42,
2007,11, 0.142,278.23, 70.56, 14.12, 42.34,
2007,12, 0.161,280.91, 73.01, 14.18, 43.59,
2007,13, 0.182,283.66, 75.01, 12.01, 43.51,
2007,14, 0.209,286.36, 79.52,  8.17, 43.85,
2007,15, 0.234,288.27, 79.20,  8.82, 44.01,
2007,16, 0.266,290.26, 79.03,  9.59, 44.31,
2007,17, 0.301,292.23, 78.03, 11.18, 44.61,
2007,18, 0.338,294.25, 76.64, 10.89, 43.77,
2007,19, 0.381,296.11, 77.66,  8.75, 43.20,
2007,20, 0.422,297.46, 79.75,  7.62, 43.69,
2007,21, 0.451,298.28, 81.24,  7.64, 44.44,
2007,22, 0.469,298.84, 79.32,  7.89, 43.60,
2007,23, 0.477,299.11, 74.64,  9.93, 42.28,
2007,24, 0.478,298.73, 68.32, 17.45, 42.88,
2007,25, 0.478,298.18, 65.76, 27.12, 46.44,
2007,26, 0.478,298.17, 66.85, 30.42, 48.64,
2007,27, 0.478,298.35, 69.04, 31.58, 50.31,
2007,28, 0.473,298.24, 70.22, 36.46, 53.34,
2007,29, 0.464,298.19, 70.41, 41.24, 55.82,
2007,30, 0.450,298.30, 68.31, 43.38, 55.85,
2007,31, 0.430,298.29, 62.89, 42.48, 52.69,
2007,32, 0.413,298.51, 58.72, 36.59, 47.66,
2007,33, 0.398,298.47, 55.80, 28.10, 41.95,
2007,34, 0.380,297.93, 52.64, 17.11, 34.87,
2007,35, 0.364,296.93, 52.00, 12.25, 32.13,
2007,36, 0.349,295.57, 54.19,  9.87, 32.03,
2007,37, 0.331,293.72, 57.10,  9.20, 33.15,
2007,38, 0.316,291.99, 60.76,  8.16, 34.46,
2007,39, 0.298,290.10, 61.56,  9.29, 35.43,
2007,40, 0.278,287.96, 62.90, 11.27, 37.09,
2007,41, 0.257,285.18, 66.21, 18.55, 42.38,
2007,42, 0.229,281.86, 66.49, 33.37, 49.93,
2007,43, 0.200,278.54, 65.47, 41.43, 53.45,
2007,44, 0.171,275.14, 63.52, 43.51, 53.51,
2007,45, 0.142,271.29, 57.05, 48.54, 52.79,
2007,46, 0.115,267.78, 49.08, 51.61, 50.35,
2007,47, 0.092,264.78, 42.17, 52.86, 47.51,
2007,48, 0.075,262.87, 38.42, 52.42, 45.42,
2007,49, 0.065,261.49, 36.32, 50.94, 43.63,
2007,50, 0.058,261.03, 35.73, 40.74, 38.23,
2007,51, 0.057,261.94, 40.07, 31.62, 35.84,
2007,52, 0.059,262.69, 47.28, 25.40, 36.34,
2008, 1, 0.060,263.51, 55.18, 19.22, 37.20,
2008, 2, 0.063,264.41, 64.40, 13.36, 38.88,
2008, 3, 0.065,265.06, 71.61, 10.50, 41.06,
2008, 4, 0.064,266.05, 72.85,  9.10, 40.98,
2008, 5, 0.063,267.04, 70.41, 10.05, 40.23,
2008, 6, 0.067,268.34, 68.87, 11.46, 40.16,
2008, 7, 0.077,270.38, 65.56, 11.57, 38.56,
2008, 8, 0.088,272.56, 60.85, 10.47, 35.66,
2008, 9, 0.098,274.33, 58.86, 11.49, 35.18,
2008,10, 0.111,275.59, 60.27, 16.54, 38.41,
2008,11, 0.130,277.69, 63.46, 16.60, 40.03,
2008,12, 0.143,279.71, 63.36, 20.35, 41.86,
2008,13, 0.164,281.60, 65.87, 23.63, 44.75,
2008,14, 0.196,284.27, 72.97, 21.28, 47.12,
2008,15, 0.233,286.67, 78.35, 19.85, 49.10,
2008,16, 0.277,288.54, 83.44, 22.21, 52.82,
2008,17, 0.318,289.76, 85.09, 31.81, 58.45,
2008,18, 0.355,290.57, 83.15, 44.33, 63.74,
2008,19, 0.390,291.60, 81.35, 51.22, 66.29,
2008,20, 0.418,292.43, 78.06, 57.15, 67.60,
2008,21, 0.444,293.13, 77.52, 61.04, 69.28,
2008,22, 0.469,293.77, 79.34, 60.50, 69.92,
2008,23, 0.490,294.36, 82.73, 60.02, 71.38,
2008,24, 0.508,294.99, 87.78, 57.90, 72.84,
2008,25, 0.512,295.17, 88.79, 59.66, 74.23,
2008,26, 0.513,295.76, 89.51, 55.32, 72.42,
2008,27, 0.510,296.49, 89.53, 49.98, 69.75,
2008,28, 0.499,296.64, 86.71, 51.89, 69.30,
2008,29, 0.491,296.91, 86.58, 53.37, 69.98,
2008,30, 0.480,297.57, 85.44, 50.14, 67.79,
2008,31, 0.462,297.40, 81.22, 50.75, 65.99,
2008,32, 0.449,297.22, 79.62, 49.08, 64.35,
2008,33, 0.434,297.54, 77.48, 37.53, 57.50,
2008,34, 0.412,297.28, 71.01, 24.11, 47.56,
2008,35, 0.383,296.64, 63.42, 15.33, 39.38,
2008,36, 0.351,295.26, 55.76, 13.62, 34.69,
2008,37, 0.315,293.34, 47.99, 14.15, 31.07,
2008,38, 0.283,291.33, 42.52, 16.54, 29.53,
2008,39, 0.262,289.67, 41.79, 14.77, 28.28,
2008,40, 0.244,288.11, 43.70,  9.91, 26.81,
2008,41, 0.229,286.52, 49.71,  4.30, 27.00,
2008,42, 0.217,285.16, 59.33,  0.72, 30.02,
2008,43, 0.204,283.37, 69.14,  0.29, 34.72,
2008,44, 0.187,280.69, 75.87,  0.67, 38.27,
2008,45, 0.171,278.21, 80.65,  1.37, 41.01,
2008,46, 0.153,276.10, 82.32,  1.64, 41.98,
2008,47, 0.133,273.18, 81.69,  5.48, 43.58,
2008,48, 0.112,269.40, 77.70, 17.95, 47.83,
2008,49, 0.093,265.54, 69.10, 31.61, 50.36,
2008,50, 0.076,262.08, 58.90, 36.45, 47.68,
2008,51, 0.066,259.25, 53.63, 45.29, 49.46,
2008,52, 0.060,257.36, 51.65, 51.42, 51.54,
2009, 1, 0.052,255.84, 45.37, 57.17, 51.27,
2009, 2, 0.045,255.29, 38.25, 60.24, 49.25,
2009, 3, 0.040,255.87, 34.06, 58.98, 46.52,
2009, 4, 0.036,257.01, 30.25, 55.52, 42.89,
2009, 5, 0.035,258.70, 29.58, 49.68, 39.63,
2009, 6, 0.037,260.53, 29.74, 46.02, 37.88,
2009, 7, 0.042,262.79, 29.19, 43.77, 36.48,
2009, 8, 0.049,264.80, 29.00, 43.74, 36.37,
2009, 9, 0.060,266.67, 32.41, 45.47, 38.94,
2009,10, 0.074,269.33, 36.80, 45.46, 41.13,
2009,11, 0.094,272.72, 42.90, 41.15, 42.02,
2009,12, 0.120,276.45, 50.98, 37.45, 44.22,
2009,13, 0.149,280.33, 58.43, 31.07, 44.75,
2009,14, 0.184,283.99, 66.94, 23.20, 45.07,
2009,15, 0.219,287.16, 71.85, 16.66, 44.26,
2009,16, 0.251,289.60, 71.75, 14.59, 43.17,
2009,17, 0.281,291.79, 68.88, 15.08, 41.98,
2009,18, 0.309,293.18, 64.28, 20.61, 42.45,
2009,19, 0.342,294.36, 61.04, 25.16, 43.10,
2009,20, 0.379,295.37, 60.51, 28.09, 44.30,
2009,21, 0.419,295.87, 65.52, 32.44, 48.98,
2009,22, 0.453,296.44, 71.05, 32.37, 51.71,
2009,23, 0.477,297.44, 75.32, 26.97, 51.14,
2009,24, 0.493,298.26, 78.46, 22.15, 50.30,
2009,25, 0.502,298.59, 81.50, 22.47, 51.99,
2009,26, 0.499,298.44, 79.91, 27.48, 53.69,
2009,27, 0.494,298.42, 79.02, 30.73, 54.88,
2009,28, 0.485,298.36, 77.96, 35.27, 56.62,
2009,29, 0.473,298.04, 75.81, 42.77, 59.29,
2009,30, 0.462,297.80, 75.55, 48.03, 61.79,
2009,31, 0.452,297.63, 75.77, 48.59, 62.18,
2009,32, 0.440,297.32, 74.63, 47.98, 61.31,
2009,33, 0.428,297.18, 73.84, 41.39, 57.62,
2009,34, 0.413,296.92, 71.77, 28.43, 50.10,
2009,35, 0.391,296.18, 67.94, 20.80, 44.37,
2009,36, 0.366,294.86, 64.07, 18.39, 41.23,
2009,37, 0.338,292.86, 61.10, 20.07, 40.59,
2009,38, 0.308,290.13, 56.68, 31.66, 44.17,
2009,39, 0.274,287.30, 48.45, 44.18, 46.31,
2009,40, 0.236,284.71, 39.83, 48.58, 44.21,
2009,41, 0.199,282.04, 32.41, 53.09, 42.75,
2009,42, 0.164,278.56, 26.30, 66.38, 46.34,
2009,43, 0.129,274.24, 19.57, 77.24, 48.41,
2009,44, 0.100,270.09, 14.71, 80.63, 47.67,
2009,45, 0.078,267.03,  9.68, 76.11, 42.90,
2009,46, 0.066,264.54, 10.27, 70.52, 40.40,
2009,47, 0.059,261.91, 13.78, 69.40, 41.59,
2009,48, 0.054,259.90, 18.36, 68.88, 43.62,
2009,49, 0.052,258.15, 23.24, 68.27, 45.75,
2009,50, 0.050,255.55, 26.94, 69.02, 47.98,
2009,51, 0.049,253.36, 30.66, 73.49, 52.07,
2009,52, 0.047,252.07, 31.83, 76.32, 54.08,
2010, 1, 0.035,252.47, 18.74, 72.57, 45.65,
2010, 2, 0.033,253.28, 18.74, 69.40, 44.07,
2010, 3, 0.031,252.99, 18.50, 72.85, 45.68,
2010, 4, 0.029,253.13, 18.77, 74.24, 46.51,
2010, 5, 0.026,253.56, 16.39, 72.71, 44.55,
2010, 6, 0.023,254.61, 12.55, 70.45, 41.50,
2010, 7, 0.023,255.83,  9.79, 70.75, 40.27,
2010, 8, 0.023,256.98,  7.74, 73.71, 40.72,
2010, 9, 0.026,258.87,  8.46, 75.03, 41.75,
2010,10, 0.035,261.89, 11.41, 74.70, 43.06,
2010,11, 0.048,265.28, 16.35, 72.93, 44.64,
2010,12, 0.068,270.04, 23.25, 67.08, 45.16,
2010,13, 0.094,275.57, 30.61, 56.28, 43.44,
2010,14, 0.128,280.56, 39.71, 43.26, 41.48,
2010,15, 0.166,285.23, 47.31, 29.13, 38.22,
2010,16, 0.210,288.64, 53.56, 21.37, 37.47,
2010,17, 0.256,291.18, 58.37, 20.00, 39.18,
2010,18, 0.301,293.28, 61.06, 19.78, 40.42,
2010,19, 0.347,295.08, 63.34, 18.74, 41.04,
2010,20, 0.388,296.36, 64.65, 18.76, 41.71,
2010,21, 0.424,297.16, 67.72, 19.48, 43.60,
2010,22, 0.453,298.01, 70.14, 16.95, 43.54,
2010,23, 0.472,298.90, 71.21, 13.14, 42.18,
2010,24, 0.481,299.67, 69.55,  9.26, 39.41,
2010,25, 0.481,300.31, 67.68,  7.04, 37.36,
2010,26, 0.473,300.95, 63.49,  5.46, 34.47,
2010,27, 0.465,301.52, 60.39,  4.65, 32.52,
2010,28, 0.450,302.00, 55.44,  4.81, 30.13,
2010,29, 0.434,302.57, 51.50,  4.96, 28.23,
2010,30, 0.419,303.12, 49.76,  4.80, 27.28,
2010,31, 0.396,302.95, 42.72,  5.34, 24.03,
2010,32, 0.372,302.20, 34.44,  6.54, 20.49,
2010,33, 0.349,300.76, 27.93,  8.89, 18.41,
2010,34, 0.334,298.47, 27.24, 13.42, 20.33,
2010,35, 0.327,296.48, 32.34, 18.66, 25.50,
2010,36, 0.319,294.26, 37.97, 26.20, 32.08,
2010,37, 0.313,292.15, 46.96, 29.17, 38.07,
2010,38, 0.303,289.85, 53.79, 35.53, 44.66,
2010,39, 0.295,287.39, 59.75, 43.42, 51.59,
2010,40, 0.282,284.97, 65.16, 46.25, 55.71,
2010,41, 0.266,282.71, 71.12, 46.43, 58.78,
2010,42, 0.246,281.06, 75.42, 41.78, 58.60,
2010,43, 0.223,279.44, 79.24, 33.39, 56.32,
2010,44, 0.191,277.03, 76.76, 27.92, 52.34,
2010,45, 0.158,273.93, 69.57, 29.73, 49.65,
2010,46, 0.129,270.53, 61.59, 34.48, 48.04,
2010,47, 0.103,266.39, 53.00, 43.14, 48.07,
2010,48, 0.083,262.24, 47.25, 54.89, 51.07,
2010,49, 0.068,258.42, 40.05, 64.18, 52.11,
2010,50, 0.057,255.10, 34.41, 67.78, 51.10,
2010,51, 0.047,252.84, 28.00, 72.02, 50.01,
2010,52, 0.042,252.23, 25.64, 72.86, 49.25,
2011, 1, 0.037,252.29, 22.88, 72.90, 47.89,
2011, 2, 0.034,253.21, 21.04, 70.06, 45.55,
2011, 3, 0.032,254.29, 20.65, 67.02, 43.83,
2011, 4, 0.030,255.28, 20.08, 64.30, 42.19,
2011, 5, 0.031,256.20, 23.84, 61.60, 42.72,
2011, 6, 0.035,257.52, 26.34, 59.56, 42.95,
2011, 7, 0.039,259.81, 25.93, 56.70, 41.32,
2011, 8, 0.042,261.91, 22.46, 56.46, 39.46,
2011, 9, 0.048,264.27, 23.77, 56.29, 40.03,
2011,10, 0.060,267.37, 27.24, 54.46, 40.85,
2011,11, 0.073,270.23, 30.71, 53.23, 41.97,
2011,12, 0.095,273.40, 37.55, 52.87, 45.21,
2011,13, 0.119,276.93, 43.29, 49.65, 46.47,
2011,14, 0.148,280.66, 49.59, 43.05, 46.32,
2011,15, 0.178,284.78, 52.86, 32.47, 42.67,
2011,16, 0.209,288.75, 52.90, 20.66, 36.78,
2011,17, 0.242,291.65, 52.21, 15.96, 34.08,
2011,18, 0.282,293.86, 53.29, 14.44, 33.87,
2011,19, 0.329,295.32, 55.51, 16.25, 35.88,
2011,20, 0.374,296.31, 58.27, 19.17, 38.72,
2011,21, 0.421,297.25, 66.04, 18.48, 42.26,
2011,22, 0.453,298.01, 70.38, 16.54, 43.46,
2011,23, 0.470,298.50, 70.04, 16.35, 43.20,
2011,24, 0.472,298.21, 63.92, 23.13, 43.52,
2011,25, 0.472,297.73, 62.24, 31.89, 47.06,
2011,26, 0.475,297.51, 64.91, 37.17, 51.04,
2011,27, 0.476,297.32, 68.40, 41.62, 55.01,
2011,28, 0.478,297.39, 74.42, 44.57, 59.49,
2011,29, 0.478,297.35, 79.10, 49.11, 64.10,
2011,30, 0.474,297.14, 82.75, 53.94, 68.34,
2011,31, 0.470,296.98, 85.88, 54.45, 70.17,
2011,32, 0.459,296.38, 85.29, 56.90, 71.09,
2011,33, 0.448,295.83, 85.21, 55.22, 70.22,
2011,34, 0.442,295.79, 87.88, 41.61, 64.74,
2011,35, 0.427,295.37, 87.75, 30.87, 59.31,
2011,36, 0.404,294.41, 85.14, 24.02, 54.58,
2011,37, 0.373,293.28, 80.24, 14.95, 47.60,
2011,38, 0.341,291.88, 74.92,  9.91, 42.41,
2011,39, 0.310,290.06, 68.23, 10.14, 39.19,
2011,40, 0.280,287.92, 64.86, 12.22, 38.54,
2011,41, 0.257,285.66, 67.08, 13.83, 40.46,
2011,42, 0.233,283.30, 69.47, 19.16, 44.32,
2011,43, 0.211,280.93, 73.31, 20.79, 47.05,
2011,44, 0.194,278.84, 80.04, 14.36, 47.20,
2011,45, 0.179,276.82, 85.04, 10.50, 47.77,
2011,46, 0.159,274.41, 86.41, 11.51, 48.96,
2011,47, 0.138,272.06, 85.20, 11.50, 48.35,
2011,48, 0.122,270.11, 85.40, 13.70, 49.55,
2011,49, 0.113,268.30, 86.72, 17.14, 51.93,
2011,50, 0.101,266.52, 85.56, 14.05, 49.80,
2011,51, 0.089,264.10, 80.68, 21.49, 51.08,
2011,52, 0.076,260.43, 70.68, 36.02, 53.35,
2012, 1, 0.067,256.65, 64.65, 50.91, 57.78,
2012, 2, 0.061,253.33, 61.53, 63.64, 62.58,
2012, 3, 0.055,251.84, 56.60, 71.15, 63.88,
2012, 4, 0.051,251.90, 52.92, 75.24, 64.08,
2012, 5, 0.050,254.06, 51.83, 70.50, 61.17,
2012, 6, 0.050,256.25, 45.69, 64.85, 55.27,
2012, 7, 0.046,257.71, 32.57, 65.17, 48.87,
2012, 8, 0.045,259.81, 25.15, 64.76, 44.95,
2012, 9, 0.046,262.26, 22.19, 64.14, 43.16,
2012,10, 0.053,265.16, 23.16, 63.74, 43.45,
2012,11, 0.068,268.65, 27.91, 60.26, 44.08,
2012,12, 0.089,272.65, 34.67, 56.15, 45.41,
2012,13, 0.113,276.74, 40.07, 50.21, 45.14,
2012,14, 0.140,280.77, 45.93, 42.14, 44.04,
2012,15, 0.176,284.96, 51.57, 31.15, 41.36,
2012,16, 0.219,288.64, 57.65, 21.46, 39.56,
2012,17, 0.276,291.67, 67.07, 16.07, 41.57,
2012,18, 0.328,293.84, 72.00, 15.13, 43.56,
2012,19, 0.371,295.44, 72.82, 15.53, 44.18,
2012,20, 0.401,296.38, 69.83, 18.75, 44.29,
2012,21, 0.420,296.77, 65.36, 23.80, 44.58,
2012,22, 0.458,298.12, 72.69, 16.16, 44.42,
2012,23, 0.475,298.56, 72.96, 16.55, 44.75,
2012,24, 0.482,298.78, 70.86, 17.82, 44.34,
2012,25, 0.485,298.92, 70.79, 20.02, 45.40,
2012,26, 0.484,298.92, 70.40, 23.33, 46.86,
2012,27, 0.484,299.72, 72.84, 19.18, 46.01,
2012,28, 0.479,299.91, 73.78, 21.30, 47.54,
2012,29, 0.468,299.79, 71.84, 26.69, 49.26,
2012,30, 0.458,299.71, 72.42, 30.87, 51.64,
2012,31, 0.448,299.52, 72.14, 31.59, 51.87,
2012,32, 0.436,299.03, 71.41, 31.92, 51.67,
2012,33, 0.423,298.13, 70.17, 31.81, 50.99,
2012,34, 0.410,296.96, 69.32, 28.27, 48.79,
2012,35, 0.395,295.58, 69.35, 28.47, 48.91,
2012,36, 0.386,294.55, 74.50, 22.20, 48.35,
2012,37, 0.377,293.65, 81.03, 12.07, 46.55,
2012,38, 0.358,292.24, 81.99,  9.07, 45.53,
2012,39, 0.336,290.50, 80.67,  9.02, 44.84,
2012,40, 0.315,288.66, 81.30,  8.34, 44.82,
2012,41, 0.284,286.10, 79.04, 11.72, 45.38,
2012,42, 0.245,283.42, 73.31, 18.60, 45.95,
2012,43, 0.214,280.96, 71.29, 20.83, 46.06,
2012,44, 0.186,278.17, 70.83, 19.82, 45.33,
2012,45, 0.162,275.30, 69.68, 20.81, 45.25,
2012,46, 0.135,271.90, 65.36, 26.45, 45.91,
2012,47, 0.107,268.29, 57.03, 32.88, 44.96,
2012,48, 0.081,264.16, 46.27, 45.98, 46.13,
2012,49, 0.066,260.68, 39.51, 55.69, 47.60,
2012,50, 0.056,257.87, 33.95, 57.45, 45.70,
2012,51, 0.045,255.11, 26.19, 64.34, 45.26,
2012,52, 0.041,253.07, 23.87, 70.39, 47.13,
2013, 1, 0.045,251.78, 32.12, 73.12, 52.62,
2013, 2, 0.042,251.36, 30.46, 73.53, 52.00,
2013, 3, 0.038,251.12, 28.01, 75.34, 51.68,
2013, 4, 0.039,251.47, 32.15, 76.93, 54.54,
2013, 5, 0.041,253.16, 37.01, 73.38, 55.19,
2013, 6, 0.043,255.22, 35.99, 68.48, 52.24,
2013, 7, 0.045,257.21, 31.63, 66.64, 49.14,
2013, 8, 0.052,260.29, 30.16, 62.62, 46.39,
2013, 9, 0.060,263.24, 31.27, 59.86, 45.56,
2013,10, 0.069,265.43, 32.05, 61.99, 47.02,
2013,11, 0.080,266.81, 33.23, 67.24, 50.24,
2013,12, 0.094,268.47, 35.73, 73.18, 54.45,
2013,13, 0.113,271.64, 38.78, 73.69, 56.24,
2013,14, 0.140,275.98, 43.83, 68.29, 56.06,
2013,15, 0.178,280.98, 50.32, 57.88, 54.10,
2013,16, 0.224,285.89, 57.21, 43.94, 50.58,
2013,17, 0.274,289.55, 62.60, 36.63, 49.62,
2013,18, 0.326,292.05, 67.86, 33.05, 50.46,
2013,19, 0.369,293.62, 69.26, 33.18, 51.22,
2013,20, 0.405,294.64, 69.32, 35.76, 52.54,
2013,21, 0.437,295.71, 71.38, 34.81, 53.10,
2013,22, 0.461,296.29, 72.46, 34.99, 53.73,
2013,23, 0.483,296.59, 74.92, 36.90, 55.91,
2013,24, 0.496,296.87, 76.25, 38.01, 57.13,
2013,25, 0.500,297.32, 77.07, 36.80, 56.94,
2013,26, 0.497,297.48, 74.65, 37.76, 56.20,
2013,27, 0.492,297.32, 72.14, 42.34, 57.24,
2013,28, 0.483,296.91, 68.43, 49.74, 59.08,
2013,29, 0.474,296.59, 66.76, 56.51, 61.64,
2013,30, 0.466,296.59, 67.74, 59.09, 63.42,
2013,31, 0.453,296.42, 66.32, 59.71, 63.02,
2013,32, 0.432,295.92, 61.16, 61.50, 61.33,
2013,33, 0.410,295.26, 55.93, 61.25, 58.59,
2013,34, 0.376,293.92, 46.68, 63.78, 55.23,
2013,35, 0.330,291.34, 33.96, 78.95, 56.45,
2013,36, 0.289,289.05, 26.38, 85.53, 55.95,
2013,37, 0.259,287.25, 24.23, 85.82, 55.02,
2013,38, 0.241,285.93, 25.57, 82.59, 54.08,
2013,39, 0.226,284.23, 27.03, 80.33, 53.68,
2013,40, 0.210,282.44, 28.26, 73.19, 50.72,
2013,41, 0.190,280.94, 29.44, 63.71, 46.58,
2013,42, 0.176,279.51, 34.31, 52.85, 43.58,
2013,43, 0.165,278.22, 42.15, 40.97, 41.56,
2013,44, 0.150,277.17, 47.97, 26.09, 37.03,
2013,45, 0.138,276.21, 53.22, 14.92, 34.07,
2013,46, 0.125,274.26, 57.61, 12.73, 35.17,
2013,47, 0.111,271.84, 59.47, 13.13, 36.30,
2013,48, 0.096,268.98, 59.74, 19.57, 39.65,
2013,49, 0.084,266.10, 56.87, 27.78, 42.33,
2013,50, 0.074,264.12, 53.81, 26.18, 40.00,
2013,51, 0.065,261.65, 49.17, 32.60, 40.88,
2013,52, 0.060,259.69, 47.37, 38.44, 42.91,
2014, 1, 0.058,257.66, 49.66, 45.61, 47.64,
2014, 2, 0.057,255.93, 52.38, 51.75, 52.06,
2014, 3, 0.058,255.08, 56.94, 56.30, 56.62,
2014, 4, 0.062,255.74, 66.37, 56.58, 61.48,
2014, 5, 0.070,258.06, 75.57, 50.49, 63.03,
2014, 6, 0.080,262.01, 79.88, 38.37, 59.12,
2014, 7, 0.095,266.67, 79.02, 26.68, 52.85,
2014, 8, 0.114,271.20, 78.12, 16.08, 47.10,
2014, 9, 0.136,275.05, 81.45,  8.44, 44.95,
2014,10, 0.159,278.56, 85.78,  4.37, 45.08,
2014,11, 0.179,281.24, 87.05,  2.80, 44.93,
2014,12, 0.198,283.27, 87.81,  4.74, 46.28,
2014,13, 0.215,284.86, 87.21,  7.26, 47.24,
2014,14, 0.234,286.41, 87.35,  9.64, 48.49,
2014,15, 0.258,287.91, 86.32, 13.00, 49.66,
2014,16, 0.288,289.85, 84.95, 15.62, 50.29,
2014,17, 0.326,291.56, 84.26, 20.72, 52.49,
2014,18, 0.362,292.79, 82.24, 26.86, 54.55,
2014,19, 0.396,294.16, 80.31, 28.39, 54.35,
2014,20, 0.424,295.03, 77.74, 32.20, 54.97,
2014,21, 0.447,295.26, 76.06, 39.54, 57.80,
2014,22, 0.465,295.43, 74.76, 43.71, 59.24,
2014,23, 0.488,295.90, 77.95, 43.97, 60.96,
2014,24, 0.500,296.01, 79.02, 47.19, 63.10,
2014,25, 0.505,296.04, 79.70, 50.44, 65.07,
2014,26, 0.504,296.17, 79.33, 51.15, 65.24,
2014,27, 0.504,296.50, 79.36, 50.22, 64.79,
2014,28, 0.501,296.70, 78.68, 51.72, 65.20,
2014,29, 0.496,297.05, 78.91, 52.28, 65.60,
2014,30, 0.488,297.45, 79.17, 51.33, 65.25,
2014,31, 0.475,297.62, 77.32, 48.80, 63.06,
2014,32, 0.458,297.58, 74.52, 45.62, 60.07,
2014,33, 0.438,297.22, 70.67, 40.95, 55.81,
2014,34, 0.414,296.63, 66.64, 32.42, 49.53,
2014,35, 0.384,295.78, 61.34, 27.19, 44.26,
2014,36, 0.355,294.76, 58.76, 23.39, 41.07,
2014,37, 0.328,293.63, 57.18, 19.22, 38.20,
2014,38, 0.299,292.19, 53.72, 17.74, 35.73,
2014,39, 0.273,289.87, 49.52, 21.16, 35.34,
2014,40, 0.251,287.31, 48.70, 23.60, 36.15,
2014,41, 0.228,284.70, 48.92, 25.86, 37.39,
2014,42, 0.204,282.01, 50.19, 30.30, 40.25,
2014,43, 0.182,279.45, 52.21, 31.37, 41.79,
2014,44, 0.157,277.32, 52.41, 25.01, 38.71,
2014,45, 0.138,275.12, 52.88, 22.00, 37.44,
2014,46, 0.118,272.53, 51.79, 22.88, 37.34,
2014,47, 0.101,270.08, 51.06, 22.88, 36.97,
2014,48, 0.086,267.00, 49.75, 29.98, 39.87,
2014,49, 0.075,263.51, 48.10, 40.30, 44.20,
2014,50, 0.069,261.15, 48.44, 40.06, 44.25,
2014,51, 0.064,259.14, 48.25, 43.84, 46.05,
2014,52, 0.061,257.88, 48.99, 46.46, 47.72,
2015, 1, 0.060,256.61, 52.46, 50.31, 51.38,
2015, 2, 0.059,256.21, 54.50, 50.40, 52.45,
2015, 3, 0.057,256.90, 55.09, 47.48, 51.28,
2015, 4, 0.057,258.04, 57.83, 45.36, 51.60,
2015, 5, 0.059,259.52, 59.50, 43.37, 51.44,
2015, 6, 0.061,261.15, 55.33, 41.73, 48.53,
2015, 7, 0.066,263.47, 49.11, 39.61, 44.36,
2015, 8, 0.076,267.21, 47.57, 32.46, 40.01,
2015, 9, 0.090,271.27, 50.24, 24.27, 37.26,
2015,10, 0.109,275.20, 55.03, 18.97, 37.00,
2015,11, 0.129,278.42, 59.61, 15.56, 37.58,
2015,12, 0.148,280.73, 62.56, 16.77, 39.67,
2015,13, 0.165,282.74, 63.27, 18.20, 40.74,
2015,14, 0.183,284.69, 63.82, 19.53, 41.67,
2015,15, 0.208,287.29, 64.12, 17.07, 40.59,
2015,16, 0.240,290.34, 64.23, 12.06, 38.14,
2015,17, 0.279,292.72, 64.89, 11.44, 38.17,
2015,18, 0.321,293.99, 65.83, 16.67, 41.25,
2015,19, 0.359,294.84, 65.31, 22.61, 43.96,
2015,20, 0.400,295.77, 67.19, 25.41, 46.30,
2015,21, 0.439,297.09, 71.94, 21.17, 46.55,
2015,22, 0.464,297.32, 73.73, 24.54, 49.14,
2015,23, 0.487,297.55, 77.21, 26.78, 51.99,
2015,24, 0.504,297.70, 80.96, 28.99, 54.98,
2015,25, 0.511,297.45, 83.57, 35.33, 59.45,
2015,26, 0.512,297.14, 83.71, 41.19, 62.45,
2015,27, 0.512,296.91, 83.85, 46.28, 65.07,
2015,28, 0.510,296.82, 83.69, 50.55, 67.12,
2015,29, 0.504,296.85, 83.39, 54.09, 68.74,
2015,30, 0.498,297.05, 83.64, 54.87, 69.25,
2015,31, 0.488,297.23, 83.73, 52.30, 68.01,
2015,32, 0.471,297.32, 81.06, 48.05, 64.56,
2015,33, 0.452,297.28, 77.69, 40.34, 59.01,
2015,34, 0.428,296.95, 73.75, 28.64, 51.19,
2015,35, 0.396,296.26, 67.77, 21.47, 44.62,
2015,36, 0.366,295.68, 63.89, 13.29, 38.59,
2015,37, 0.339,294.67, 62.79,  8.51, 35.65,
2015,38, 0.318,293.16, 62.88,  7.92, 35.40,
2015,39, 0.298,290.99, 62.32,  9.73, 36.03,
2015,40, 0.278,287.94, 63.00, 17.41, 40.20,
2015,41, 0.258,285.04, 65.75, 22.66, 44.21,
2015,42, 0.233,282.46, 66.87, 26.32, 46.60,
2015,43, 0.204,279.14, 66.15, 33.99, 50.07,
2015,44, 0.172,276.73, 62.88, 29.50, 46.19,
2015,45, 0.141,274.73, 56.24, 24.72, 40.48,
2015,46, 0.115,271.89, 50.33, 26.81, 38.57,
2015,47, 0.095,269.19, 45.92, 27.96, 36.94,
2015,48, 0.080,266.79, 44.22, 31.14, 37.68,
2015,49, 0.071,264.56, 43.44, 35.37, 39.40,
2015,50, 0.065,262.53, 43.72, 34.02, 38.87,
2015,51, 0.059,259.90, 42.40, 40.66, 41.53,
2015,52, 0.055,257.48, 41.19, 48.42, 44.80,
2016, 1, 0.054,254.85, 43.18, 58.27, 50.72,
2016, 2, 0.052,253.73, 45.45, 61.60, 53.52,
2016, 3, 0.052,254.25, 49.13, 59.53, 54.33,
2016, 4, 0.055,255.64, 54.46, 56.42, 55.44,
2016, 5, 0.059,258.54, 59.69, 47.83, 53.76,
2016, 6, 0.065,261.93, 59.91, 38.39, 49.15,
2016, 7, 0.071,264.92, 54.86, 33.95, 44.40,
2016, 8, 0.079,267.33, 50.36, 32.77, 41.56,
2016, 9, 0.086,268.94, 47.94, 35.61, 41.77,
2016,10, 0.095,271.03, 47.32, 38.01, 42.66,
2016,11, 0.126,275.46, 57.96, 28.80, 43.38,
2016,12, 0.146,278.39, 61.77, 27.41, 44.59,
2016,13, 0.166,281.16, 63.78, 25.95, 44.87,
2016,14, 0.188,283.82, 65.74, 24.16, 44.95,
2016,15, 0.211,285.91, 65.31, 25.93, 45.62,
2016,16, 0.240,288.41, 64.08, 25.89, 44.99,
2016,17, 0.274,290.01, 62.50, 33.08, 47.79,
2016,18, 0.308,290.06, 60.70, 50.98, 55.84,
2016,19, 0.342,290.44, 58.44, 62.88, 60.66,
2016,20, 0.378,291.61, 57.57, 65.84, 61.71,
2016,21, 0.411,292.73, 59.00, 65.81, 62.40,
2016,22, 0.437,293.28, 60.00, 66.13, 63.07,
2016,23, 0.459,293.69, 61.47, 67.31, 64.39,
2016,24, 0.480,294.65, 66.63, 62.06, 64.34,
2016,25, 0.498,295.73, 75.48, 54.01, 64.75,
2016,26, 0.503,296.12, 78.71, 51.79, 65.25,
2016,27, 0.508,296.61, 82.08, 49.27, 65.67,
2016,28, 0.511,297.04, 84.47, 48.46, 66.47,
2016,29, 0.509,297.24, 85.99, 50.52, 68.26,
2016,30, 0.503,297.20, 86.90, 53.58, 70.24,
2016,31, 0.493,296.95, 86.40, 54.84, 70.62,
2016,32, 0.480,296.58, 85.82, 55.09, 70.45,
2016,33, 0.467,296.33, 85.85, 50.05, 67.95,
2016,34, 0.447,295.49, 83.39, 45.42, 64.41,
2016,35, 0.420,294.23, 79.77, 45.08, 62.42,
2016,36, 0.391,293.26, 76.51, 39.52, 58.01,
2016,37, 0.354,291.39, 70.23, 42.43, 56.33,
2016,38, 0.307,288.85, 57.65, 52.12, 54.88,
2016,39, 0.263,285.42, 45.11, 67.58, 56.35,
2016,40, 0.226,282.10, 36.45, 76.42, 56.44,
2016,41, 0.195,279.26, 32.43, 80.60, 56.51,
2016,42, 0.166,275.71, 28.44, 87.43, 57.93,
2016,43, 0.139,272.59, 26.12, 85.87, 56.00,
2016,44, 0.114,269.68, 23.64, 80.67, 52.16,
2016,45, 0.094,267.05, 21.73, 74.74, 48.23,
2016,46, 0.081,264.37, 22.28, 70.77, 46.53,
2016,47, 0.070,261.56, 23.20, 70.14, 46.67,
2016,48, 0.062,259.62, 26.28, 68.68, 47.48,
2016,49, 0.059,258.00, 30.99, 67.50, 49.25,
2016,50, 0.054,256.20, 30.37, 64.89, 47.63,
2016,51, 0.047,254.60, 28.22, 65.72, 46.97,
2016,52, 0.044,253.67, 27.64, 66.39, 47.01,
2017, 1, 0.045,253.32, 31.23, 66.04, 48.64,
2017, 2, 0.044,253.37, 33.71, 64.02, 48.87,
2017, 3, 0.044,253.65, 36.39, 63.22, 49.80,
2017, 4, 0.048,254.79, 44.27, 61.05, 52.66,
2017, 5, 0.052,256.38, 50.25, 58.28, 54.26,
2017, 6, 0.057,258.68, 51.20, 52.98, 52.09,
2017, 7, 0.066,262.50, 49.59, 43.96, 46.77,
2017, 8, 0.079,267.29, 50.30, 32.21, 41.25,
2017, 9, 0.100,272.47, 56.94, 19.25, 38.10,
2017,10, 0.122,276.60, 63.35, 12.85, 38.10,
2017,11, 0.144,279.87, 67.82,  9.00, 38.41,
2017,12, 0.165,282.28, 71.02,  9.40, 40.21,
2017,13, 0.185,284.73, 73.15,  7.90, 40.52,
2017,14, 0.207,286.70, 74.74,  7.99, 41.36,
2017,15, 0.231,288.57, 74.52,  8.71, 41.62,
2017,16, 0.260,290.69, 73.05,  9.58, 41.32,
2017,17, 0.292,292.23, 70.45, 15.49, 42.97,
2017,18, 0.325,293.32, 67.74, 22.49, 45.11,
2017,19, 0.358,294.28, 64.77, 27.77, 46.27,
2017,20, 0.386,295.02, 61.01, 32.89, 46.95,
2017,21, 0.412,295.37, 59.22, 39.01, 49.12,
2017,22, 0.433,295.36, 57.74, 45.22, 51.48,
2017,23, 0.455,295.86, 59.17, 45.05, 52.11,
2017,24, 0.476,296.49, 64.03, 42.56, 53.29,
2017,25, 0.489,296.44, 69.80, 46.58, 58.19,
2017,26, 0.495,296.43, 73.79, 48.76, 61.27,
2017,27, 0.501,296.47, 77.48, 50.73, 64.10,
2017,28, 0.502,296.40, 79.38, 54.54, 66.96,
2017,29, 0.499,296.45, 80.97, 57.80, 69.38,
2017,30, 0.496,296.81, 83.07, 57.00, 70.04,
2017,31, 0.487,297.23, 83.71, 52.22, 67.96,
2017,32, 0.473,297.42, 82.64, 46.97, 64.81,
2017,33, 0.453,297.07, 78.52, 42.36, 60.44,
2017,34, 0.426,296.35, 72.54, 35.62, 54.08,
2017,35, 0.396,295.53, 67.32, 29.94, 48.63,
2017,36, 0.367,294.58, 64.43, 25.09, 44.76,
2017,37, 0.336,292.73, 61.46, 28.43, 44.95,
2017,38, 0.305,290.53, 56.88, 35.01, 45.95,
2017,39, 0.275,287.74, 51.18, 43.63, 47.41,
2017,40, 0.238,284.02, 42.75, 57.19, 49.97,
2017,41, 0.195,280.29, 32.06, 70.43, 51.24,
2017,42, 0.157,276.48, 23.82, 80.67, 52.24,
2017,43, 0.127,272.71, 18.95, 85.11, 52.03,
2017,44, 0.102,269.47, 15.94, 82.01, 48.97,
2017,45, 0.082,266.25, 12.86, 79.54, 46.20,
2017,46, 0.068,262.94, 12.15, 78.71, 45.43,
2017,47, 0.059,260.21, 13.71, 77.32, 45.52,
2017,48, 0.053,258.02, 17.93, 77.07, 47.50,
2017,49, 0.051,256.05, 23.21, 76.94, 50.08,
2017,50, 0.048,254.34, 24.48, 73.70, 49.09,
2017,51, 0.046,253.75, 27.75, 69.59, 48.67,
2017,52, 0.046,254.35, 32.66, 63.62, 48.14,
2018, 1, 0.048,254.84, 36.56, 58.33, 47.44,
2018, 2, 0.049,255.46, 41.08, 53.77, 47.43,
2018, 3, 0.049,255.87, 45.47, 53.62, 49.54,
2018, 4, 0.051,255.83, 50.31, 56.32, 53.32,
2018, 5, 0.051,255.77, 50.08, 61.41, 55.75,
2018, 6, 0.051,255.78, 44.94, 66.07, 55.51,
2018, 7, 0.052,256.36, 35.81, 72.02, 53.91,
2018, 8, 0.056,258.50, 30.35, 74.00, 52.17,
2018, 9, 0.061,260.41, 29.45, 72.88, 51.16,
2018,10, 0.064,262.18, 28.78, 75.82, 52.30,
2018,11, 0.074,264.35, 28.99, 79.17, 54.08,
2018,12, 0.092,267.95, 33.09, 76.44, 54.77,
2018,13, 0.117,272.76, 39.82, 67.35, 53.59,
2018,14, 0.155,279.17, 50.09, 50.83, 50.46,
2018,15, 0.194,284.11, 56.91, 38.12, 47.52,
2018,16, 0.234,287.93, 61.87, 29.66, 45.77,
2018,17, 0.276,290.59, 64.03, 28.37, 46.20,
2018,18, 0.322,292.24, 66.65, 31.69, 49.17,
2018,19, 0.366,293.77, 68.44, 32.02, 50.23,
2018,20, 0.404,294.90, 69.24, 33.71, 51.47,
2018,21, 0.437,295.68, 71.43, 35.60, 53.51,
2018,22, 0.462,296.39, 73.15, 34.42, 53.78,
2018,23, 0.482,296.57, 74.89, 37.37, 56.13,
2018,24, 0.498,296.54, 77.59, 41.86, 59.72,
2018,25, 0.509,296.70, 82.24, 43.64, 62.94,
2018,26, 0.512,296.56, 84.18, 47.30, 65.74,
2018,27, 0.511,296.15, 83.80, 53.73, 68.76,
2018,28, 0.508,295.95, 83.24, 58.84, 71.04,
2018,29, 0.504,296.18, 83.73, 60.27, 72.00,
2018,30, 0.497,296.62, 83.88, 58.75, 71.32,
2018,31, 0.487,296.90, 83.42, 55.30, 69.36,
2018,32, 0.473,297.35, 82.94, 47.71, 65.33,
2018,33, 0.456,297.59, 80.22, 36.96, 58.59,
2018,34, 0.433,297.35, 76.35, 23.83, 50.09,
2018,35, 0.404,296.94, 72.07, 13.30, 42.69,
2018,36, 0.373,296.19, 67.59,  7.34, 37.46,
2018,37, 0.343,294.82, 64.96,  6.35, 35.66,
2018,38, 0.317,292.83, 62.65, 10.81, 36.73,
2018,39, 0.298,290.67, 62.52, 12.52, 37.52,
2018,40, 0.282,288.66, 65.12,  9.55, 37.34,
2018,41, 0.259,286.32, 66.25,  9.34, 37.80,
2018,42, 0.233,284.21, 67.06, 10.14, 38.60,
2018,43, 0.205,281.33, 66.70, 16.30, 41.50,
2018,44, 0.175,278.44, 64.65, 16.82, 40.74,
2018,45, 0.148,274.81, 61.03, 23.99, 42.51,
2018,46, 0.124,271.27, 57.27, 30.24, 43.76,
2018,47, 0.104,267.91, 53.69, 34.82, 44.25,
2018,48, 0.083,263.90, 47.03, 46.09, 46.56,
2018,49, 0.065,259.60, 38.16, 59.32, 48.74,
2018,50, 0.053,255.62, 29.88, 67.01, 48.45,
2018,51, 0.046,253.20, 27.04, 71.55, 49.30,
2018,52, 0.042,252.29, 25.68, 72.12, 48.90,
2019, 1, 0.043,251.49, 28.97, 73.91, 51.44,
2019, 2, 0.041,251.55, 29.71, 72.05, 50.88,
2019, 3, 0.039,252.14, 29.80, 69.97, 49.88,
2019, 4, 0.040,253.11, 33.74, 68.48, 51.11,
2019, 5, 0.044,255.27, 40.24, 62.75, 51.50,
2019, 6, 0.048,256.86, 41.17, 60.26, 50.72,
2019, 7, 0.054,259.09, 38.73, 57.65, 48.19,
2019, 8, 0.065,262.83, 39.52, 50.68, 45.10,
2019, 9, 0.078,266.86, 42.33, 42.91, 42.62,
2019,10, 0.097,271.55, 48.22, 34.37, 41.30,
2019,11, 0.123,276.31, 56.48, 24.38, 40.43,
2019,12, 0.148,280.58, 62.64, 16.74, 39.69,
2019,13, 0.167,283.85, 64.68, 11.88, 38.28,
2019,14, 0.190,286.42, 67.35,  9.12, 38.23,
2019,15, 0.216,288.61, 67.97,  8.12, 38.04,
2019,16, 0.244,290.44, 66.36, 11.15, 38.76,
2019,17, 0.278,291.99, 64.88, 16.98, 40.93,
2019,18, 0.317,293.24, 64.63, 22.64, 43.63,
2019,19, 0.356,294.08, 64.64, 28.94, 46.79,
2019,20, 0.397,294.97, 66.29, 32.69, 49.49,
2019,21, 0.433,295.88, 69.61, 33.05, 51.33,
2019,22, 0.459,296.27, 71.51, 34.95, 53.23,
2019,23, 0.483,296.82, 75.58, 34.15, 54.87,
2019,24, 0.502,297.36, 80.23, 32.33, 56.28,
2019,25, 0.509,297.47, 82.33, 34.78, 58.55,
2019,26, 0.508,297.35, 81.54, 38.78, 60.16,
2019,27, 0.505,297.06, 79.79, 44.50, 62.14,
2019,28, 0.499,296.81, 77.69, 50.24, 63.96,
2019,29, 0.492,296.78, 76.75, 54.41, 65.58,
2019,30, 0.479,296.84, 74.41, 56.63, 65.52,
2019,31, 0.465,297.25, 72.52, 51.93, 62.22,
2019,32, 0.449,297.29, 70.14, 48.13, 59.14,
2019,33, 0.430,297.08, 66.55, 42.26, 54.41,
2019,34, 0.405,296.99, 61.79, 27.98, 44.89,
2019,35, 0.372,296.49, 55.47, 18.40, 36.93,
2019,36, 0.340,295.74, 51.18, 12.13, 31.65,
2019,37, 0.307,294.41, 47.27, 10.59, 28.93,
2019,38, 0.279,292.63, 44.08, 12.83, 28.45,
2019,39, 0.255,290.66, 41.07, 12.45, 26.76,
2019,40, 0.232,288.71, 39.23,  8.96, 24.10,
2019,41, 0.211,286.66, 40.48,  5.86, 23.17,
2019,42, 0.186,284.28, 40.34,  9.41, 24.87,
2019,43, 0.160,281.42, 39.28, 15.08, 27.18,
2019,44, 0.139,279.01, 40.26, 12.34, 26.30,
2019,45, 0.122,276.72, 41.60, 11.19, 26.39,
2019,46, 0.107,274.01, 42.45, 13.86, 28.16,
2019,47, 0.092,271.56, 42.24, 14.23, 28.24,
2019,48, 0.081,269.57, 44.61, 16.19, 30.40,
2019,49, 0.073,267.58, 45.01, 20.27, 32.64,
2019,50, 0.065,265.33, 43.55, 19.96, 31.76,
2019,51, 0.060,262.99, 43.58, 25.93, 34.76,
2019,52, 0.057,261.83, 45.18, 28.14, 36.66,
2020, 1, 0.057,261.08, 48.89, 29.30, 39.09,
2020, 2, 0.057,260.95, 53.48, 27.93, 40.71,
2020, 3, 0.057,261.38, 59.19, 26.18, 42.68,
2020, 4, 0.061,262.17, 66.31, 25.99, 46.15,
2020, 5, 0.067,263.72, 73.74, 24.28, 49.01,
2020, 6, 0.077,265.88, 76.99, 21.42, 49.21,
2020, 7, 0.090,269.06, 74.44, 16.58, 45.51,
2020, 8, 0.107,272.86, 72.81,  8.91, 40.86,
2020, 9, 0.127,276.18, 75.70,  3.51, 39.60,
2020,10, 0.146,279.10, 78.38,  1.94, 40.16,
2020,11, 0.165,281.54, 79.86,  1.27, 40.57,
2020,12, 0.181,283.84, 79.77,  1.83, 40.80,
2020,13, 0.194,285.73, 77.64,  2.52, 40.08,
2020,14, 0.205,287.26, 73.94,  4.58, 39.26,
2020,15, 0.214,288.48, 67.06,  9.17, 38.12,
2020,16, 0.223,289.45, 56.89, 18.80, 37.85,
2020,17, 0.231,290.65, 45.30, 28.60, 36.95,
2020,18,-1.000, -1.00, -1.00, -1.00, -1.00,
2020,19,-1.000, -1.00, -1.00, -1.00, -1.00,
2020,20,-1.000, -1.00, -1.00, -1.00, -1.00,
2020,21,-1.000, -1.00, -1.00, -1.00, -1.00,
2020,22,-1.000, -1.00, -1.00, -1.00, -1.00,
2020,23,-1.000, -1.00, -1.00, -1.00, -1.00,
2020,24,-1.000, -1.00, -1.00, -1.00, -1.00,
2020,25,-1.000, -1.00, -1.00, -1.00, -1.00,
2020,26,-1.000, -1.00, -1.00, -1.00, -1.00,
2020,27,-1.000, -1.00, -1.00, -1.00, -1.00,
2020,28,-1.000, -1.00, -1.00, -1.00, -1.00,
2020,29,-1.000, -1.00, -1.00, -1.00, -1.00,
2020,30,-1.000, -1.00, -1.00, -1.00, -1.00,
2020,31,-1.000, -1.00, -1.00, -1.00, -1.00,
2020,32,-1.000, -1.00, -1.00, -1.00, -1.00,
2020,33,-1.000, -1.00, -1.00, -1.00, -1.00,
2020,34,-1.000, -1.00, -1.00, -1.00, -1.00,
2020,35,-1.000, -1.00, -1.00, -1.00, -1.00,
2020,36,-1.000, -1.00, -1.00, -1.00, -1.00,
2020,37,-1.000, -1.00, -1.00, -1.00, -1.00,
2020,38,-1.000, -1.00, -1.00, -1.00, -1.00,
2020,39,-1.000, -1.00, -1.00, -1.00, -1.00,
2020,40,-1.000, -1.00, -1.00, -1.00, -1.00,
2020,41,-1.000, -1.00, -1.00, -1.00, -1.00,
2020,42,-1.000, -1.00, -1.00, -1.00, -1.00,
2020,43,-1.000, -1.00, -1.00, -1.00, -1.00,
2020,44,-1.000, -1.00, -1.00, -1.00, -1.00,
2020,45,-1.000, -1.00, -1.00, -1.00, -1.00,
2020,46,-1.000, -1.00, -1.00, -1.00, -1.00,
2020,47,-1.000, -1.00, -1.00, -1.00, -1.00,
2020,48,-1.000, -1.00, -1.00, -1.00, -1.00,
2020,49,-1.000, -1.00, -1.00, -1.00, -1.00,
2020,50,-1.000, -1.00, -1.00, -1.00, -1.00,
2020,51,-1.000, -1.00, -1.00, -1.00, -1.00,
2020,52,-1.000, -1.00, -1.00, -1.00, -1.00,
</pre></tt>